gateway-web	Run pnpm test	﻿2026-10-06T05:03:56.0914789Z ##[group]Run pnpm test
gateway-web	Run pnpm test	2026-10-06T05:03:56.0915321Z ^[[36;1mpnpm test^[[0m
gateway-web	Run pnpm test	2026-10-06T05:03:56.0973104Z shell: C:\Program Files\PowerShell\7\pwsh.EXE -command ". '{0}'"
gateway-web	Run pnpm test	2026-10-06T05:03:56.0973571Z env:
gateway-web	Run pnpm test	2026-10-06T05:03:56.0973995Z   PNPM_HOME: C:\Users\runneradmin\setup-pnpm\node_modules\.bin
gateway-web	Run pnpm test	2026-10-06T05:03:56.0974431Z ##[endgroup]
gateway-web	Run pnpm test	2026-10-06T05:03:56.7366650Z $ node --test tests/*.test.mjs
gateway-web	Run pnpm test	2026-10-06T05:03:56.9327642Z ✔ UXI-301 android: the Kotlin term table equals the contract EXACTLY, in both directions (7.1019ms)
gateway-web	Run pnpm test	2026-10-06T05:03:56.9329708Z ✔ UXI-301 android: the Kotlin state and action tables equal the contract (0.4791ms)
gateway-web	Run pnpm test	2026-10-06T05:03:56.9331462Z ✔ UXI-301 android: Kotlin severity agrees with the contract class wherever the class carries meaning (0.4057ms)
gateway-web	Run pnpm test	2026-10-06T05:03:56.9351277Z ✔ UXI-301 android: the parity guard would actually fail on drift (0.327ms)
gateway-web	Run pnpm test	2026-10-06T05:03:56.9352919Z ✔ UXI-390: Android action wiring equals the web surface wiring map (0.8423ms)
gateway-web	Run pnpm test	2026-10-06T05:03:56.9488445Z ✔ Android UI evidence parser preserves single-quoted JSON and double-quoted attributes (3.9401ms)
gateway-web	Run pnpm test	2026-10-06T05:03:56.9535746Z ✔ a committed record from one embodiment is visible to another embodiment of the same assistant (3.8139ms)
gateway-web	Run pnpm test	2026-10-06T05:03:56.9546638Z ✔ two embodiments keep different local context while sharing one authoritative identity (1.5852ms)
gateway-web	Run pnpm test	2026-10-06T05:03:56.9560777Z ✔ disconnecting one embodiment does not terminate the assistant while another remains (0.7955ms)
gateway-web	Run pnpm test	2026-10-06T05:03:56.9562910Z ✔ embodiment-local transient state never leaks into shared state unless promoted (1.8397ms)
gateway-web	Run pnpm test	2026-10-06T05:03:56.9575721Z ✔ concurrent promotion attempts are settled by revision checks, not last-writer-wins (0.7321ms)
gateway-web	Run pnpm test	2026-10-06T05:03:56.9622939Z ✔ promotion is idempotent and rejects key reuse with a different payload (0.5218ms)
gateway-web	Run pnpm test	2026-10-06T05:03:56.9641947Z ✔ authoritative state never holds user identity, authority or raw secrets (0.9165ms)
gateway-web	Run pnpm test	2026-10-06T05:03:56.9669230Z ✔ disclosure is limited by audience and requested scopes (0.9025ms)
gateway-web	Run pnpm test	2026-10-06T05:03:56.9671057Z ✔ recovery keeps the logical assistant and its durable records across a restart (1.1149ms)
gateway-web	Run pnpm test	2026-10-06T05:03:56.9674160Z ✔ a process restart refuses old sessions and stale local scratch as authority (1.2097ms)
gateway-web	Run pnpm test	2026-10-06T05:03:56.9685165Z ✔ in-process recovery expires live sessions until the device re-fetches authority (0.7666ms)
gateway-web	Run pnpm test	2026-10-06T05:03:56.9695522Z ✔ one expired embodiment does not disturb the other embodiments of the same assistant (0.4767ms)
gateway-web	Run pnpm test	2026-10-06T05:03:56.9724724Z ✔ the assistant profile port is a versioned seam with a deterministic double (0.6074ms)
gateway-web	Run pnpm test	2026-10-06T05:03:56.9728423Z ✔ core contract flags state the one-identity-many-projections invariant (0.2419ms)
gateway-web	Run pnpm test	2026-10-06T05:03:56.9731324Z ✔ authority and user-identity state cannot be promoted under a different spelling (0.46ms)
gateway-web	Run pnpm test	2026-10-06T05:03:56.9741906Z ✔ a raw secret cannot be promoted under a plural or camelCase spelling (0.3055ms)
gateway-web	Run pnpm test	2026-10-06T05:03:56.9745474Z ✔ an embodiment reference from a previous epoch never names a live embodiment (0.5475ms)
gateway-web	Run pnpm test	2026-10-06T05:03:56.9774235Z ✔ a tampered snapshot cannot install authority, a secret, an unpromotable scope or an unknown audience as truth (1.1356ms)
gateway-web	Run pnpm test	2026-10-06T05:03:56.9791888Z ✔ a retry carrying a different payload is refused, not silently replayed (0.3829ms)
gateway-web	Run pnpm test	2026-10-06T05:03:57.0561277Z ✔ two assistants hold different duties and proactivity over one authorized user context (6.5792ms)
gateway-web	Run pnpm test	2026-10-06T05:03:57.0568356Z ✔ out-of-duty requests are refused or delegated without changing permissions (1.055ms)
gateway-web	Run pnpm test	2026-10-06T05:03:57.0569858Z ✔ effective permission is the four-axis intersection and a lease never substitutes for it (3.0026ms)
gateway-web	Run pnpm test	2026-10-06T05:03:57.0577979Z ✔ a handoff to a less-privileged assistant stays less privileged (1.5434ms)
gateway-web	Run pnpm test	2026-10-06T05:03:57.0580924Z ✔ permission is recomputed after handoff, device change, reconnect and capability change (1.6457ms)
gateway-web	Run pnpm test	2026-10-06T05:03:57.0587727Z ✔ proactivity levels bound initiative and notification audiences (0.8965ms)
gateway-web	Run pnpm test	2026-10-06T05:03:57.0593309Z ✔ the policy engine is strict, frozen, observable and independent (1.27ms)
gateway-web	Run pnpm test	2026-10-06T05:03:57.0617058Z ✔ the deployment policy is validated and its ceiling cannot be removed (0.5571ms)
gateway-web	Run pnpm test	2026-10-06T05:03:57.0623619Z ✔ the confirmation floor comes from the deployment policy, not from the assistant (0.6048ms)
gateway-web	Run pnpm test	2026-10-06T05:03:57.0648626Z ✔ notification audiences are a list of references, not a substring match (0.8328ms)
gateway-web	Run pnpm test	2026-10-06T05:03:57.0652084Z ✔ a handoff payload cannot carry authority whatever its shape (1.1947ms)
gateway-web	Run pnpm test	2026-10-06T05:03:57.0658006Z ✔ the assistant axis is the registry own duty policy and the Core axes say so (0.764ms)
gateway-web	Run pnpm test	2026-10-06T05:03:57.0668993Z ✔ an uninterpretable instant is refused rather than recorded (1.2146ms)
gateway-web	Run pnpm test	2026-10-06T05:03:57.0674081Z ✔ the duty gate is about the action, and a named duty only narrows it (0.6648ms)
gateway-web	Run pnpm test	2026-10-06T05:03:57.0679991Z ✔ a handoff carries the capability factor and reports relative privilege honestly (0.4113ms)
gateway-web	Run pnpm test	2026-10-06T05:03:57.0686727Z ✔ a lease must be unexpired and held here to count as execution safety (0.5907ms)
gateway-web	Run pnpm test	2026-10-06T05:03:57.0695696Z ✔ a recomputation supersedes the decisions it replaces, and ids are registry scoped (0.6988ms)
gateway-web	Run pnpm test	2026-10-06T05:03:57.0905366Z ✔ embodiment events are the canonical Assistant model and transport stays non-canonical (5.9273ms)
gateway-web	Run pnpm test	2026-10-06T05:03:57.0909184Z ✔ contradictory commands from two devices cannot produce two exclusive side effects (2.1088ms)
gateway-web	Run pnpm test	2026-10-06T05:03:57.0911092Z ✔ retries and replays with the same action key never duplicate the external side effect (1.2338ms)
gateway-web	Run pnpm test	2026-10-06T05:03:57.0912449Z ✔ lease expiry, revocation and reassignment are authoritative and observable (1.7884ms)
gateway-web	Run pnpm test	2026-10-06T05:03:57.0913835Z ✔ after a disconnect nothing resumes on a stale local lease (1.9408ms)
gateway-web	Run pnpm test	2026-10-06T05:03:57.0914937Z ✔ output routing respects availability, foreground and privacy without broadcasting (1.0083ms)
gateway-web	Run pnpm test	2026-10-06T05:03:57.0916197Z ✔ the bus is strict, frozen and free of ambient state (0.9191ms)
gateway-web	Run pnpm test	2026-10-06T05:03:57.0917160Z ✔ the canonical contract allow-list is decided by own keys (0.3447ms)
gateway-web	Run pnpm test	2026-10-06T05:03:57.0918186Z ✔ a caller instant must be real, not merely well shaped (0.5489ms)
gateway-web	Run pnpm test	2026-10-06T05:03:57.0919094Z ✔ the bus policy bounds are validated rather than trusted (0.57ms)
gateway-web	Run pnpm test	2026-10-06T05:03:57.0920096Z ✔ a reconnecting device never revives a lease another holder has taken over (0.8351ms)
gateway-web	Run pnpm test	2026-10-06T05:03:57.0921096Z ✔ an action key stays the same action across renewal and reassignment (0.5283ms)
gateway-web	Run pnpm test	2026-10-06T05:03:57.0922086Z ✔ renewal retires the previous lease reference instead of aliasing it (0.5122ms)
gateway-web	Run pnpm test	2026-10-06T05:03:57.0923131Z ✔ authority is never anonymous: acting on a lease needs the holder it names (0.5523ms)
gateway-web	Run pnpm test	2026-10-06T05:03:57.0924185Z ✔ an expired lease cannot be revived with a backdated instant (0.6816ms)
gateway-web	Run pnpm test	2026-10-06T05:03:57.0925260Z ✔ reconciliation requires an authoritative lease inventory (1.3391ms)
gateway-web	Run pnpm test	2026-10-06T05:03:57.0926219Z ✔ routing never delivers to a device the bus knows is disconnected (0.6069ms)
gateway-web	Run pnpm test	2026-10-06T05:03:57.0927200Z ✔ staleness and replay absorption do not depend on an optional command reference (0.9022ms)
gateway-web	Run pnpm test	2026-10-06T05:03:57.0928187Z ✔ a refused reconciliation grants no authority (1.3821ms)
gateway-web	Run pnpm test	2026-10-06T05:03:57.0929124Z ✔ the canonical event carries the declared identity and transport correlation (1.7143ms)
gateway-web	Run pnpm test	2026-10-06T05:03:57.0930182Z ✔ an envelope field is validated and used exactly once (0.4916ms)
gateway-web	Run pnpm test	2026-10-06T05:03:57.0934797Z ✔ exclusivity is a boolean grant, not a truthy flag (0.4717ms)
gateway-web	Run pnpm test	2026-10-06T05:03:57.0936129Z ✔ an instant helper that guards decisions is not shape-only (0.1023ms)
gateway-web	Run pnpm test	2026-10-06T05:03:57.1156942Z ✔ an embodiment descriptor references Remote Fabric identity and never mints its own (8.8387ms)
gateway-web	Run pnpm test	2026-10-06T05:03:57.1163840Z ✔ a device without cross-device identity is representable, and says so (1.2622ms)
gateway-web	Run pnpm test	2026-10-06T05:03:57.1173178Z ✔ descriptor vocabularies are closed and unknown values are refused (2.3484ms)
gateway-web	Run pnpm test	2026-10-06T05:03:57.1188841Z ✔ one logical assistant inhabits PC and Android at the same time (2.0265ms)
gateway-web	Run pnpm test	2026-10-06T05:03:57.1196129Z ✔ a device refuses a second simultaneous foreground assistant (2.0697ms)
gateway-web	Run pnpm test	2026-10-06T05:03:57.1201846Z ✔ detaching the foreground assistant releases the binding (0.5992ms)
gateway-web	Run pnpm test	2026-10-06T05:03:57.1213854Z ✔ foreground A->B switches cleanly and releases the outgoing local context (0.9563ms)
gateway-web	Run pnpm test	2026-10-06T05:03:57.1215104Z ✔ a stale foreground view cannot take the device over (0.6881ms)
gateway-web	Run pnpm test	2026-10-06T05:03:57.1217401Z ✔ a foreground switch leaves an unrelated background task owned, executing and uncancelled (14.0247ms)
gateway-web	Run pnpm test	2026-10-06T05:03:57.1230011Z ✔ device-local context stays per-device and never becomes authoritative (1.0154ms)
gateway-web	Run pnpm test	2026-10-06T05:03:57.1237002Z ✔ binding reconstructs from authoritative state after a restart (1.8531ms)
gateway-web	Run pnpm test	2026-10-06T05:03:57.1244767Z ✔ a reconnecting device is refused when its local belief disagrees with authority (1.0724ms)
gateway-web	Run pnpm test	2026-10-06T05:03:57.1249983Z ✔ one assistant on many devices keeps each device independent (0.4937ms)
gateway-web	Run pnpm test	2026-10-06T05:03:57.1254120Z ✔ duplicate device identity and unknown embodiments are refused (2.9296ms)
gateway-web	Run pnpm test	2026-10-06T05:03:57.1259345Z ✔ undeclared keys inherited from Object.prototype are refused, and a prototype key never is a descriptor field (1.1714ms)
gateway-web	Run pnpm test	2026-10-06T05:03:57.1260669Z ✔ a competing physical-device identity is refused in every spelling (2.3041ms)
gateway-web	Run pnpm test	2026-10-06T05:03:57.1262691Z ✔ a foreground binding reference is never re-issued across a restart (3.549ms)
gateway-web	Run pnpm test	2026-10-06T05:03:57.1265093Z ✔ a physical device cannot be claimed twice, including by refreshing an unidentified embodiment (0.6783ms)
gateway-web	Run pnpm test	2026-10-06T05:03:57.1275011Z ✔ the single-foreground invariant is derived from physical device identity (0.7969ms)
gateway-web	Run pnpm test	2026-10-06T05:03:57.1281996Z ✔ a restored binding keeps its recovery provenance on every later read (0.5521ms)
gateway-web	Run pnpm test	2026-10-06T05:03:57.1285802Z ✔ the foreground compare-and-set token is the binding reference, not the assistant (0.364ms)
gateway-web	Run pnpm test	2026-10-06T05:03:57.1292371Z ✔ re-attaching with a different session is a session change, not an idempotent repeat (0.252ms)
gateway-web	Run pnpm test	2026-10-06T05:03:57.1809569Z ✔ switching the foreground assistant touches no task (2.573ms)
gateway-web	Run pnpm test	2026-10-06T05:03:57.1810976Z ✔ a handoff carries responsibility and never authority (1.9065ms)
gateway-web	Run pnpm test	2026-10-06T05:03:57.1825230Z ✔ a true transfer needs acceptance and leaves exactly one authoritative owner (2.4276ms)
gateway-web	Run pnpm test	2026-10-06T05:03:57.1834668Z ✔ an explicit executor move is carried by the handoff and recorded separately (0.5129ms)
gateway-web	Run pnpm test	2026-10-06T05:03:57.1836230Z ✔ a rejected or expired handoff leaves the authoritative owner unchanged (1.0994ms)
gateway-web	Run pnpm test	2026-10-06T05:03:57.1840310Z ✔ a consultation transfers nothing even when accepted (0.4691ms)
gateway-web	Run pnpm test	2026-10-06T05:03:57.1846190Z ✔ the handoff package is strict, idempotent and refuses terminal or foreign tasks (1.709ms)
gateway-web	Run pnpm test	2026-10-06T05:03:57.1860488Z ✔ unknown fields are refused even when named after Object.prototype members (0.9855ms)
gateway-web	Run pnpm test	2026-10-06T05:03:57.1869714Z ✔ a non-enumerable own authority field cannot evade the authority scan (2.4013ms)
gateway-web	Run pnpm test	2026-10-06T05:03:57.1872616Z ✔ a stale concurrent handoff cannot take ownership from a new owner (1.1221ms)
gateway-web	Run pnpm test	2026-10-06T05:03:57.1878514Z ✔ recipient authority is recomputed at takeover, not reused from proposal time (1.0166ms)
gateway-web	Run pnpm test	2026-10-06T05:03:57.1880360Z ✔ a policy lookup is own-key only, never through the prototype chain (0.3003ms)
gateway-web	Run pnpm test	2026-10-06T05:03:57.1884370Z ✔ a re-proposal under a live id is only a duplicate when it says the same thing (1.0029ms)
gateway-web	Run pnpm test	2026-10-06T05:03:57.1887828Z ✔ transition timestamps must be real instants at or after the proposal (0.6094ms)
gateway-web	Run pnpm test	2026-10-06T05:03:57.1890554Z ✔ a cyclic or over-deep handoff is refused, never a stack overflow (0.7682ms)
gateway-web	Run pnpm test	2026-10-06T05:03:57.1896854Z ✔ a calendar-impossible instant is refused, not merely shape-checked (0.2382ms)
gateway-web	Run pnpm test	2026-10-06T05:03:57.1899278Z ✔ the switch report does not invent the outgoing assistant's presence (0.207ms)
gateway-web	Run pnpm test	2026-10-06T05:03:57.1901972Z ✔ a refusal that cannot be explained is not half-applied (0.6736ms)
gateway-web	Run pnpm test	2026-10-06T05:03:57.1902924Z ✔ a transfer must declare the capabilities the recipient is judged against (0.5578ms)
gateway-web	Run pnpm test	2026-10-06T05:03:57.1904074Z ✔ the task store double does not leak or alias canonical state (0.2555ms)
gateway-web	Run pnpm test	2026-10-06T05:03:57.1904932Z ✔ a versioned task refuses a handoff built against another version (0.9679ms)
gateway-web	Run pnpm test	2026-10-06T05:03:57.2105079Z ✔ assistants are listed and selected, with the five identity roles kept distinct (6.3596ms)
gateway-web	Run pnpm test	2026-10-06T05:03:57.2106768Z ✔ profile changes propagate as committed shared state and never touch Digital-Me or tasks (2.0961ms)
gateway-web	Run pnpm test	2026-10-06T05:03:57.2113959Z ✔ foreground switching is a UI operation that transfers nothing (2.3676ms)
gateway-web	Run pnpm test	2026-10-06T05:03:57.2121588Z ✔ stale, offline and reconnecting embodiments are surfaced and never shown as authority (1.1328ms)
gateway-web	Run pnpm test	2026-10-06T05:03:57.2123986Z ✔ reserved voice/avatar adapters exist as adapters without being required now (1.2416ms)
gateway-web	Run pnpm test	2026-10-06T05:03:57.2127880Z ✔ the surface is strict, frozen and independent of ambient state (1.9782ms)
gateway-web	Run pnpm test	2026-10-06T05:03:57.2154778Z ✔ an editable field carries the kind of value its name promises (1.1046ms)
gateway-web	Run pnpm test	2026-10-06T05:03:57.2157877Z ✔ a change the surface cannot read is refused rather than dropped (1.8016ms)
gateway-web	Run pnpm test	2026-10-06T05:03:57.2160611Z ✔ the version guard is not switchable off by policy (1.9106ms)
gateway-web	Run pnpm test	2026-10-06T05:03:57.2161838Z ✔ re-registering a device never discards the binding the user chose (1.1223ms)
gateway-web	Run pnpm test	2026-10-06T05:03:57.2172343Z ✔ a task the surface cannot read is reported, not hidden (1.1206ms)
gateway-web	Run pnpm test	2026-10-06T05:03:57.2173660Z ✔ the committed-update cursor must be a version and the instants must be real (1.3087ms)
gateway-web	Run pnpm test	2026-10-06T05:03:57.2174810Z ✔ freshness needs a recent observation, not only a declared state (1.979ms)
gateway-web	Run pnpm test	2026-10-06T05:03:57.2175890Z ✔ every projection of a device gives the same freshness answer (0.6968ms)
gateway-web	Run pnpm test	2026-10-06T05:03:57.2176943Z ✔ a committed update carries the change, the previous values and the actor (1.0726ms)
gateway-web	Run pnpm test	2026-10-06T05:03:57.2179696Z ✔ a handoff or a provisional switch is never taken from a cached view (0.6984ms)
gateway-web	Run pnpm test	2026-10-06T05:03:57.2181249Z ✔ a task foreground flag is a boolean and its role reflects the data (0.4331ms)
gateway-web	Run pnpm test	2026-10-06T05:03:57.2182242Z ✔ an untypeable value is refused before anything is recorded (0.7091ms)
gateway-web	Run pnpm test	2026-10-06T05:03:57.2406630Z ✔ one authoritative task is shared by every embodiment — never duplicated per device (4.0795ms)
gateway-web	Run pnpm test	2026-10-06T05:03:57.2411032Z ✔ ownership is logical, execution is physical — sessions and devices are never the owner (2.3907ms)
gateway-web	Run pnpm test	2026-10-06T05:03:57.2421021Z ✔ mutations are versioned and typed, and conflicting updates keep a causal audit trail (2.0828ms)
gateway-web	Run pnpm test	2026-10-06T05:03:57.2433069Z ✔ foreground switching never changes owner, coordinator or executor (0.5358ms)
gateway-web	Run pnpm test	2026-10-06T05:03:57.2453975Z ✔ ownership moves only through an explicit accepted handoff, and never restarts the executor (1.5039ms)
gateway-web	Run pnpm test	2026-10-06T05:03:57.2472084Z ✔ an exclusive side effect can never have two simultaneous valid executors (0.7174ms)
gateway-web	Run pnpm test	2026-10-06T05:03:57.2474682Z ✔ device release suspends the lease, never orphans a task and never moves ownership (0.968ms)
gateway-web	Run pnpm test	2026-10-06T05:03:57.2489384Z ✔ every contract surface is closed, frozen and free of ambient state (0.5554ms)
gateway-web	Run pnpm test	2026-10-06T05:03:57.2494745Z ✔ the canonical contract allow-list is decided by own keys (0.4035ms)
gateway-web	Run pnpm test	2026-10-06T05:03:57.2502449Z ✔ a hidden authority field in a handoff is found, and a cycle does not crash the scan (0.5973ms)
gateway-web	Run pnpm test	2026-10-06T05:03:57.2505594Z ✔ a caller instant must be real, not merely well shaped (0.6428ms)
gateway-web	Run pnpm test	2026-10-06T05:03:57.2516315Z ✔ a refused patch changes nothing (0.368ms)
gateway-web	Run pnpm test	2026-10-06T05:03:57.2518530Z ✔ a released executor must revalidate its lease instead of re-issuing it (0.65ms)
gateway-web	Run pnpm test	2026-10-06T05:03:57.2534541Z ✔ an exclusive side effect cannot complete without a lease (0.6766ms)
gateway-web	Run pnpm test	2026-10-06T05:03:57.2584855Z ✔ a refused foreground change leaves the binding untouched (0.3015ms)
gateway-web	Run pnpm test	2026-10-06T05:03:57.2586590Z ✔ a device release never rewrites a settled task, and a handoff checkpoint is text (0.5044ms)
gateway-web	Run pnpm test	2026-10-06T05:03:57.2853904Z ✔ Windows manufacturer payload prefixes locator with canonical UUID bytes (1.5308ms)
gateway-web	Run pnpm test	2026-10-06T05:03:57.2857406Z ✔ BLE locator contains exactly version IPv4 and big-endian port (1.3597ms)
gateway-web	Run pnpm test	2026-10-06T05:03:57.2860999Z ✔ non-Windows adapter reports software platform error rather than hardware evidence (1.5548ms)
gateway-web	Run pnpm test	2026-10-06T05:03:57.3356161Z ✔ a fresh profile is fully normalized, descriptive and authority-free (4.2408ms)
gateway-web	Run pnpm test	2026-10-06T05:03:57.3359134Z ✔ partially specified ports receive safe defaults (0.7992ms)
gateway-web	Run pnpm test	2026-10-06T05:03:57.3360863Z ✔ two assistant identities hold independent profiles and relationship modes at the same time (12.6501ms)
gateway-web	Run pnpm test	2026-10-06T05:03:57.3367717Z ✔ a relationship change on one assistant never leaks into another assistant or its bundle (0.6088ms)
gateway-web	Run pnpm test	2026-10-06T05:03:57.3396622Z ✔ several assistant identities can be online at once and presence is idempotent (0.6037ms)
gateway-web	Run pnpm test	2026-10-06T05:03:57.3400736Z ✔ a duplicate assistant id is refused and leaves state untouched (0.3875ms)
gateway-web	Run pnpm test	2026-10-06T05:03:57.3401828Z ✔ minted assistant ids are stable, unique and honestly labelled (0.3341ms)
gateway-web	Run pnpm test	2026-10-06T05:03:57.3410183Z ✔ profiles reject embedded permission grants, execution leases and authority fields (0.5825ms)
gateway-web	Run pnpm test	2026-10-06T05:03:57.3419886Z ✔ extension namespaces cannot smuggle Digital-Me or authority namespaces (1.3619ms)
gateway-web	Run pnpm test	2026-10-06T05:03:57.3423544Z ✔ schema version and port shape are validated instead of silently accepted (1.4116ms)
gateway-web	Run pnpm test	2026-10-06T05:03:57.3435800Z ✔ unknown future attributes migrate forward without losing data (2.3905ms)
gateway-web	Run pnpm test	2026-10-06T05:03:57.3436951Z ✔ a rejected write is a no-op and schema_version cannot be patched (1.5443ms)
gateway-web	Run pnpm test	2026-10-06T05:03:57.3437909Z ✔ a stale profile write is refused instead of silently overwriting (0.5625ms)
gateway-web	Run pnpm test	2026-10-06T05:03:57.3440481Z ✔ export and import restore durable assistant state after a simulated restart (1.6149ms)
gateway-web	Run pnpm test	2026-10-06T05:03:57.3441980Z ✔ replace import touches only the target assistant and bumps its revision (0.5844ms)
gateway-web	Run pnpm test	2026-10-06T05:03:57.3443133Z ✔ import rejects Digital-Me data, authority fields and malformed bundles atomically (1.5195ms)
gateway-web	Run pnpm test	2026-10-06T05:03:57.3459796Z ✔ reset restores safe defaults for one assistant without touching the others (1.45ms)
gateway-web	Run pnpm test	2026-10-06T05:03:57.3461064Z ✔ duty labels describe a role and never grant the corresponding action (0.6826ms)
gateway-web	Run pnpm test	2026-10-06T05:03:57.3463438Z ✔ the personalization surface never writes Digital-Me state (0.5217ms)
gateway-web	Run pnpm test	2026-10-06T05:03:57.3464535Z ✔ identity lifecycle errors are typed and presence is cleaned up (1.0012ms)
gateway-web	Run pnpm test	2026-10-06T05:03:57.3465584Z ✔ applyProfilePatch merges one port level and replaces arrays (0.5657ms)
gateway-web	Run pnpm test	2026-10-06T05:03:57.3469613Z ✔ the published schema matches the runtime contract (0.6316ms)
gateway-web	Run pnpm test	2026-10-06T05:03:57.3473725Z ✔ a profile patch cannot rewrite a prototype or inject a hidden property (0.5308ms)
gateway-web	Run pnpm test	2026-10-06T05:03:57.3476833Z ✔ the Zone patch path is closed to prototype injection and leaves state untouched (0.2476ms)
gateway-web	Run pnpm test	2026-10-06T05:03:57.3478782Z ✔ a rejected patch leaves the stored profile byte-identical (0.2184ms)
gateway-web	Run pnpm test	2026-10-06T05:03:57.3479623Z ✔ inherited property names are not declared port fields (1.1312ms)
gateway-web	Run pnpm test	2026-10-06T05:03:57.3480681Z ✔ reserved keys are refused at every depth of a stored profile document (0.3466ms)
gateway-web	Run pnpm test	2026-10-06T05:03:57.3481662Z ✔ a bundle refuses a reserved key anywhere, including inside an extension value (0.4891ms)
gateway-web	Run pnpm test	2026-10-06T05:03:57.3482685Z ✔ a reserved key cannot be registered as a personalization port (0.3113ms)
gateway-web	Run pnpm test	2026-10-06T05:03:57.3483672Z ✔ the published schema states the reserved-prototype-key rule the runtime enforces (0.5253ms)
gateway-web	Run pnpm test	2026-10-06T05:04:11.2381078Z ✔ document bytes flow through real readers and into temporary knowledge (13759.3855ms)
gateway-web	Run pnpm test	2026-10-06T05:04:11.2382647Z ✔ evidence review is deterministic and tampering never gets rehashed (4.6806ms)
gateway-web	Run pnpm test	2026-10-06T05:04:11.2391184Z ✔ theme generation returns a reproducible PNG and validation (60.9452ms)
gateway-web	Run pnpm test	2026-10-06T05:04:11.2394111Z ✔ future promoted module stays pending and all five existing adapters still execute (21.5295ms)
gateway-web	Run pnpm test	2026-10-06T05:04:11.2395217Z ✔ malformed and oversized inputs have explicit refusals (27.2441ms)
gateway-web	Run pnpm test	2026-10-06T05:04:11.2584242Z ✔ dependency failure degrades the same descriptor used to gate invocations (375.8568ms)
gateway-web	Run pnpm test	2026-10-06T05:04:11.2585820Z ✔ capabilities use control auth, canonical results, typed refusal and durable history (1363.5803ms)
gateway-web	Run pnpm test	2026-10-06T05:04:11.2586862Z ✔ the per-capability degradation latch is owned by the migrated provider-resilience breaker (449.5005ms)
gateway-web	Run pnpm test	2026-10-06T05:04:28.2379979Z ✔ old SQLite results migrate without changing identity, digest or metadata, including restart (475.0195ms)
gateway-web	Run pnpm test	2026-10-06T05:04:28.2381924Z ✔ migration fails closed and rolls back earlier rows when legacy history is corrupt (394.374ms)
gateway-web	Run pnpm test	2026-10-06T05:04:28.2384112Z ✔ 560 large legacy results keep 500 summaries and 50 details; new saves remain bounded (29807.847ms)
gateway-web	Run pnpm test	2026-10-06T05:04:32.7288769Z ✔ city and list APIs send summaries only, enforce limits and retrieve individual details (4490.7481ms)
gateway-web	Run pnpm test	2026-10-06T05:04:52.5584370Z ✔ a long running invocation survives pruning and its completion remains readable (19830.1653ms)
gateway-web	Run pnpm test	2026-10-06T05:04:52.5726146Z ✔ qualified identities keep duplicate names independent and cannot replace missing dependencies (4.0773ms)
gateway-web	Run pnpm test	2026-10-06T05:04:52.5727667Z ✔ registry restricts mixed module lifecycle and exposes every dependency lifecycle (2.6664ms)
gateway-web	Run pnpm test	2026-10-06T05:04:52.5728909Z ✔ unbridged duplicate module names receive different qualified capability IDs (1.1709ms)
gateway-web	Run pnpm test	2026-10-06T05:04:52.5730124Z ✔ Theme advertises implemented generate and build operations and refuses validate (1.0795ms)
gateway-web	Run pnpm test	2026-10-06T05:04:52.5731198Z ✔ infrastructure modules are never advertised as capabilities (0.8564ms)
gateway-web	Run pnpm test	2026-10-06T05:04:52.5732583Z ✔ CEX701 owner sees canonical clone findings and explicitly recovers unbound installation without deleting other devices (8362.3586ms)
gateway-web	Run pnpm test	2026-10-06T05:04:52.5733927Z ✔ CEX701 session sees only own installation and actionable owner guidance; rebind and cross-revoke stay forbidden (2873.8493ms)
gateway-web	Run pnpm test	2026-10-06T05:04:52.5735486Z ✔ CEX701 recovery selection and owner confirmation do not survive credential changes (4087.524ms)
gateway-web	Run pnpm test	2026-10-06T05:04:52.5736643Z ✔ CEX702 ordinary Web choice records a single decline, hands off and returns actual result to same surface (4323.0157ms)
gateway-web	Run pnpm test	2026-10-06T05:04:52.5737691Z ✔ CEX702 strict target and no alternate have explicit canonical refusal without conflicting mutation (122.798ms)
gateway-web	Run pnpm test	2026-10-06T05:04:52.5738811Z ✔ CEX702 backend rejects stale decisions and withdrawn/offline alternates using current City truth (74.669ms)
gateway-web	Run pnpm test	2026-10-06T05:04:52.5739785Z ✔ CEX702 legacy decline does not authorize a stale explicit alternate replay (81.3304ms)
gateway-web	Run pnpm test	2026-10-06T05:04:52.5740873Z ✔ CEX703 fresh user opens live catalog without failed Ask and selection never executes (2449.9737ms)
gateway-web	Run pnpm test	2026-10-06T05:04:52.5741965Z ✔ CEX703 catalog action follows existing confirmation before any City task exists (4633.8449ms)
gateway-web	Run pnpm test	2026-10-06T05:04:52.5743062Z ✔ CEX703 uncertain selected-request retry preserves exact selection and idempotency key (3243.8484ms)
gateway-web	Run pnpm test	2026-10-06T05:04:52.5744514Z ✔ CEX704 guarded native generation keeps active session fixed and requires fresh terminal state (164.175ms)
gateway-web	Run pnpm test	2026-10-06T05:04:52.5745677Z ✔ CEX705 canonical scoped management preserves rename/sharing/message/revoke authority and reconnect identity (190.1885ms)
gateway-web	Run pnpm test	2026-10-06T05:04:52.5746918Z ✔ each member sees itself first and all City devices by admission name, with real message receipt (4614.516ms)
gateway-web	Run pnpm test	2026-10-06T05:04:52.5747929Z ✔ real joined devices retain names, appear beside the host and may register only their own worker (268.7188ms)
gateway-web	Run pnpm test	2026-10-06T05:04:52.5750507Z ✔ two members exchange messages with explicit receipt and sender identity cannot be forged (91.3349ms)
gateway-web	Run pnpm test	2026-10-06T05:04:52.5757017Z ✔ member B actually computes a task from A; disabling sharing and revoke prevents further claims (261.173ms)
gateway-web	Run pnpm test	2026-10-06T05:04:52.5761121Z ✔ new admission cannot take the host or an existing member identity, even with a valid short code (125.2682ms)
gateway-web	Run pnpm test	2026-10-06T05:04:52.5769216Z ✔ an active browser session refresh actually extends expiry while preserving its installation scope (37.6935ms)
gateway-web	Run pnpm test	2026-10-06T05:04:52.5770571Z ✔ local primary control surface can switch only its own computing resources (50.864ms)
gateway-web	Run pnpm test	2026-10-06T05:04:52.5771581Z ✔ custom City name is canonical across snapshot, pairing, discovery descriptor and restart (92.7127ms)
gateway-web	Run pnpm test	2026-10-06T05:04:52.5778321Z ✔ Settings changes the visible City name and keeps editing stable across snapshots (6188.0823ms)
gateway-web	Run pnpm test	2026-10-06T05:04:52.5782520Z ✔ Road rejects missing array elements instead of producing null serialized entries (2.8446ms)
gateway-web	Run pnpm test	2026-10-06T05:04:52.5785429Z ✔ Road preserves section order, deterministic IDs and explicit temporary unverified ownership (0.7001ms)
gateway-web	Run pnpm test	2026-10-06T05:04:52.5795679Z ✔ Road accepts empty documents and preserves empty heading and text without coercion (0.1314ms)
gateway-web	Run pnpm test	2026-10-06T05:04:52.5808089Z ✔ Road refuses malformed document boundaries and never accepts caller trust injection (0.3204ms)
gateway-web	Run pnpm test	2026-10-06T05:04:52.5820048Z ✔ Road output validation rejects permanence, trust escalation and reordered IDs (0.1602ms)
gateway-web	Run pnpm test	2026-10-06T05:04:52.5822108Z ✔ Bridge Road extraction preserves all six published document retrieval digests (348.6151ms)
gateway-web	Run pnpm test	2026-10-06T05:04:52.5823807Z ✔ scope: local, lan, remote and unknown are distinguished, and an address we hold is never called "nearby" (1.0902ms)
gateway-web	Run pnpm test	2026-10-06T05:04:52.5824757Z ✔ the list always contains this machine, and offers to use it (1.1016ms)
gateway-web	Run pnpm test	2026-10-06T05:04:52.5825648Z ✔ the list is NOT fixed at two: any number of PCs is listed, in one list (8.7311ms)
gateway-web	Run pnpm test	2026-10-06T05:04:52.5826538Z ✔ each PC offers the actions that make sense for it, and none that do not (0.9323ms)
gateway-web	Run pnpm test	2026-10-06T05:04:52.5827623Z ✔ a remembered PC that discovery did NOT find is still listed, because that is when the address matters (0.4322ms)
gateway-web	Run pnpm test	2026-10-06T05:04:52.5828624Z ✔ discovery and memory overlap constantly, and a PC is never listed twice (0.2494ms)
gateway-web	Run pnpm test	2026-10-06T05:04:52.5829592Z ✔ the recommendation is attached to a row, so the list and the recommendation cannot disagree (0.2523ms)
gateway-web	Run pnpm test	2026-10-06T05:04:52.5830751Z ✔ a machine with no telemetry is marked as thin evidence rather than being scored as if it were measured (0.267ms)
gateway-web	Run pnpm test	2026-10-06T05:04:52.5831539Z ✔ row count is bounded and the discarded overlap is stated rather than silently dropped (0.8562ms)
gateway-web	Run pnpm test	2026-10-06T05:04:52.5832277Z ✔ the fallback channels are DESCRIBED, not moved: the entry controls stay where the app renders them (1.1266ms)
gateway-web	Run pnpm test	2026-10-06T05:04:52.5832940Z ✔ rendering is escaped and carries its action as data (0.3002ms)
gateway-web	Run pnpm test	2026-10-06T05:04:52.5833588Z ✔ an empty world renders an honest sentence, not an empty list (0.116ms)
gateway-web	Run pnpm test	2026-10-06T05:04:52.5834397Z ✔ capability summaries report only what was measured, and say unknown when nothing was (0.1347ms)
gateway-web	Run pnpm test	2026-10-06T05:04:52.5835159Z ✔ different assistants receive different authorized scopes from the same Digital-Me (3.7176ms)
gateway-web	Run pnpm test	2026-10-06T05:04:52.5836138Z ✔ a denied scope is a typed refusal with no partial leakage (0.4009ms)
gateway-web	Run pnpm test	2026-10-06T05:04:52.5836773Z ✔ assistant profile and relationship changes never change canonical records (0.6214ms)
gateway-web	Run pnpm test	2026-10-06T05:04:52.5837462Z ✔ a private fact is not surfaced through another audience without disclosure authorization (1.3931ms)
gateway-web	Run pnpm test	2026-10-06T05:04:52.5838171Z ✔ cross-assistant private memory is never visible to another assistant (0.3563ms)
gateway-web	Run pnpm test	2026-10-06T05:04:52.5838765Z ✔ least data by default, with values only when the purpose needs them (0.5416ms)
gateway-web	Run pnpm test	2026-10-06T05:04:52.5839735Z ✔ stale context is reported rather than served, and device-ephemeral context is never durable (0.6947ms)
gateway-web	Run pnpm test	2026-10-06T05:04:52.5840402Z ✔ every projection carries provenance, and the surface is strict (0.4128ms)
gateway-web	Run pnpm test	2026-10-06T05:04:52.5841237Z ✔ record fields named after Object.prototype members are refused (0.5845ms)
gateway-web	Run pnpm test	2026-10-06T05:04:52.5841847Z ✔ a replayed or future-dated record is never served as current (0.7517ms)
gateway-web	Run pnpm test	2026-10-06T05:04:52.5842455Z ✔ a policy grant is read from the policy itself, never from the prototype chain (0.5977ms)
gateway-web	Run pnpm test	2026-10-06T05:04:52.5843034Z ✔ a SENSITIVE record is not released like an ordinary one (0.6965ms)
gateway-web	Run pnpm test	2026-10-06T05:04:52.5843615Z ✔ a cyclic or over-deep record is a typed refusal, not a stack overflow (0.7358ms)
gateway-web	Run pnpm test	2026-10-06T05:04:52.5844213Z ✔ a calendar-impossible instant is refused, not merely shape-checked (0.1791ms)
gateway-web	Run pnpm test	2026-10-06T05:04:52.5844801Z ✔ a record must be a bare own-property object (0.2037ms)
gateway-web	Run pnpm test	2026-10-06T05:04:52.5845323Z ✔ assistant-private memory belongs to the assistant that owns it (0.3623ms)
gateway-web	Run pnpm test	2026-10-06T05:04:52.5846014Z ✔ the port hands out copies, and refuses two records under one id (0.3868ms)
gateway-web	Run pnpm test	2026-10-06T05:04:52.5846656Z ✔ a malformed record refuses the whole query before anything is assembled (0.4013ms)
gateway-web	Run pnpm test	2026-10-06T05:04:52.5847246Z ✔ the gateway does not read authority from a live policy object (0.2302ms)
gateway-web	Run pnpm test	2026-10-06T05:04:52.5847850Z ✔ values are released only for an explicit includeValues boolean (0.5181ms)
gateway-web	Run pnpm test	2026-10-06T05:04:52.5848425Z ✔ device-ephemeral context cannot smuggle durable or sensitive facts (0.4356ms)
gateway-web	Run pnpm test	2026-10-06T05:04:52.5849044Z ✔ one attention_id is one logical question however many projections it carries (2.0006ms)
gateway-web	Run pnpm test	2026-10-06T05:04:52.5849686Z ✔ the current interaction device always carries the actionable projection (0.9514ms)
gateway-web	Run pnpm test	2026-10-06T05:04:52.5850329Z ✔ only the configured 2-3 recent eligible devices receive auxiliary projections (0.5633ms)
gateway-web	Run pnpm test	2026-10-06T05:04:52.5851016Z ✔ recent devices are ranked by user interaction, never by uptime or heartbeat (8.4929ms)
gateway-web	Run pnpm test	2026-10-06T05:04:52.5851704Z ✔ the first valid acknowledgement closes the question globally and withdraws the rest (0.5572ms)
gateway-web	Run pnpm test	2026-10-06T05:04:52.5852358Z ✔ a response routes back to the originating connector whichever device answered (0.6534ms)
gateway-web	Run pnpm test	2026-10-06T05:04:52.5853350Z ✔ reconnect, refresh and repeated delivery never ring the same epoch twice (1.3821ms)
gateway-web	Run pnpm test	2026-10-06T05:04:52.5854236Z ✔ quiet, full-screen and protected use suppress sound but keep the notification (0.3959ms)
gateway-web	Run pnpm test	2026-10-06T05:04:52.5854897Z ✔ a non-blocking informational event is delivered visibly without ringing (0.3991ms)
gateway-web	Run pnpm test	2026-10-06T05:04:52.5855471Z ✔ withdrawal closes a question, and the envelope is strict (0.8081ms)
gateway-web	Run pnpm test	2026-10-06T05:04:52.5856026Z ✔ attention fields named after Object.prototype members are refused (0.2807ms)
gateway-web	Run pnpm test	2026-10-06T05:04:52.5856624Z ✔ a "recent" device is bounded on both sides, and never duplicated (0.3055ms)
gateway-web	Run pnpm test	2026-10-06T05:04:52.5857193Z ✔ a different question under a live attention id is refused (0.3385ms)
gateway-web	Run pnpm test	2026-10-06T05:04:52.5857739Z ✔ a malformed instant cannot half-apply a transition (0.3913ms)
gateway-web	Run pnpm test	2026-10-06T05:04:52.5858222Z ✔ a response routes exactly once (0.2782ms)
gateway-web	Run pnpm test	2026-10-06T05:04:52.5859102Z ✔ a response that cannot be stored is refused before the routing is committed (0.3059ms)
gateway-web	Run pnpm test	2026-10-06T05:04:52.5859921Z ✔ canonical state holds handle references, never plaintext secrets (3.9174ms)
gateway-web	Run pnpm test	2026-10-06T05:04:52.5860763Z ✔ each auth mode maps to exactly one reference kind, and NONE needs no handle (1.7777ms)
gateway-web	Run pnpm test	2026-10-06T05:04:52.5861688Z ✔ secret values are absent from logs and errors even when the secure store fails (0.7312ms)
gateway-web	Run pnpm test	2026-10-06T05:04:52.5862691Z ✔ an expired session becomes EXPIRED/NEEDS_USER with a job-scoped AttentionEnvelope (0.9356ms)
gateway-web	Run pnpm test	2026-10-06T05:04:52.5863554Z ✔ restart restores permitted persistent session references, and only those (1.5739ms)
gateway-web	Run pnpm test	2026-10-06T05:04:52.5864404Z ✔ missing secure-store support degrades honestly with no plaintext fallback (0.8503ms)
gateway-web	Run pnpm test	2026-10-06T05:04:52.5865436Z ✔ legacy DeepSeek env discovery is consumable through the abstraction without becoming the schema (1.0186ms)
gateway-web	Run pnpm test	2026-10-06T05:04:52.5866703Z ✔ the profile contract is declarative, versioned and lifecycle-honest (1.9459ms)
gateway-web	Run pnpm test	2026-10-06T05:04:52.5868761Z ✔ a handle reference that is secret material never reaches canonical state (1.374ms)
gateway-web	Run pnpm test	2026-10-06T05:04:52.5869746Z ✔ binding refuses an ambiguous secret-or-handle request (0.7067ms)
gateway-web	Run pnpm test	2026-10-06T05:04:52.5871771Z ✔ an uninterpretable instant is never fresh, READY or recorded (0.6086ms)
gateway-web	Run pnpm test	2026-10-06T05:04:52.5872802Z ✔ a user-action requirement is a boolean, not a truthy flag (0.3237ms)
gateway-web	Run pnpm test	2026-10-06T05:04:52.5873947Z ✔ canonical records are plain own-key objects (0.436ms)
gateway-web	Run pnpm test	2026-10-06T05:04:52.5875132Z ✔ a cyclic caller value is refused instead of crashing the scan (0.8536ms)
gateway-web	Run pnpm test	2026-10-06T05:04:52.5876104Z ✔ restore validates a snapshot entry as strictly as a registration (0.7001ms)
gateway-web	Run pnpm test	2026-10-06T05:04:52.5877032Z ✔ revocation stays observable after the handle is cleared (0.2859ms)
gateway-web	Run pnpm test	2026-10-06T05:04:52.5879340Z ✔ a rotation revokes the handle it replaces instead of abandoning it (0.3587ms)
gateway-web	Run pnpm test	2026-10-06T05:04:52.5880333Z ✔ a well-shaped record may not carry a secret in a legitimate field (0.3881ms)
gateway-web	Run pnpm test	2026-10-06T05:04:52.5881147Z ✔ everything the scan calls a secret is redacted (0.4224ms)
gateway-web	Run pnpm test	2026-10-06T05:04:52.5881918Z ✔ a hidden own field on a snapshot entry is not copied into canonical state (0.1842ms)
gateway-web	Run pnpm test	2026-10-06T05:04:52.5882804Z ✔ legacy discovery never binds the key into a foreign default profile (0.3717ms)
gateway-web	Run pnpm test	2026-10-06T05:04:52.5883631Z ✔ a caller field is validated and stored as the same value (0.3011ms)
gateway-web	Run pnpm test	2026-10-06T05:04:52.5884471Z ✔ a refused restore installs nothing and never replaces a live profile (0.397ms)
gateway-web	Run pnpm test	2026-10-06T05:04:52.5885220Z ✔ revoke reports whether the store released the secret (0.3402ms)
gateway-web	Run pnpm test	2026-10-06T05:04:52.5887095Z ✔ freshness cannot be rewound behind the layer clock (0.3015ms)
gateway-web	Run pnpm test	2026-10-06T05:04:52.5890321Z ✔ carrying a stale expiry over a new credential is observable (0.7192ms)
gateway-web	Run pnpm test	2026-10-06T05:04:52.5891197Z ✔ the SDK validates a definition and documents what an author must supply (5.8372ms)
gateway-web	Run pnpm test	2026-10-06T05:04:52.5892151Z ✔ a synthetic third connector passes the conformance harness without core edits (3.2085ms)
gateway-web	Run pnpm test	2026-10-06T05:04:52.5893130Z ✔ adapter exceptions, timeouts and malformed results are isolated to the faulting adapter (3.4674ms)
gateway-web	Run pnpm test	2026-10-06T05:04:52.5894445Z ✔ optional provider absence is a typed state that blocks nothing and fabricates nothing (1.3153ms)
gateway-web	Run pnpm test	2026-10-06T05:04:52.5895508Z ✔ Claude Code and WorkBuddy adapters use the SDK path, and acceptance needs real host evidence (1.0656ms)
gateway-web	Run pnpm test	2026-10-06T05:04:52.5896262Z ✔ adding an adapter alters neither the EngineeringManagerPort nor the scheduling core (0.4363ms)
gateway-web	Run pnpm test	2026-10-06T05:04:52.5897155Z ✔ the SDK surface is strict, frozen and free of ambient state (0.8186ms)
gateway-web	Run pnpm test	2026-10-06T05:04:52.5898045Z ✔ a definition cannot be declared with mistyped policy fields or an impossible instant (0.303ms)
gateway-web	Run pnpm test	2026-10-06T05:04:52.5899133Z ✔ a cyclic port result crosses the boundary as a frozen cycle, not as the adapter own object (0.3023ms)
gateway-web	Run pnpm test	2026-10-06T05:04:52.5900132Z ✔ a non-cloneable port result is a typed refusal instead of a live object (0.4896ms)
gateway-web	Run pnpm test	2026-10-06T05:04:52.5901115Z ✔ the harness does not certify a connector that silently accepts an unsupported capability (0.5992ms)
gateway-web	Run pnpm test	2026-10-06T05:04:52.5902216Z ✔ the harness does not certify a connector that silently accepts an unsupported control (0.3365ms)
gateway-web	Run pnpm test	2026-10-06T05:04:52.5903331Z ✔ an enabled adapter whose product is not installed is not usable, not selected and not accepted (0.3452ms)
gateway-web	Run pnpm test	2026-10-06T05:04:52.5904350Z ✔ only a faulted adapter can be cleared, and the fault record survives the clearing (0.4917ms)
gateway-web	Run pnpm test	2026-10-06T05:04:52.5905196Z ✔ re-declaring availability cannot revive a faulted adapter (0.3013ms)
gateway-web	Run pnpm test	2026-10-06T05:04:52.5906109Z ✔ the registry refuses an adapter the SDK did not wrap, so isolation cannot be bypassed (0.2374ms)
gateway-web	Run pnpm test	2026-10-06T05:04:52.5907180Z ✔ a caller-declared acceptance says so instead of implying the SDK verified a host (0.5132ms)
gateway-web	Run pnpm test	2026-10-06T05:04:52.5908072Z ✔ an error whose code getter throws is still an isolated, typed fault (0.3462ms)
gateway-web	Run pnpm test	2026-10-06T05:04:52.5910006Z ✔ the harness refuses a connector that reports a state outside the vocabulary (0.4867ms)
gateway-web	Run pnpm test	2026-10-06T05:04:52.5910938Z ✔ the harness refuses a declared capability the connector does not report (0.9954ms)
gateway-web	Run pnpm test	2026-10-06T05:04:52.5912394Z ✔ the harness proves the unsupported-control expectation instead of skipping it (0.4311ms)
gateway-web	Run pnpm test	2026-10-06T05:04:52.5913434Z ✔ a definition whose handlers are only inherited is refused, not claimed as satisfied (0.1111ms)
gateway-web	Run pnpm test	2026-10-06T05:04:52.5914594Z ✔ a definition stores the methods it validated, including non-enumerable ones (0.2092ms)
gateway-web	Run pnpm test	2026-10-06T05:04:52.5915411Z ✔ a non-conformant connector is given no core-edit certificate (0.2387ms)
gateway-web	Run pnpm test	2026-10-06T05:04:52.5916031Z ✔ a runtime that throws is not evidence and does not break the acceptance summary (0.2467ms)
gateway-web	Run pnpm test	2026-10-06T05:04:52.5916920Z ✔ fault identities are unique across adapters of the same kind in one process (0.2616ms)
gateway-web	Run pnpm test	2026-10-06T05:04:52.5917572Z ✔ a connector manifest declares runtime, capabilities, needs and budgets (4.3208ms)
gateway-web	Run pnpm test	2026-10-06T05:04:52.5918198Z ✔ a connector manifest has no credential slot, and raw secrets are refused (0.5346ms)
gateway-web	Run pnpm test	2026-10-06T05:04:52.5918818Z ✔ policy decides permissions and an adapter can never grant itself one (0.7793ms)
gateway-web	Run pnpm test	2026-10-06T05:04:52.5919374Z ✔ undeclared capability or method calls are refused (0.9845ms)
gateway-web	Run pnpm test	2026-10-06T05:04:52.5919969Z ✔ the pipeline runs detect, select, adapt, validate, standardize and unify (0.905ms)
gateway-web	Run pnpm test	2026-10-06T05:04:52.5920602Z ✔ one malformed connector cannot prevent another connector from loading (0.8898ms)
gateway-web	Run pnpm test	2026-10-06T05:04:52.5921261Z ✔ loading two synthetic connectors with different capabilities needs no core change (1.2096ms)
gateway-web	Run pnpm test	2026-10-06T05:04:52.5921908Z ✔ the runtime hosts two synthetic connectors with different capabilities (1.7512ms)
gateway-web	Run pnpm test	2026-10-06T05:04:52.5922555Z ✔ startup is bounded and a process that never becomes ready is stopped, not awaited (0.6489ms)
gateway-web	Run pnpm test	2026-10-06T05:04:52.5923225Z ✔ a failing spawn is data, and a failing invocation does not crash the runtime (1.4657ms)
gateway-web	Run pnpm test	2026-10-06T05:04:52.5923821Z ✔ heartbeat freshness is bounded by the manifest interval (0.8538ms)
gateway-web	Run pnpm test	2026-10-06T05:04:52.5924493Z ✔ restarts are bounded and exhaustion is a terminal safe mode (1.3705ms)
gateway-web	Run pnpm test	2026-10-06T05:04:52.5925072Z ✔ logs are bounded by the manifest and redactable by caller policy (1.3089ms)
gateway-web	Run pnpm test	2026-10-06T05:04:52.5925668Z ✔ runtime lifecycle is honest about state and unknown instances (0.7429ms)
gateway-web	Run pnpm test	2026-10-06T05:04:52.5926287Z ✔ undeclared keys inherited from Object.prototype are refused at every level (2.3049ms)
gateway-web	Run pnpm test	2026-10-06T05:04:52.5926913Z ✔ a secret-shaped name is refused in its plural and compound spellings (0.4584ms)
gateway-web	Run pnpm test	2026-10-06T05:04:52.5927517Z ✔ raw credential bytes are refused in any field, not only a secret-shaped one (1.3097ms)
gateway-web	Run pnpm test	2026-10-06T05:04:52.5928110Z ✔ a connector cannot forge the runtime kind it won (0.7994ms)
gateway-web	Run pnpm test	2026-10-06T05:04:52.5928722Z ✔ a nullish adapter cannot stop the other connectors from loading (1.6276ms)
gateway-web	Run pnpm test	2026-10-06T05:04:52.5929308Z ✔ a manifest carrying a reserved prototype key is refused at unify (0.4766ms)
gateway-web	Run pnpm test	2026-10-06T05:04:52.5929982Z ✔ heartbeat freshness is measured in one unit, whatever the clock returns (0.6824ms)
gateway-web	Run pnpm test	2026-10-06T05:04:52.5930532Z ✔ a heartbeat cannot resurrect a process that was killed (0.6568ms)
gateway-web	Run pnpm test	2026-10-06T05:04:52.5931130Z ✔ start persists the mediated intersection and bounds the spawn request (0.8246ms)
gateway-web	Run pnpm test	2026-10-06T05:04:52.5931785Z ✔ one adapter producing un-copyable output cannot stop the others loading (0.6335ms)
gateway-web	Run pnpm test	2026-10-06T05:04:52.5932357Z ✔ a connector entry reference is confined to its own root (0.7297ms)
gateway-web	Run pnpm test	2026-10-06T05:04:52.5932939Z ✔ one canonical job is observed by Web and Android without duplicate execution (4.4137ms)
gateway-web	Run pnpm test	2026-10-06T05:04:52.5933512Z ✔ the interaction device may differ from the execution device (0.576ms)
gateway-web	Run pnpm test	2026-10-06T05:04:52.5934606Z ✔ remote fallback requires explicit approval and local allowed work stays local (0.8886ms)
gateway-web	Run pnpm test	2026-10-06T05:04:52.5935350Z ✔ attention comes from shared state and one acknowledgement reconciles every projection (1.2886ms)
gateway-web	Run pnpm test	2026-10-06T05:04:52.5936131Z ✔ user-visible success comes only from a terminal accepted result (1.0931ms)
gateway-web	Run pnpm test	2026-10-06T05:04:52.5936814Z ✔ advanced provenance exposes identifiers without leaking secrets, and the surface is strict (1.6334ms)
gateway-web	Run pnpm test	2026-10-06T05:04:52.5937548Z ✔ the surface policy cannot be used to switch the canonical binding or the attention source off (0.3132ms)
gateway-web	Run pnpm test	2026-10-06T05:04:52.5938567Z ✔ an impossible instant is refused everywhere it could become evidence (0.4929ms)
gateway-web	Run pnpm test	2026-10-06T05:04:52.5939350Z ✔ a hidden, symbol-keyed or header-shaped secret is still secret material (0.6178ms)
gateway-web	Run pnpm test	2026-10-06T05:04:52.5939939Z ✔ a cancelled job is finished even though it carries no result (0.5483ms)
gateway-web	Run pnpm test	2026-10-06T05:04:52.5940658Z ✔ control authority is bound to the job, not to whoever calls (0.4667ms)
gateway-web	Run pnpm test	2026-10-06T05:04:52.5941596Z ✔ a retry re-queues failed work only and never revives or duplicates execution (0.4348ms)
gateway-web	Run pnpm test	2026-10-06T05:04:52.5942639Z ✔ the first terminal result is the job truth and malformed artifacts are refused, not dropped (0.4752ms)
gateway-web	Run pnpm test	2026-10-06T05:04:52.5943879Z ✔ an attention-required backend is not rendered as success (0.4841ms)
gateway-web	Run pnpm test	2026-10-06T05:04:52.5945256Z ✔ the surface reports the execution device it was given and never invents one (0.2742ms)
gateway-web	Run pnpm test	2026-10-06T05:04:52.5946289Z ✔ owner and executor separation is about the owner and the executor connector (0.2411ms)
gateway-web	Run pnpm test	2026-10-06T05:04:52.5947140Z ✔ canonical refs are unique across surfaces in one process (0.2549ms)
gateway-web	Run pnpm test	2026-10-06T05:04:52.5948214Z ✔ an attention acknowledgement records the subject it answers and the read views are frozen (0.5144ms)
gateway-web	Run pnpm test	2026-10-06T05:04:52.5949387Z ✔ a finished job is not re-opened for attention and an answered question is not reset (1.0782ms)
gateway-web	Run pnpm test	2026-10-06T05:04:52.5950329Z ✔ a blocking canonical question gates progress and resume (0.3222ms)
gateway-web	Run pnpm test	2026-10-06T05:04:52.5951169Z ✔ attention and approvals answer only to devices connected to the job (0.4428ms)
gateway-web	Run pnpm test	2026-10-06T05:04:52.5952062Z ✔ an object is not a provenance reference, and a nested payload is refused (0.3254ms)
gateway-web	Run pnpm test	2026-10-06T05:04:52.5953134Z ✔ the secret scan reads maps, sets and records it cannot read (0.1356ms)
gateway-web	Run pnpm test	2026-10-06T05:04:52.5954351Z ✔ a lease belongs to one job and a shared task core confirms the binding when one is wired in (0.5023ms)
gateway-web	Run pnpm test	2026-10-06T05:04:52.5955539Z ✔ a result that is not a success is not accepted as one, and an uncloneable artifact is a typed refusal (0.3471ms)
gateway-web	Run pnpm test	2026-10-06T05:04:52.5956626Z ✔ the surface names where control came from and scopes its structural claims (0.1574ms)
gateway-web	Run pnpm test	2026-10-06T05:04:52.5957630Z ✔ a DAG is validated and only dependency-satisfied work is runnable (6.9868ms)
gateway-web	Run pnpm test	2026-10-06T05:04:52.5958682Z ✔ two writers cannot hold the same protected scope at once, and conflicts are reported not merged (1.026ms)
gateway-web	Run pnpm test	2026-10-06T05:04:52.5959857Z ✔ resource pressure scales workers down and pauses new work without failing completed work (0.7795ms)
gateway-web	Run pnpm test	2026-10-06T05:04:52.5960966Z ✔ one-worker serial mode uses the same lifecycle and acceptance path (0.6284ms)
gateway-web	Run pnpm test	2026-10-06T05:04:52.5962010Z ✔ bounded retry and reassignment never duplicate a terminal result or an external effect (1.3574ms)
gateway-web	Run pnpm test	2026-10-06T05:04:52.5963149Z ✔ worker selection is capability and placement based with no provider-name branching (0.539ms)
gateway-web	Run pnpm test	2026-10-06T05:04:52.5964232Z ✔ a controlled restart keeps completed work and never resumes stale state as success (2.5267ms)
gateway-web	Run pnpm test	2026-10-06T05:04:52.5965199Z ✔ a terminal result is immutable against late and out-of-order reports (0.5821ms)
gateway-web	Run pnpm test	2026-10-06T05:04:52.5966026Z ✔ a stall or crash report cannot re-open completed work (0.3647ms)
gateway-web	Run pnpm test	2026-10-06T05:04:52.5966830Z ✔ the attempt budget is a bound at dispatch, not only in the stall path (0.456ms)
gateway-web	Run pnpm test	2026-10-06T05:04:52.5967764Z ✔ a running node cannot be dispatched twice into two concurrent attempts (0.3744ms)
gateway-web	Run pnpm test	2026-10-06T05:04:52.5968689Z ✔ a named worker is a choice, not a bypass of capability, readiness or capacity (0.7449ms)
gateway-web	Run pnpm test	2026-10-06T05:04:52.5969808Z ✔ every foreman bound is validated rather than trusted (0.593ms)
gateway-web	Run pnpm test	2026-10-06T05:04:52.5970608Z ✔ a worker with running attempts cannot be re-registered (0.3177ms)
gateway-web	Run pnpm test	2026-10-06T05:04:52.5971376Z ✔ a node declaration is validated where it is used (0.552ms)
gateway-web	Run pnpm test	2026-10-06T05:04:52.5972236Z ✔ a refused resume leaves the live queue intact, and a cyclic entry cannot overflow (0.4788ms)
gateway-web	Run pnpm test	2026-10-06T05:04:52.5973181Z ✔ an uninterpretable instant is refused rather than recorded (0.2651ms)
gateway-web	Run pnpm test	2026-10-06T05:04:52.5974809Z ✔ a handover or a cancel releases the worker slot it abandons (0.5315ms)
gateway-web	Run pnpm test	2026-10-06T05:04:52.5975875Z ✔ a restart keeps the completed-effect memory and a dependency list must be readable (0.5549ms)
gateway-web	Run pnpm test	2026-10-06T05:04:52.5976914Z ✔ a node no worker can staff is reported instead of vanishing (0.786ms)
gateway-web	Run pnpm test	2026-10-06T05:04:52.5977502Z ✔ a declaration the module cannot clone is a typed refusal, not a crash (0.4128ms)
gateway-web	Run pnpm test	2026-10-06T05:04:52.5978430Z ✔ an autonomous job needs an objective and bounded constraints, not an operation list (4.125ms)
gateway-web	Run pnpm test	2026-10-06T05:04:52.5979159Z ✔ a scripted job without an executable specification is refused honestly, not admitted (0.4321ms)
gateway-web	Run pnpm test	2026-10-06T05:04:52.5979850Z ✔ the job envelope is strict about route, vocabulary and secrets (0.7917ms)
gateway-web	Run pnpm test	2026-10-06T05:04:52.5980818Z ✔ a partial or progress event can never mark a job terminal (0.838ms)
gateway-web	Run pnpm test	2026-10-06T05:04:52.5981684Z ✔ late, duplicate and out-of-order events are deterministic and idempotent (1.5245ms)
gateway-web	Run pnpm test	2026-10-06T05:04:52.5982572Z ✔ a terminal result is final and cannot be resurrected by replay (1.5644ms)
gateway-web	Run pnpm test	2026-10-06T05:04:52.5983460Z ✔ a result must be honest: success needs acceptance, and versions must line up (0.7343ms)
gateway-web	Run pnpm test	2026-10-06T05:04:52.5984406Z ✔ artifact references preserve job, device and connector provenance (1.0309ms)
gateway-web	Run pnpm test	2026-10-06T05:04:52.5985360Z ✔ the protocol publishes its guarantees and stays transport neutral (0.3701ms)
gateway-web	Run pnpm test	2026-10-06T05:04:52.5986288Z ✔ unknown fields are refused even when named after Object.prototype members (1.9093ms)
gateway-web	Run pnpm test	2026-10-06T05:04:52.5987275Z ✔ a job record cannot be born terminal, and success is only reached through a result (0.8937ms)
gateway-web	Run pnpm test	2026-10-06T05:04:52.5988165Z ✔ an event from a superseded job version never acts on the current job (0.7772ms)
gateway-web	Run pnpm test	2026-10-06T05:04:52.5989106Z ✔ a replayed result is recognised by its content, not by its ref (0.6066ms)
gateway-web	Run pnpm test	2026-10-06T05:04:52.5989921Z ✔ a replayed artifact is recognised by its content and digest (0.5959ms)
gateway-web	Run pnpm test	2026-10-06T05:04:52.5990686Z ✔ a malformed batch is refused with a typed contract error (0.4677ms)
gateway-web	Run pnpm test	2026-10-06T05:04:52.5991549Z ✔ an ignored duplicate is recorded on the record, once, and stays idempotent (0.5157ms)
gateway-web	Run pnpm test	2026-10-06T05:04:52.5992439Z ✔ a calendar-impossible instant is refused, not merely shape-checked (0.7015ms)
gateway-web	Run pnpm test	2026-10-06T05:04:52.5993368Z ✔ a terminal announcement without a result is completed by the honest result (0.7428ms)
gateway-web	Run pnpm test	2026-10-06T05:04:52.5994564Z ✔ the job record is immutable at every level, not only at the top (0.6999ms)
gateway-web	Run pnpm test	2026-10-06T05:04:52.5995454Z ✔ a non-enumerable own out-of-contract field is refused too (0.3305ms)
gateway-web	Run pnpm test	2026-10-06T05:04:52.5996319Z ✔ the structured result arrays are bounded like their siblings (19.2641ms)
gateway-web	Run pnpm test	2026-10-06T05:04:52.5997154Z ✔ a cyclic or over-deep envelope is refused, never a stack overflow (0.8317ms)
gateway-web	Run pnpm test	2026-10-06T05:04:52.5998113Z ✔ a provider-neutral autonomous job validates and keeps owner and executor distinct (3.437ms)
gateway-web	Run pnpm test	2026-10-06T05:04:52.5999132Z ✔ scripted executors need explicit operations while agent modes must not carry them (0.9537ms)
gateway-web	Run pnpm test	2026-10-06T05:04:52.6000479Z ✔ unknown version, state, mode, event type or port is rejected rather than guessed (1.9286ms)
gateway-web	Run pnpm test	2026-10-06T05:04:52.6001342Z ✔ foreign routes cannot be redefined as Engineering routes (1.8675ms)
gateway-web	Run pnpm test	2026-10-06T05:04:52.6002249Z ✔ provider product names are never a route and are never required by the core contract (0.6867ms)
gateway-web	Run pnpm test	2026-10-06T05:04:52.6003196Z ✔ Codex-Boss is rejected everywhere it could be referenced (0.7418ms)
gateway-web	Run pnpm test	2026-10-06T05:04:52.6004362Z ✔ raw secrets are rejected while handle references are allowed (2.5426ms)
gateway-web	Run pnpm test	2026-10-06T05:04:52.6005133Z ✔ Engineering Manager stores only Engineering execution state (1.0158ms)
gateway-web	Run pnpm test	2026-10-06T05:04:52.6005857Z ✔ canonical events are typed and validated (0.5029ms)
gateway-web	Run pnpm test	2026-10-06T05:04:52.6006678Z ✔ one attention event projects to the current plus recent devices and rings once (1.1858ms)
gateway-web	Run pnpm test	2026-10-06T05:04:52.6007690Z ✔ first attention acknowledgement closes the epoch globally and never rings again (0.7946ms)
gateway-web	Run pnpm test	2026-10-06T05:04:52.6008705Z ✔ reconnect and duplicate delivery do not re-ring an attention epoch (0.6365ms)
gateway-web	Run pnpm test	2026-10-06T05:04:52.6009729Z ✔ a result cannot report success on a typed blocker, without acceptance or with failing tests (0.5594ms)
gateway-web	Run pnpm test	2026-10-06T05:04:52.6011729Z ✔ ports are versioned, replacement-safe and refuse non-conforming subjects (0.7678ms)
gateway-web	Run pnpm test	2026-10-06T05:04:52.6012744Z ✔ a deterministic connector double runs a scripted job without a real provider (0.7056ms)
gateway-web	Run pnpm test	2026-10-06T05:04:52.6013947Z ✔ duplicate submit replays instead of creating a second job (1.3763ms)
gateway-web	Run pnpm test	2026-10-06T05:04:52.6014786Z ✔ control commands check version, transition and terminal state (2.0167ms)
gateway-web	Run pnpm test	2026-10-06T05:04:52.6015682Z ✔ results are idempotent and cannot overwrite or resurrect a terminal job (2.6318ms)
gateway-web	Run pnpm test	2026-10-06T05:04:52.6016672Z ✔ canonical job identity survives restart/reconnect and rejects incompatible replay (1.18ms)
gateway-web	Run pnpm test	2026-10-06T05:04:52.6017704Z ✔ remote fallback is measured, user-approved and preserves the logical owner (2.411ms)
gateway-web	Run pnpm test	2026-10-06T05:04:52.6018772Z ✔ canonical serialization is order-independent and the schema matches the runtime contract (0.9139ms)
gateway-web	Run pnpm test	2026-10-06T05:04:52.6019936Z ✔ contract error type carries a stable code and status (0.0952ms)
gateway-web	Run pnpm test	2026-10-06T05:04:52.6020845Z ✔ a secret-shaped field is refused in its plural and camelCase spellings too (0.3419ms)
gateway-web	Run pnpm test	2026-10-06T05:04:52.6021795Z ✔ foreign canonical state is refused in camelCase and separator variants (0.1814ms)
gateway-web	Run pnpm test	2026-10-06T05:04:52.6022744Z ✔ reserved prototype keys are refused at every depth of an owned state (0.3856ms)
gateway-web	Run pnpm test	2026-10-06T05:04:52.6023860Z ✔ an envelope refuses a reserved prototype key, so a wire payload cannot smuggle one (0.3453ms)
gateway-web	Run pnpm test	2026-10-06T05:04:52.6024773Z ✔ a codex-boss reference is caught however its separators are spelled (0.1048ms)
gateway-web	Run pnpm test	2026-10-06T05:04:52.6025712Z ✔ provider product names are caught however their separators are spelled (0.0616ms)
gateway-web	Run pnpm test	2026-10-06T05:04:52.6026644Z ✔ an absent field and an explicitly null field have different digests (0.1204ms)
gateway-web	Run pnpm test	2026-10-06T05:04:52.6027700Z ✔ the published schema states the normalisation and reserved-key rules the runtime enforces (0.508ms)
gateway-web	Run pnpm test	2026-10-06T05:04:52.6028686Z ✔ a healthy local host is used, with local concurrency as the answer (2.1889ms)
gateway-web	Run pnpm test	2026-10-06T05:04:52.6029598Z ✔ resource pressure reduces local concurrency before any remote fallback (0.7508ms)
gateway-web	Run pnpm test	2026-10-06T05:04:52.6030549Z ✔ a protected foreground workload blocks the local host rather than displacing the user (0.3028ms)
gateway-web	Run pnpm test	2026-10-06T05:04:52.6031525Z ✔ an unmeasurable local host is unavailable, never assumed free (0.474ms)
gateway-web	Run pnpm test	2026-10-06T05:04:52.6032403Z ✔ a faster or less loaded remote host alone never triggers fallback (1.0321ms)
gateway-web	Run pnpm test	2026-10-06T05:04:52.6033290Z ✔ remote fallback needs a measured reason and explicit user approval (0.5698ms)
gateway-web	Run pnpm test	2026-10-06T05:04:52.6034154Z ✔ candidates are ranked by capability fit, only after fallback is justified (8.8534ms)
gateway-web	Run pnpm test	2026-10-06T05:04:52.6034951Z ✔ a remote dispatch requires a recorded local attempt first (0.3263ms)
gateway-web	Run pnpm test	2026-10-06T05:04:52.6035723Z ✔ a measurement is a strict own-property record (0.6392ms)
gateway-web	Run pnpm test	2026-10-06T05:04:52.6036497Z ✔ a measured GPU load is used, and a contradictory worker count is unavailable (0.379ms)
gateway-web	Run pnpm test	2026-10-06T05:04:52.6037357Z ✔ only a justified fallback proposal can be approved (0.4528ms)
gateway-web	Run pnpm test	2026-10-06T05:04:52.6038342Z ✔ both reference connectors register and resolve generically, with no provider branches in the core (2.9396ms)
gateway-web	Run pnpm test	2026-10-06T05:04:52.6039925Z ✔ installed, uninstalled and auth-required states are probed honestly (2.5598ms)
gateway-web	Run pnpm test	2026-10-06T05:04:52.6040874Z ✔ one canonical job id is preserved while backend ids stay provenance (1.0954ms)
gateway-web	Run pnpm test	2026-10-06T05:04:52.6041805Z ✔ unsupported operations become typed states instead of silence or success (0.7062ms)
gateway-web	Run pnpm test	2026-10-06T05:04:52.6042821Z ✔ an unknown outcome is never reported as success, and retries do not duplicate (0.7329ms)
gateway-web	Run pnpm test	2026-10-06T05:04:52.6043805Z ✔ component-stage acceptance is only claimed with genuine real-host evidence (0.7092ms)
gateway-web	Run pnpm test	2026-10-06T05:04:52.6044856Z ✔ the connector contract is strict, frozen and independent of ambient state (1.0049ms)
gateway-web	Run pnpm test	2026-10-06T05:04:52.6045882Z ✔ component acceptance needs a real terminal state, not an assumed one (0.6288ms)
gateway-web	Run pnpm test	2026-10-06T05:04:52.6047080Z ✔ a submit the backend refused is never reported as submitted (0.6382ms)
gateway-web	Run pnpm test	2026-10-06T05:04:52.6047984Z ✔ a control the backend refused does not close the session (0.6712ms)
gateway-web	Run pnpm test	2026-10-06T05:04:52.6048734Z ✔ an unreadable event stream is not an empty one (0.5155ms)
gateway-web	Run pnpm test	2026-10-06T05:04:52.6049430Z ✔ a result about another backend run is not this job outcome (0.3331ms)
gateway-web	Run pnpm test	2026-10-06T05:04:52.6050256Z ✔ a session the backend refused is not created (0.4532ms)
gateway-web	Run pnpm test	2026-10-06T05:04:52.6051021Z ✔ an uninterpretable instant is refused rather than recorded (0.3137ms)
gateway-web	Run pnpm test	2026-10-06T05:04:52.6051911Z ✔ acceptance is not claimed for a product this host did not install (0.4159ms)
gateway-web	Run pnpm test	2026-10-06T05:04:52.6052673Z ✔ a closed session is not reported as live work (0.3285ms)
gateway-web	Run pnpm test	2026-10-06T05:04:52.6053528Z ✔ the canonical job id addresses control, events and result, and backend refs come back (0.6398ms)
gateway-web	Run pnpm test	2026-10-06T05:04:52.6056452Z ✔ one logical action key executes the backend once, even after a cancel and re-attach (0.2953ms)
gateway-web	Run pnpm test	2026-10-06T05:04:52.6057495Z ✔ a connector kind is an own key, and a crashing probe degrades honestly (0.4481ms)
gateway-web	Run pnpm test	2026-10-06T05:04:52.6063331Z ✔ the registry refuses an under-specified connector and derives its emulated count (0.3211ms)
gateway-web	Run pnpm test	2026-10-06T05:04:52.6067479Z ✔ one connector kind may have two distinct instances (16.4056ms)
gateway-web	Run pnpm test	2026-10-06T05:04:52.6068465Z ✔ stale probe data is visible as stale and never silently healthy (0.9356ms)
gateway-web	Run pnpm test	2026-10-06T05:04:52.6071774Z ✔ auth READY is never inferred from a live process (0.5331ms)
gateway-web	Run pnpm test	2026-10-06T05:04:52.6072757Z ✔ a capability mismatch is a typed refusal before execution (0.4666ms)
gateway-web	Run pnpm test	2026-10-06T05:04:52.6073917Z ✔ the registry survives a probe that throws or times out (1.572ms)
gateway-web	Run pnpm test	2026-10-06T05:04:52.6074773Z ✔ registry records refuse raw credential material and keep handles only (0.9222ms)
gateway-web	Run pnpm test	2026-10-06T05:04:52.6075694Z ✔ records are strict, and eligibility reports fit without choosing a host (1.4104ms)
gateway-web	Run pnpm test	2026-10-06T05:04:52.6076843Z ✔ unknown fields are refused even when named after Object.prototype members (2.0394ms)
gateway-web	Run pnpm test	2026-10-06T05:04:52.6077899Z ✔ a future-dated probe is never fresh, and never silently usable (0.9901ms)
gateway-web	Run pnpm test	2026-10-06T05:04:52.6078708Z ✔ the typed refusal names the blocker that actually applies (0.6062ms)
gateway-web	Run pnpm test	2026-10-06T05:04:52.6079506Z ✔ the auditable snapshot cannot be rewritten by its reader (1.428ms)
gateway-web	Run pnpm test	2026-10-06T05:04:52.6080627Z ✔ a partial probe update leaves the fields it does not mention alone (0.7336ms)
gateway-web	Run pnpm test	2026-10-06T05:04:52.6081466Z ✔ a raw credential is refused by value as well as by key name (0.8232ms)
gateway-web	Run pnpm test	2026-10-06T05:04:52.6082254Z ✔ a cyclic or over-deep record is refused, never a stack overflow (0.7649ms)
gateway-web	Run pnpm test	2026-10-06T05:04:52.6083147Z ✔ a calendar-impossible instant is refused, not merely shape-checked (0.3303ms)
gateway-web	Run pnpm test	2026-10-06T05:04:52.6083966Z ✔ a probe cannot claim to stay current indefinitely (0.3411ms)
gateway-web	Run pnpm test	2026-10-06T05:04:52.6084790Z ✔ a failed probe is visible on the instance and blocks dispatch (1.2492ms)
gateway-web	Run pnpm test	2026-10-06T05:04:52.6085658Z ✔ a probe that reports not-installed cannot be a running, usable worker (0.1495ms)
gateway-web	Run pnpm test	2026-10-06T05:04:52.6086538Z ✔ an exempted reference field must still look like a reference (0.8447ms)
gateway-web	Run pnpm test	2026-10-06T05:04:52.6087523Z ✔ the evidence source travels with the answer (0.1777ms)
gateway-web	Run pnpm test	2026-10-06T05:04:52.6088301Z ✔ a remote dispatch needs an approved proposal and an eligible host (2.2199ms)
gateway-web	Run pnpm test	2026-10-06T05:04:52.6089349Z ✔ every channel returns to the current interaction surface, not to the execution device (1.3729ms)
gateway-web	Run pnpm test	2026-10-06T05:04:52.6090310Z ✔ the control plane follows the user when they move to another surface (0.514ms)
gateway-web	Run pnpm test	2026-10-06T05:04:52.6091207Z ✔ stale and duplicate remote events are reconciled instead of re-applied (1.2549ms)
gateway-web	Run pnpm test	2026-10-06T05:04:52.6092142Z ✔ control is forwarded from any authorised device and applied once (0.6124ms)
gateway-web	Run pnpm test	2026-10-06T05:04:52.6093079Z ✔ a hardware-bound action is a typed blocker, never a fabricated success (0.3321ms)
gateway-web	Run pnpm test	2026-10-06T05:04:52.6094378Z ✔ context is staged semantically, and the port contract owns trust and transport elsewhere (0.5065ms)
gateway-web	Run pnpm test	2026-10-06T05:04:52.6095430Z ✔ the return path can only move onto a surface this module resolved for the same owner (0.3732ms)
gateway-web	Run pnpm test	2026-10-06T05:04:52.6096358Z ✔ a dispatch validates the executor reference and the capability list (0.3341ms)
gateway-web	Run pnpm test	2026-10-06T05:04:52.6097264Z ✔ the bridge itself refuses a second dispatch and keeps the run ledger (0.521ms)
gateway-web	Run pnpm test	2026-10-06T05:04:52.6098089Z ✔ an execution port that refuses is never reported as success (0.5194ms)
gateway-web	Run pnpm test	2026-10-06T05:04:52.6099042Z ✔ an attention reply reaches the originating worker through the respond path (0.3797ms)
gateway-web	Run pnpm test	2026-10-06T05:04:52.6100044Z ✔ a control command without an idempotency key is refused rather than swallowed (0.1822ms)
gateway-web	Run pnpm test	2026-10-06T05:04:52.6102107Z ✔ an untransferable remote payload is refused without consuming its sequence (0.2331ms)
gateway-web	Run pnpm test	2026-10-06T05:04:52.6103360Z ✔ a physical-action block is observable and blocks a fabricated success (0.2685ms)
gateway-web	Run pnpm test	2026-10-06T05:04:52.6104634Z ✔ recording instants are validated rather than stored as given (0.2555ms)
gateway-web	Run pnpm test	2026-10-06T05:04:52.6105748Z ✔ the approval gate reads the proposal itself, not its prototype (0.2417ms)
gateway-web	Run pnpm test	2026-10-06T05:04:52.6106762Z ✔ a refused replay does not move where the run returns are delivered (0.1315ms)
gateway-web	Run pnpm test	2026-10-06T05:04:52.6107642Z ✔ an envelope field is validated and used exactly once (0.3157ms)
gateway-web	Run pnpm test	2026-10-06T05:04:52.6108498Z ✔ a device field is validated and projected exactly once (0.1312ms)
gateway-web	Run pnpm test	2026-10-06T05:04:52.6109405Z ✔ context staging enforces the bound and the cleanup policy it advertises (0.2682ms)
gateway-web	Run pnpm test	2026-10-06T05:04:52.6110396Z ✔ a return that reaches nobody is not normal remote-free operation (0.2077ms)
gateway-web	Run pnpm test	2026-10-06T05:04:52.6111323Z ✔ a surface is resolved only from devices belonging to that owner (0.1062ms)
gateway-web	Run pnpm test	2026-10-06T05:04:52.6112316Z ✔ authority is split: the monitor senses, the supervisor restarts, and neither can do the other (4.7995ms)
gateway-web	Run pnpm test	2026-10-06T05:04:52.6113199Z ✔ a stale or reused pid is never signalled (0.8052ms)
gateway-web	Run pnpm test	2026-10-06T05:04:52.6114019Z ✔ the restart budget ends in safe mode instead of an infinite loop (1.8538ms)
gateway-web	Run pnpm test	2026-10-06T05:04:52.6114924Z ✔ resume happens only after a checkpoint and a readiness confirmation (1.5193ms)
gateway-web	Run pnpm test	2026-10-06T05:04:52.6116010Z ✔ a terminal job does not resurrect after recovery (0.5277ms)
gateway-web	Run pnpm test	2026-10-06T05:04:52.6116757Z ✔ one crashed connector never terminates unrelated connectors (0.7747ms)
gateway-web	Run pnpm test	2026-10-06T05:04:52.6117624Z ✔ the contract is strict, frozen, and honest about stale observations (0.9175ms)
gateway-web	Run pnpm test	2026-10-06T05:04:52.6118577Z ✔ pressure is the evidence the monitor recorded, not a copy the caller supplies (0.3461ms)
gateway-web	Run pnpm test	2026-10-06T05:04:52.6119419Z ✔ a policy bound that can be switched off is refused (0.7951ms)
gateway-web	Run pnpm test	2026-10-06T05:04:52.6120430Z ✔ an uninterpretable instant cannot make stale evidence fresh or release the cooldown (0.7335ms)
gateway-web	Run pnpm test	2026-10-06T05:04:52.6121492Z ✔ a throwing readiness or process hook is a typed outcome, not a half-applied restart (0.6087ms)
gateway-web	Run pnpm test	2026-10-06T05:04:52.6122571Z ✔ an absent confidence is no confidence (0.2183ms)
gateway-web	Run pnpm test	2026-10-06T05:04:52.6123373Z ✔ a caller structure that points at itself is refused, not fatal (0.5943ms)
gateway-web	Run pnpm test	2026-10-06T05:04:52.6124182Z ✔ a malformed active entry is reported rather than dropped (0.2003ms)
gateway-web	Run pnpm test	2026-10-06T05:04:52.6125363Z ✔ a minted decision is authority for one instance and one restart (0.5056ms)
gateway-web	Run pnpm test	2026-10-06T05:04:52.6126244Z ✔ an unrecordable port answer is not an untyped failure after a real restart (0.5467ms)
gateway-web	Run pnpm test	2026-10-06T05:04:52.6127206Z ✔ a readiness answer about another instance or checkpoint is not this resume (0.8451ms)
gateway-web	Run pnpm test	2026-10-06T05:04:52.6128695Z ✔ supervise refuses a malformed set instead of failing part-way (0.3244ms)
gateway-web	Run pnpm test	2026-10-06T05:04:52.6129602Z ✔ host-pass: the original contract still works and is labelled HOST_PASS (101.5634ms)
gateway-web	Run pnpm test	2026-10-06T05:04:52.6130603Z ✔ owner-override: an Owner ruling over a real blocker produces a VERIFIED episode (91.3163ms)
gateway-web	Run pnpm test	2026-10-06T05:04:52.6131497Z ✔ owner-override without a migration blocker fails (73.1987ms)
gateway-web	Run pnpm test	2026-10-06T05:04:52.6132382Z ✔ owner-override without an owner ruling argument fails (84.6849ms)
gateway-web	Run pnpm test	2026-10-06T05:04:52.6133332Z ✔ owner-override whose intervention does not cite the ruling fails (74.1839ms)
gateway-web	Run pnpm test	2026-10-06T05:04:52.6134104Z ✔ owner-override without a verifier finding fails (79.9339ms)
gateway-web	Run pnpm test	2026-10-06T05:04:52.6134880Z ✔ owner-override whose verifier finding precedes the blocker fails (83.2702ms)
gateway-web	Run pnpm test	2026-10-06T05:04:52.6135790Z ✔ a final CI that is not PASS fails in owner-override too (87.7914ms)
gateway-web	Run pnpm test	2026-10-06T05:04:52.6136568Z ✔ the same host for both roles fails (178.2385ms)
gateway-web	Run pnpm test	2026-10-06T05:04:52.6137126Z ✔ an inbox that already has a host PASS cannot use owner-override (82.9802ms)
gateway-web	Run pnpm test	2026-10-06T05:04:52.6138341Z ✔ --owner-ruling is rejected in host-pass mode (77.8621ms)
gateway-web	Run pnpm test	2026-10-06T05:04:52.6139018Z ✔ owner-waived host separation: an Owner ruling lets the migration host finish verification (100.849ms)
gateway-web	Run pnpm test	2026-10-06T05:04:52.6139926Z ✔ a strict episode records hostSeparation STRICT (87.4699ms)
gateway-web	Run pnpm test	2026-10-06T05:04:52.6140461Z ✔ owner-waived without --completing-host fails (86.4018ms)
gateway-web	Run pnpm test	2026-10-06T05:04:52.6141095Z ✔ owner-waived without --owner-ruling fails (95.438ms)
gateway-web	Run pnpm test	2026-10-06T05:04:52.6141942Z ✔ owner-waived whose completing host produced no verification events fails (93.663ms)
gateway-web	Run pnpm test	2026-10-06T05:04:52.6142731Z ✔ owner-waived whose record cites no ruling fails (163.6419ms)
gateway-web	Run pnpm test	2026-10-06T05:04:52.6143588Z ✔ owner-waived is refused when the completing host is already the verification host (83.0932ms)
gateway-web	Run pnpm test	2026-10-06T05:04:52.6145615Z ✔ owner-waived still refuses a verification event from a host that does not participate (97.524ms)
gateway-web	Run pnpm test	2026-10-06T05:04:52.6146864Z ✔ --completing-host is rejected in strict host separation (95.0089ms)
gateway-web	Run pnpm test	2026-10-06T05:04:52.6147854Z ✔ strict host separation still refuses the same host for both roles (103.359ms)
gateway-web	Run pnpm test	2026-10-06T05:04:52.6148851Z ✔ a finished Action is never re-opened by a later observation (1.302ms)
gateway-web	Run pnpm test	2026-10-06T05:04:52.6149848Z ✔ an in-flight Action still follows the City task it is reporting on (0.163ms)
gateway-web	Run pnpm test	2026-10-06T05:04:52.6151176Z ✔ the reserved GENERAL_AI route answers a typed UNAVAILABLE and never becomes a City task (1.7585ms)
gateway-web	Run pnpm test	2026-10-06T05:04:52.6152641Z ✔ a reordered idempotency key is the same request, and a different one is refused (4.4031ms)
gateway-web	Run pnpm test	2026-10-06T05:04:52.6153845Z ✔ UXI-301 feed: real telemetry becomes a load vector, and unmeasured dimensions stay missing (1.4846ms)
gateway-web	Run pnpm test	2026-10-06T05:04:52.6154741Z ✔ UXI-301 feed: disk CAPACITY is not reported as io LOAD (0.166ms)
gateway-web	Run pnpm test	2026-10-06T05:04:52.6155732Z ✔ UXI-301 feed: the node mapping mirrors the gateway liveness truth (0.2055ms)
gateway-web	Run pnpm test	2026-10-06T05:04:52.6156849Z ✔ UXI-391: the candidate carries an EXPLICIT enablement, and an explicit disable is honoured (1.016ms)
gateway-web	Run pnpm test	2026-10-06T05:04:52.6157985Z ✔ UXI-301 feed: eligibility terms come from RS-202 and are all declared in the contract (1.4755ms)
gateway-web	Run pnpm test	2026-10-06T05:04:52.6158950Z ✔ UXI-301 feed: an ONLINE, healthy node must NOT present as unusable (0.6187ms)
gateway-web	Run pnpm test	2026-10-06T05:04:52.6159964Z ✔ UXI-301 feed: COMPLETED is reachable ONLY from a terminal City state (0.3995ms)
gateway-web	Run pnpm test	2026-10-06T05:04:52.6160910Z ✔ UXI-301 feed: a healthy node plus a cold one offers waiting, never a forced choice (0.2267ms)
gateway-web	Run pnpm test	2026-10-06T05:04:52.6162046Z ✔ UXI-301 feed: a structurally refused fleet DOES demand a choice and withholds waiting (0.2381ms)
gateway-web	Run pnpm test	2026-10-06T05:04:52.6163092Z ✔ UXI-301 feed: the producer rejects malformed input rather than guessing (0.6132ms)
gateway-web	Run pnpm test	2026-10-06T05:04:52.6164208Z ✔ UXI-301 feed: the feed is versioned, lists its candidates, and hides finished work by default (0.566ms)
gateway-web	Run pnpm test	2026-10-06T05:04:52.6165278Z ✔ UXI-301 feed: termsInUse reports only declared terms, so a UI can preload copy (0.2757ms)
gateway-web	Run pnpm test	2026-10-06T05:04:52.6166357Z ✔ UXI-301 feed: an empty City produces an empty feed rather than a fabricated status (0.098ms)
gateway-web	Run pnpm test	2026-10-06T05:04:52.6167390Z ✔ UXI-301 feed: a node already running OTHER work reports real capacity pressure (0.2321ms)
gateway-web	Run pnpm test	2026-10-06T05:04:52.6169698Z ✔ UXI-301 feed: capacity pressure clears once the other work finishes (0.4114ms)
gateway-web	Run pnpm test	2026-10-06T05:04:52.6171036Z ✔ UXI-301 feed: two busy nodes and one free node is reported truthfully per node (0.5102ms)
gateway-web	Run pnpm test	2026-10-06T05:04:52.6173626Z ✔ versioned authenticated gateway rejects unsafe commands and persists history (138.057ms)
gateway-web	Run pnpm test	2026-10-06T05:04:52.6175169Z ✔ the post-restart resume decision is owned by the migrated checkpoint gate (57.6327ms)
gateway-web	Run pnpm test	2026-10-06T05:04:52.6176455Z ✔ the gateway places work on exactly the nodes its own policy and the Core both accept (1248.2649ms)
gateway-web	Run pnpm test	2026-10-06T05:04:52.6177680Z ✔ an interrupted task is never falsified as success across a gateway restart (42.7787ms)
gateway-web	Run pnpm test	2026-10-06T05:04:52.6179156Z ✔ no API network call happens before consent and budget admission (4.227ms)
gateway-web	Run pnpm test	2026-10-06T05:04:52.6180476Z ✔ a Web failure proposes API but never grants it, and budget does not stand in for consent (1.2911ms)
gateway-web	Run pnpm test	2026-10-06T05:04:52.6181594Z ✔ rate limit, auth and provider faults stay typed and never look like success (2.4474ms)
gateway-web	Run pnpm test	2026-10-06T05:04:52.6182537Z ✔ usage the provider did not report stays unknown, never zero (0.8455ms)
gateway-web	Run pnpm test	2026-10-06T05:04:52.6183550Z ✔ streaming is supported only where the adapter says so, and secrets never reach provenance (0.7848ms)
gateway-web	Run pnpm test	2026-10-06T05:04:52.6184645Z ✔ channel state stays isolated, frozen and free of ambient behaviour (0.4395ms)
gateway-web	Run pnpm test	2026-10-06T05:04:52.6186313Z ✔ budget policy limits must be real numbers, so the second gate cannot vanish (0.5226ms)
gateway-web	Run pnpm test	2026-10-06T05:04:52.6187261Z ✔ provider usage that is negative is not usage (0.136ms)
gateway-web	Run pnpm test	2026-10-06T05:04:52.6188039Z ✔ secrets are found and redacted however they are hidden (0.2605ms)
gateway-web	Run pnpm test	2026-10-06T05:04:52.6188924Z ✔ an admitted call with no usable adapter is a typed refusal, not a crash (0.6086ms)
gateway-web	Run pnpm test	2026-10-06T05:04:52.6189845Z ✔ the budget result does not claim knowledge it does not have (0.8817ms)
gateway-web	Run pnpm test	2026-10-06T05:04:52.6191364Z ✔ one conversation continues while backend thread, provider and device metadata change (6.1031ms)
gateway-web	Run pnpm test	2026-10-06T05:04:52.6192488Z ✔ backend thread loss is reported and never becomes a silent false continuation (3.3817ms)
gateway-web	Run pnpm test	2026-10-06T05:04:52.6193545Z ✔ InputBundle enforces bounds, media type, digest and provenance (2.5907ms)
gateway-web	Run pnpm test	2026-10-06T05:04:52.6196045Z ✔ temporary staging metadata always carries an explicit cleanup policy (2.0554ms)
gateway-web	Run pnpm test	2026-10-06T05:04:52.6197452Z ✔ partial events are ordered, versioned and never terminal, and RF envelopes stay non-canonical (0.9909ms)
gateway-web	Run pnpm test	2026-10-06T05:04:52.6198655Z ✔ cancellation is idempotent, works across channel changes, and reconciles late results (0.8563ms)
gateway-web	Run pnpm test	2026-10-06T05:04:52.6199530Z ✔ the conversation contract is closed, frozen and identity-independent (0.9336ms)
gateway-web	Run pnpm test	2026-10-06T05:04:52.6200396Z ✔ the canonical contract allow-list is decided by own keys (0.5128ms)
gateway-web	Run pnpm test	2026-10-06T05:04:52.6201739Z ✔ the conversation policy is a bound, and a non-boolean cannot disable verification (0.8949ms)
gateway-web	Run pnpm test	2026-10-06T05:04:52.6202882Z ✔ a cyclic caller value cannot crash the freezer, and attachments are canonical records (1.6981ms)
gateway-web	Run pnpm test	2026-10-06T05:04:52.6204166Z ✔ a malformed caller instant is refused as a typed error (0.9937ms)
gateway-web	Run pnpm test	2026-10-06T05:04:52.6205001Z ✔ a settled turn cannot accept further transport data (0.7514ms)
gateway-web	Run pnpm test	2026-10-06T05:04:52.6205820Z ✔ a refused call leaves no partial write and no poisoned projection (0.7059ms)
gateway-web	Run pnpm test	2026-10-06T05:04:52.6206615Z ✔ each late result is reconciled under its own reference (0.708ms)
gateway-web	Run pnpm test	2026-10-06T05:04:52.6208052Z ✔ the published stream carries cancellation and a conversation-level order (0.709ms)
gateway-web	Run pnpm test	2026-10-06T05:04:52.6208941Z ✔ every free-text field is bounded (0.6801ms)
gateway-web	Run pnpm test	2026-10-06T05:04:52.6209787Z ✔ the staging cleanup deadline is a decision, not decoration (0.6192ms)
gateway-web	Run pnpm test	2026-10-06T05:04:52.6210823Z ✔ GENERAL_AI is reserved as a user-level route and the legacy routes are untouched (2.2097ms)
gateway-web	Run pnpm test	2026-10-06T05:04:52.6211903Z ✔ a historical product name is not a route, and an unknown route is refused not guessed (0.3475ms)
gateway-web	Run pnpm test	2026-10-06T05:04:52.6213593Z ✔ the gateway route vocabulary is exactly the contract vocabulary (0.1955ms)
gateway-web	Run pnpm test	2026-10-06T05:04:52.6214693Z ✔ a canonical general-AI request validates and keeps typed backend references (2.011ms)
gateway-web	Run pnpm test	2026-10-06T05:04:52.6215699Z ✔ unknown version, channel, state and malformed input are refused (1.1429ms)
gateway-web	Run pnpm test	2026-10-06T05:04:52.6216673Z ✔ no canonical envelope may carry raw credential, cookie or token bytes (0.8384ms)
gateway-web	Run pnpm test	2026-10-06T05:04:52.6218088Z ✔ provider, model, attention, usage and proposal envelopes validate strictly (0.6454ms)
gateway-web	Run pnpm test	2026-10-06T05:04:52.6220377Z ✔ partial output cannot mark an Action terminal and terminal status is final (0.3999ms)
gateway-web	Run pnpm test	2026-10-06T05:04:52.6221847Z ✔ a partial result carries in-flight status and a result envelope carries a terminal one (0.7958ms)
gateway-web	Run pnpm test	2026-10-06T05:04:52.6224421Z ✔ an idempotency key replayed for the same request returns the first result (0.5064ms)
gateway-web	Run pnpm test	2026-10-06T05:04:52.6225563Z ✔ the same idempotency key bound to a different request is refused (0.3401ms)
gateway-web	Run pnpm test	2026-10-06T05:04:52.6227273Z ✔ a deterministic local answer never reaches a general-AI channel (0.3419ms)
gateway-web	Run pnpm test	2026-10-06T05:04:52.6231056Z ✔ Web is the default channel and JEV failure degrades instead of blocking (0.1141ms)
gateway-web	Run pnpm test	2026-10-06T05:04:52.6232193Z ✔ Web failure does not silently trigger API, and API needs explicit user consent (0.0902ms)
gateway-web	Run pnpm test	2026-10-06T05:04:52.6233190Z ✔ budget policy runs after consent and can never substitute for it (0.0894ms)
gateway-web	Run pnpm test	2026-10-06T05:04:52.6266244Z ✔ another device is proposed, never chosen, and the interaction device does not move (0.3385ms)
gateway-web	Run pnpm test	2026-10-06T05:04:52.6268428Z ✔ API escalation requires a user confirmation reference, not a budget decision (0.2928ms)
gateway-web	Run pnpm test	2026-10-06T05:04:52.6270829Z ✔ a decision that needs the user becomes an attention request (0.9053ms)
gateway-web	Run pnpm test	2026-10-06T05:04:52.6273156Z ✔ JEV output is advisory and a JEV failure degrades instead of blocking (0.3738ms)
gateway-web	Run pnpm test	2026-10-06T05:04:52.6275475Z ✔ programme ports are versioned, and non-conforming subjects are refused (0.3249ms)
gateway-web	Run pnpm test	2026-10-06T05:04:52.6277267Z ✔ the deterministic remote double never fakes a completed run (0.5115ms)
gateway-web	Run pnpm test	2026-10-06T05:04:52.6278940Z ✔ the repository carries no runtime dependency on the historical product (117.568ms)
gateway-web	Run pnpm test	2026-10-06T05:04:52.6280307Z ✔ the contract publishes its routing guarantees and error vocabulary (0.1336ms)
gateway-web	Run pnpm test	2026-10-06T05:04:52.6282430Z ✔ undeclared keys inherited from Object.prototype are refused, and a prototype key never is canonical (0.6391ms)
gateway-web	Run pnpm test	2026-10-06T05:04:52.6288075Z ✔ a secret-shaped name is refused in its plural and compound spellings, and a quantity is not a secret (0.2693ms)
gateway-web	Run pnpm test	2026-10-06T05:04:52.6289467Z ✔ raw credential bytes are refused in any field, not only in a secret-shaped one (0.2617ms)
gateway-web	Run pnpm test	2026-10-06T05:04:52.6290751Z ✔ a partial result cannot claim a terminal status by relabelling or omitting its source (0.9069ms)
gateway-web	Run pnpm test	2026-10-06T05:04:52.6292013Z ✔ UNAVAILABLE is final for this action, and entering it is still allowed (0.1908ms)
gateway-web	Run pnpm test	2026-10-06T05:04:52.6293092Z ✔ an advisory assessment carries advisory fields and nothing else (0.4358ms)
gateway-web	Run pnpm test	2026-10-06T05:04:52.6294675Z ✔ the linkage scanner catches real dependency shapes it used to miss, and still ignores provenance prose (0.3694ms)
gateway-web	Run pnpm test	2026-10-06T05:04:52.6295947Z ✔ availability, health, auth, rate limit and budget stay separate signals (3.1025ms)
gateway-web	Run pnpm test	2026-10-06T05:04:52.6297502Z ✔ stale health is distinguishable from healthy and never reported as healthy (0.586ms)
gateway-web	Run pnpm test	2026-10-06T05:04:52.6298541Z ✔ a transient technical failure follows a bounded retry and backoff policy (0.5481ms)
gateway-web	Run pnpm test	2026-10-06T05:04:52.6299561Z ✔ human-blocked and ambiguous failures never auto-resume as a technical retry (0.6354ms)
gateway-web	Run pnpm test	2026-10-06T05:04:52.6300633Z ✔ circuits are scoped so one failure cannot trip all AI or the local surfaces (1.6935ms)
gateway-web	Run pnpm test	2026-10-06T05:04:52.6301696Z ✔ a Web failure degrades honestly and never silently escalates to the API (0.4548ms)
gateway-web	Run pnpm test	2026-10-06T05:04:52.6302575Z ✔ the governor is strict, frozen, and free of ambient state (0.6804ms)
gateway-web	Run pnpm test	2026-10-06T05:04:52.6303376Z ✔ the resilience policy bounds are real bounds (0.4234ms)
gateway-web	Run pnpm test	2026-10-06T05:04:52.6304182Z ✔ a malformed caller instant is refused as a typed error (0.6443ms)
gateway-web	Run pnpm test	2026-10-06T05:04:52.6305065Z ✔ a side-effecting failure is not retried without an idempotency key (0.2853ms)
gateway-web	Run pnpm test	2026-10-06T05:04:52.6306118Z ✔ a cyclic value cannot crash the freezer, and a degraded availability is named (0.2316ms)
gateway-web	Run pnpm test	2026-10-06T05:04:52.6306926Z ✔ the governor policy is a plain record (0.119ms)
gateway-web	Run pnpm test	2026-10-06T05:04:52.6307706Z ✔ a caller instant cannot extend or shorten a circuit cooldown (0.3118ms)
gateway-web	Run pnpm test	2026-10-06T05:04:52.6308488Z ✔ an acknowledgment survives a replayed failure (0.1821ms)
gateway-web	Run pnpm test	2026-10-06T05:04:52.6309408Z ✔ a non-boolean flag cannot silently drop a proposal or an idempotency requirement (0.1904ms)
gateway-web	Run pnpm test	2026-10-06T05:04:52.6310558Z ✔ a degraded or unknown availability is never ready, and the report agrees with the query (0.4493ms)
gateway-web	Run pnpm test	2026-10-06T05:04:52.6312217Z ✔ provider, model and account identities stay distinct across multiple accounts (14.1629ms)
gateway-web	Run pnpm test	2026-10-06T05:04:52.6313280Z ✔ stale capability metadata is visible as stale and reads as unknown (0.7171ms)
gateway-web	Run pnpm test	2026-10-06T05:04:52.6314178Z ✔ WEB and API readiness are answered independently and may differ (0.6463ms)
gateway-web	Run pnpm test	2026-10-06T05:04:52.6315121Z ✔ a missing provider, model or account produces typed absence, not a throw (0.777ms)
gateway-web	Run pnpm test	2026-10-06T05:04:52.6316100Z ✔ canonical records refuse raw secret material and keep handles only (0.922ms)
gateway-web	Run pnpm test	2026-10-06T05:04:52.6317015Z ✔ the registry starts empty and works entirely with synthetic providers (0.759ms)
gateway-web	Run pnpm test	2026-10-06T05:04:52.6317856Z ✔ registry records are strict about their shape (1.8191ms)
gateway-web	Run pnpm test	2026-10-06T05:04:52.6318656Z ✔ undeclared keys inherited from Object.prototype are refused (0.8018ms)
gateway-web	Run pnpm test	2026-10-06T05:04:52.6319582Z ✔ a secret-shaped name is refused in its plural and compound spellings (0.2913ms)
gateway-web	Run pnpm test	2026-10-06T05:04:52.6320726Z ✔ raw credential bytes are refused in a declared text field, not only under a secret-shaped name (0.5978ms)
gateway-web	Run pnpm test	2026-10-06T05:04:52.6321847Z ✔ one reference cannot name two records, and a parent binding cannot be re-pointed (1.5311ms)
gateway-web	Run pnpm test	2026-10-06T05:04:52.6322839Z ✔ a handle reference is content-addressed and epoch-scoped (0.2935ms)
gateway-web	Run pnpm test	2026-10-06T05:04:52.6323966Z ✔ a stale or unavailable channel is not advertised as supported (0.6575ms)
gateway-web	Run pnpm test	2026-10-06T05:04:52.6324993Z ✔ a missing subject reports its own absence code, and a future observation is not fresh (0.2306ms)
gateway-web	Run pnpm test	2026-10-06T05:04:52.6326100Z ✔ RS-201: enablement is REQUIRED, so an omitted field can never read as enabled (0.3966ms)
gateway-web	Run pnpm test	2026-10-06T05:04:52.6327223Z ✔ RS-201: enablement accepts exactly the two declared states and nothing that merely looks like one (1.1635ms)
gateway-web	Run pnpm test	2026-10-06T05:04:52.6328433Z ✔ RS-201: DISABLED is a user choice, not a capability fact, and does not contaminate freshness (0.2255ms)
gateway-web	Run pnpm test	2026-10-06T05:04:52.6329477Z ✔ RS-201: region is required but explicitly nullable, and is never inferred (0.4567ms)
gateway-web	Run pnpm test	2026-10-06T05:04:52.6330552Z ✔ RS-201: the availability reason vocabulary carries all seven required categories (0.2195ms)
gateway-web	Run pnpm test	2026-10-06T05:04:52.6331631Z ✔ RS-201: disable and re-enable are reversible and destroy nothing (0.4005ms)
gateway-web	Run pnpm test	2026-10-06T05:04:52.6332865Z ✔ RS-201: setEnablement refuses a bad state and answers a bad reference with a typed absence (0.5411ms)
gateway-web	Run pnpm test	2026-10-06T05:04:52.6334002Z ✔ RS-201: a provider with dependents is REFUSED removal, and the dependents are named (0.4467ms)
gateway-web	Run pnpm test	2026-10-06T05:04:52.6335087Z ✔ RS-201: removal tombstones the reference, so RETIRED is distinguishable from UNKNOWN (0.3031ms)
gateway-web	Run pnpm test	2026-10-06T05:04:52.6336211Z ✔ RS-201: restore is the explicit act that makes a removed reference registerable again (0.2607ms)
gateway-web	Run pnpm test	2026-10-06T05:04:52.6337304Z ✔ RS-201: unavailability never removes anything - only an explicit user remove() does (0.1833ms)
gateway-web	Run pnpm test	2026-10-06T05:04:52.6338374Z ✔ RS-201: models and accounts are removable once they have no dependents of their own (0.2031ms)
gateway-web	Run pnpm test	2026-10-06T05:04:52.6339434Z ✔ RS-201: a fresh, enabled, unimpeded record is the ONLY thing that reads AVAILABLE (0.313ms)
gateway-web	Run pnpm test	2026-10-06T05:04:52.6340522Z ✔ RS-201: staleness is NOT live truth - a stale observation is UNKNOWN, never AVAILABLE (0.141ms)
gateway-web	Run pnpm test	2026-10-06T05:04:52.6341690Z ✔ RS-201: region is checked only against a DECLARED region, so a neutral provider never mismatches (0.1085ms)
gateway-web	Run pnpm test	2026-10-06T05:04:52.6342818Z ✔ RS-201: session and credential reasons come from the account status, and stay apart (0.1861ms)
gateway-web	Run pnpm test	2026-10-06T05:04:52.6343862Z ✔ RS-201: a channel that is UNAVAILABLE is a service fault, and neither is selectable (0.0775ms)
gateway-web	Run pnpm test	2026-10-06T05:04:52.6344929Z ✔ RS-201: precedence is ordered and the user instruction outranks every observation (0.1713ms)
gateway-web	Run pnpm test	2026-10-06T05:04:52.6346077Z ✔ RS-201: the candidate list keeps refused entries WITH their reasons rather than hiding them (0.5006ms)
gateway-web	Run pnpm test	2026-10-06T05:04:52.6347165Z ✔ RS-201: an all-refused pool and an empty pool are distinct, named conditions (0.1932ms)
gateway-web	Run pnpm test	2026-10-06T05:04:52.6348124Z ✔ RS-201: a suggestion is structurally incapable of being an execution (0.27ms)
gateway-web	Run pnpm test	2026-10-06T05:04:52.6349181Z ✔ RS-201: when nothing is selectable the suggestion says so instead of inventing a fallback (0.4218ms)
gateway-web	Run pnpm test	2026-10-06T05:04:52.6350420Z ✔ RS-201: a probe that answers inside the bound is FRESH, and is then served from cache (0.9527ms)
gateway-web	Run pnpm test	2026-10-06T05:04:52.6351440Z ✔ RS-201: the bound HOLDS - a probe that never answers cannot block the caller (41.1944ms)
gateway-web	Run pnpm test	2026-10-06T05:04:52.6352709Z ✔ RS-201: a missed bound degrades to the last known answer, marked as degraded and aged (51.9547ms)
gateway-web	Run pnpm test	2026-10-06T05:04:52.6353850Z ✔ RS-201: when nothing was ever known, the bound yields NO_DATA and never invents availability (31.2784ms)
gateway-web	Run pnpm test	2026-10-06T05:04:52.6354948Z ✔ RS-201: a probe that throws degrades instead of propagating into the calling path (0.5741ms)
gateway-web	Run pnpm test	2026-10-06T05:04:52.6356055Z ✔ RS-201: the probe reports its own bounds and refuses an unusable configuration (0.2524ms)
gateway-web	Run pnpm test	2026-10-06T05:04:52.6357115Z ✔ RS-201: the outcome vocabulary keeps a degraded answer distinguishable from a fresh one (0.1013ms)
gateway-web	Run pnpm test	2026-10-06T05:04:52.6358241Z ✔ a healthy current device is preferred, so nothing moves and nothing is interrupted (3.0767ms)
gateway-web	Run pnpm test	2026-10-06T05:04:52.6359316Z ✔ endpoints are ranked from metadata only, and stale or offline ones are never healthy (1.8858ms)
gateway-web	Run pnpm test	2026-10-06T05:04:52.6360467Z ✔ no execution begins before the V1 device-switch confirmation (0.9555ms)
gateway-web	Run pnpm test	2026-10-06T05:04:52.6361512Z ✔ exactly one canonical Action exists on the execution host, and every event correlates to it (0.9715ms)
gateway-web	Run pnpm test	2026-10-06T05:04:52.6362541Z ✔ remote cancel works from any authorized device and reconciles late results (1.0925ms)
gateway-web	Run pnpm test	2026-10-06T05:04:52.6363748Z ✔ hardware-bound authentication surfaces as ATTENTION_REQUIRED, never as false success (0.8606ms)
gateway-web	Run pnpm test	2026-10-06T05:04:52.6364865Z ✔ semantic input staging carries an explicit cleanup policy, and the router is strict (1.5634ms)
gateway-web	Run pnpm test	2026-10-06T05:04:52.6365905Z ✔ the policy cannot switch off confirmation or the health ceilings (0.4683ms)
gateway-web	Run pnpm test	2026-10-06T05:04:52.6366891Z ✔ the approved endpoint must still be healthy at dispatch time (0.5859ms)
gateway-web	Run pnpm test	2026-10-06T05:04:52.6367698Z ✔ a malformed caller instant is refused as a typed error (0.7914ms)
gateway-web	Run pnpm test	2026-10-06T05:04:52.6368561Z ✔ a settled action is not regressed by a late attention request (0.4694ms)
gateway-web	Run pnpm test	2026-10-06T05:04:52.6369386Z ✔ a cancellation event is terminal because the action is (0.4412ms)
gateway-web	Run pnpm test	2026-10-06T05:04:52.6370328Z ✔ a cyclic caller value cannot crash the freezer, and stored text is typed (1.0211ms)
gateway-web	Run pnpm test	2026-10-06T05:04:52.6371192Z ✔ a non-boolean requirement cannot skip an exclusion (0.2379ms)
gateway-web	Run pnpm test	2026-10-06T05:04:52.6371943Z ✔ a live action id cannot bypass the confirmation gates (0.4106ms)
gateway-web	Run pnpm test	2026-10-06T05:04:52.6372929Z ✔ an executor refusal is not recorded as a dispatch (0.3547ms)
gateway-web	Run pnpm test	2026-10-06T05:04:52.6373832Z ✔ a hardware-bound action stays addressable while it awaits the user (0.2529ms)
gateway-web	Run pnpm test	2026-10-06T05:04:52.6374832Z ✔ a success carries its result, and an exact replay is not applied twice (0.3713ms)
gateway-web	Run pnpm test	2026-10-06T05:04:52.6375747Z ✔ a cancellation is only reported when the executor accepted it (0.3672ms)
gateway-web	Run pnpm test	2026-10-06T05:04:52.6376604Z ✔ a known deterministic command consults no JEV and no provider (3.0207ms)
gateway-web	Run pnpm test	2026-10-06T05:04:52.6377582Z ✔ JEV recommends, gateway policy decides, and both are independently auditable (0.5452ms)
gateway-web	Run pnpm test	2026-10-06T05:04:52.6378598Z ✔ unavailable, timed-out, malformed and low-confidence JEV is non-blocking (0.7681ms)
gateway-web	Run pnpm test	2026-10-06T05:04:52.6379513Z ✔ JEV cannot execute an Action or grant permission (0.565ms)
gateway-web	Run pnpm test	2026-10-06T05:04:52.6380395Z ✔ engineering intent routes to the Engineering programme, never to General AI (1.1971ms)
gateway-web	Run pnpm test	2026-10-06T05:04:52.6381257Z ✔ the router is strict, frozen and free of ambient state (1.1388ms)
gateway-web	Run pnpm test	2026-10-06T05:04:52.6382178Z ✔ a classification that carries an execution is refused however it is hidden (0.4944ms)
gateway-web	Run pnpm test	2026-10-06T05:04:52.6383173Z ✔ policy values are validated, so a route cannot be invented or a gate removed (0.3751ms)
gateway-web	Run pnpm test	2026-10-06T05:04:52.6384087Z ✔ command records are strict and instants are real (0.5146ms)
gateway-web	Run pnpm test	2026-10-06T05:04:52.6384870Z ✔ deterministic local commands route exactly as before (2.5693ms)
gateway-web	Run pnpm test	2026-10-06T05:04:52.6385820Z ✔ an ordinary AI request produces a GENERAL_AI Action with provenance as advanced state (1.4516ms)
gateway-web	Run pnpm test	2026-10-06T05:04:52.6387070Z ✔ device-switch and API proposals never navigate the user away, and remote results return to the action (1.5311ms)
gateway-web	Run pnpm test	2026-10-06T05:04:52.6388346Z ✔ an API proposal requires explicit confirmation and shows the budget outcome before execution (0.86ms)
gateway-web	Run pnpm test	2026-10-06T05:04:52.6389442Z ✔ attention is projected into canonical shared state, never a GAI-only store (0.6347ms)
gateway-web	Run pnpm test	2026-10-06T05:04:52.6390515Z ✔ cancel and control work from Web and Android for the same Action, with one shared history (0.6797ms)
gateway-web	Run pnpm test	2026-10-06T05:04:52.6391601Z ✔ no path claims success while the backend is unavailable, and legacy routes are refused (1.1972ms)
gateway-web	Run pnpm test	2026-10-06T05:04:52.6392942Z ✔ nothing is reported as executed without a channel, and a confirmed device is not rewritten (0.4024ms)
gateway-web	Run pnpm test	2026-10-06T05:04:52.6394035Z ✔ the first terminal result is the action truth and cannot be rewritten (0.4199ms)
gateway-web	Run pnpm test	2026-10-06T05:04:52.6395014Z ✔ the advanced view keeps real identifiers and refuses unreadable provenance (0.4297ms)
gateway-web	Run pnpm test	2026-10-06T05:04:52.6396039Z ✔ a crashing port is a typed refusal and instants are real (0.3824ms)
gateway-web	Run pnpm test	2026-10-06T05:04:52.6396948Z ✔ a cancelled action cannot be advanced, proposed to, projected, or executed (0.3209ms)
gateway-web	Run pnpm test	2026-10-06T05:04:52.6397883Z ✔ an approved API proposal is consumed by its one execution (0.2442ms)
gateway-web	Run pnpm test	2026-10-06T05:04:52.6398879Z ✔ a shared Attention port that refuses is refused, not claimed as canonical state (0.3816ms)
gateway-web	Run pnpm test	2026-10-06T05:04:52.6399937Z ✔ success is refused while canonical attention is outstanding, even after a resume (0.2722ms)
gateway-web	Run pnpm test	2026-10-06T05:04:52.6400904Z ✔ the routing policy decides whether the local matcher runs first (0.2634ms)
gateway-web	Run pnpm test	2026-10-06T05:04:52.6401694Z ✔ the canonical history names the device that acted (0.297ms)
gateway-web	Run pnpm test	2026-10-06T05:04:52.6402679Z ✔ a device-switch confirmation cannot revive a cancelled action (0.3325ms)
gateway-web	Run pnpm test	2026-10-06T05:04:52.6403649Z ✔ Web is the default execution channel and execution is bound to a profile handle (2.471ms)
gateway-web	Run pnpm test	2026-10-06T05:04:52.6404576Z ✔ a channel state that cannot execute is a typed refusal (1.5245ms)
gateway-web	Run pnpm test	2026-10-06T05:04:52.6405364Z ✔ partial output is never reported as the final result (0.5776ms)
gateway-web	Run pnpm test	2026-10-06T05:04:52.6406024Z ✔ cancel is typed and idempotent (0.5078ms)
gateway-web	Run pnpm test	2026-10-06T05:04:52.6406932Z ✔ a persistent login survives an allowed restart when the profile handle still resolves (1.0671ms)
gateway-web	Run pnpm test	2026-10-06T05:04:52.6408104Z ✔ a profile that cannot be resolved reports AUTH_REQUIRED instead of a silent fresh login (0.2069ms)
gateway-web	Run pnpm test	2026-10-06T05:04:52.6409095Z ✔ raw cookies, storage and tokens never enter persisted City state (0.4919ms)
gateway-web	Run pnpm test	2026-10-06T05:04:52.6409940Z ✔ real-provider acceptance is recorded, never fabricated (0.3011ms)
gateway-web	Run pnpm test	2026-10-06T05:04:52.6410660Z ✔ a restore may not take over a live session (0.6107ms)
gateway-web	Run pnpm test	2026-10-06T05:04:52.6411626Z ✔ a persisted state must be this module version and cannot hide raw browser state (1.3553ms)
gateway-web	Run pnpm test	2026-10-06T05:04:52.6412814Z ✔ a persisted instant must be a real instant (0.4669ms)
gateway-web	Run pnpm test	2026-10-06T05:04:52.6413746Z ✔ a persisted state must be a bare own-property object, and accountRef a reference (0.3931ms)
gateway-web	Run pnpm test	2026-10-06T05:04:52.6415307Z ✔ a completion whose session is gone is refused, and case-variant raw state is still raw state (0.3747ms)
gateway-web	Run pnpm test	2026-10-06T05:06:27.3254375Z ✔ two installation launchers share one City across ports and recover the same identity after a crash (114508.8491ms)
gateway-web	Run pnpm test	2026-10-06T05:06:27.5040013Z ✔ forgetting migrated enrollment cannot import the legacy credential again (177.4079ms)
gateway-web	Run pnpm test	2026-10-06T05:06:28.8262440Z ✔ remote short code enrolls with a local member agent and reconnects without launching a host City (1319.7743ms)
gateway-web	Run pnpm test	2026-10-06T05:06:31.7271975Z ✔ PRIMARY launcher reports successful MEMBER transition and normal main restart preserves it (2904.3926ms)
gateway-web	Run pnpm test	2026-10-06T05:06:31.7446987Z ✔ host reservation is atomic across requested ports and retains the canonical data directory (68.4865ms)
gateway-web	Run pnpm test	2026-10-06T05:06:31.7449182Z ✔ joining only demotes the local host, saves its admission name and leaves remote City intact (131.3388ms)
gateway-web	Run pnpm test	2026-10-06T05:06:31.7450822Z ✔ failed pairing and busy local work do not demote or write a new membership (49.9832ms)
gateway-web	Run pnpm test	2026-10-06T05:06:31.7452140Z ✔ native production transition retires only local Gateway and its worker, while remote host stays primary (258.2408ms)
gateway-web	Run pnpm test	2026-10-06T05:06:31.7454586Z ✔ selected MEMBER role survives coordinator crash without replacing the original City pointer (3.9853ms)
gateway-web	Run pnpm test	2026-10-06T05:06:31.7458753Z ✔ startup preflight recognizes old absolute Windows paths and refuses duplicate Cities (4.5721ms)
gateway-web	Run pnpm test	2026-10-06T05:06:31.7461418Z ✔ an interrupted Windows inventory is an explicit blocking error, never an empty host (0.6091ms)
gateway-web	Run pnpm test	2026-10-06T05:06:31.7462563Z ✔ a relative Gateway path with an inconclusive identity probe blocks startup (0.3792ms)
gateway-web	Run pnpm test	2026-10-06T05:06:31.7463761Z ✔ a cold Windows inventory timeout retries one complete scan before declaring the host empty (0.8269ms)
gateway-web	Run pnpm test	2026-10-06T05:06:31.7464828Z ✔ a persistent inventory timeout refuses after exactly two attempts (0.344ms)
gateway-web	Run pnpm test	2026-10-06T05:06:31.7466023Z ✔ a non-timeout inventory error refuses without retrying (0.6077ms)
gateway-web	Run pnpm test	2026-10-06T05:06:31.7466997Z ✔ mixed timeout and non-timeout failures cannot hide a blocking inventory error (0.7456ms)
gateway-web	Run pnpm test	2026-10-06T05:06:31.7468416Z ✔ REVIEW JOIN-501 A1: when ANOTHER client replaces the canonical session, the first page stops showing a dead code (5510.8466ms)
gateway-web	Run pnpm test	2026-10-06T05:06:31.7469907Z ✔ REVIEW JOIN-501 A2: a real WebSocket drop and the product’s own reconnect neither create nor lose a session (6317.6947ms)
gateway-web	Run pnpm test	2026-10-06T05:06:31.7471167Z ✔ REVIEW JOIN-501 A3: a burst of same-task clicks can create at most one session (9651.2859ms)
gateway-web	Run pnpm test	2026-10-06T05:06:31.7472121Z ✔ REVIEW JOIN-501 A4: a code that expires while the tab is HIDDEN is not restored as ACTIVE (12687.4438ms)
gateway-web	Run pnpm test	2026-10-06T05:06:31.7473747Z ✔ JOIN-502: a join request grants nothing until an already trusted device approves it (125.4014ms)
gateway-web	Run pnpm test	2026-10-06T05:06:31.7474983Z ✔ JOIN-502: the browse is authenticated, and a nearby City never makes this City mint a pairing code (662.8233ms)
gateway-web	Run pnpm test	2026-10-06T05:06:31.7476118Z ✔ JOIN-502: a duplicate or replayed request is bounded, not a second approval card (39.3574ms)
gateway-web	Run pnpm test	2026-10-06T05:06:31.7477202Z ✔ JOIN-502: a rejected request stays rejected, and re-asking after a rejection is refused (30.0824ms)
gateway-web	Run pnpm test	2026-10-06T05:06:31.7478425Z ✔ JOIN-502: an expired request cannot be approved back into life, and expiry does not need a request to happen (30.7502ms)
gateway-web	Run pnpm test	2026-10-06T05:06:31.7479548Z ✔ JOIN-502: the request list is BOUNDED, and a decision survives a City restart (67.6305ms)
gateway-web	Run pnpm test	2026-10-06T05:06:31.7480539Z ✔ JOIN-502: the state machine refuses what it cannot honour, instead of guessing (5.0789ms)
gateway-web	Run pnpm test	2026-10-06T05:06:31.7481720Z ✔ JOIN-502: an approval reaches OTHER surfaces as a canonical event, not only the owner that made it (35.4934ms)
gateway-web	Run pnpm test	2026-10-06T05:06:31.7482766Z ✔ JOIN-502: decisions are canonical events, and their payloads carry no secret (25.8646ms)
gateway-web	Run pnpm test	2026-10-06T05:06:31.7484143Z ✔ JOIN-502 discovery adapter: a discovered City is a candidate, never a credential (1.9675ms)
gateway-web	Run pnpm test	2026-10-06T05:06:31.7485273Z ✔ JOIN-502 discovery adapter: the same City advertised twice is ONE row, and the newest address wins (0.2907ms)
gateway-web	Run pnpm test	2026-10-06T05:06:31.7487125Z ✔ JOIN-502 discovery adapter: a stale or future-dated sighting is not offered, and an unidentified one is not merged (1.03ms)
gateway-web	Run pnpm test	2026-10-06T05:06:31.7488756Z ✔ JOIN-502 discovery adapter: a row with no reachable endpoint is refused rather than offered (0.3303ms)
gateway-web	Run pnpm test	2026-10-06T05:06:31.7489862Z ✔ JOIN-502 discovery adapter: the probe fails SOFT - no probe, no fetch or a bad answer is an empty list (0.8784ms)
gateway-web	Run pnpm test	2026-10-06T05:06:31.7490986Z ✔ JOIN-502 gateway browse: mDNS records become RF-003 advertisements, and the contract still refuses to pair from them (1.7814ms)
gateway-web	Run pnpm test	2026-10-06T05:06:31.7492215Z ✔ JOIN-502 gateway browse: the view carries the ADVERTISED address and withholds it once stale (0.3426ms)
gateway-web	Run pnpm test	2026-10-06T05:06:31.7493343Z ✔ JOIN-502 capability statement: a City states what it accepts instead of a client guessing (0.29ms)
gateway-web	Run pnpm test	2026-10-06T05:06:31.7494467Z ✔ P1-P5 discovery, request, approval and exchange hold the workbook boundaries (147.5703ms)
gateway-web	Run pnpm test	2026-10-06T05:06:31.7495394Z     OBSERVED: /pairing/info bad-version -> 200; /pairing/session bad-version -> 409
gateway-web	Run pnpm test	2026-10-06T05:06:31.7496432Z ✔ P6 REGRESSION PROBE the version check on the legacy public pairing routes (32.9563ms)
gateway-web	Run pnpm test	2026-10-06T05:06:31.7497378Z ✔ the browse is reachable WITHOUT a credential, because a joining PC has none (2074.3419ms)
gateway-web	Run pnpm test	2026-10-06T05:06:31.7498354Z ✔ the DECISION routes stay authenticated: a public read must not widen into a public write (35.5777ms)
gateway-web	Run pnpm test	2026-10-06T05:06:31.7499354Z ✔ the version check still applies to the join routes that are public (24.6188ms)
gateway-web	Run pnpm test	2026-10-06T05:06:31.7500512Z ✔ JOIN-502 surface: a nearby City is offered without being trusted, and joining waits for an approval (6113.2406ms)
gateway-web	Run pnpm test	2026-10-06T05:06:31.7501881Z ✔ JOIN-502 surface: a refused browse still offers the fallbacks, and a rejected ask leaves the device untrusted (6854.3428ms)
gateway-web	Run pnpm test	2026-10-06T05:06:31.7503456Z ✔ JOIN-503 (1)(2): one join enrolls an installation, and a RESTART reconnects with nothing typed (122.4732ms)
gateway-web	Run pnpm test	2026-10-06T05:06:31.7504625Z ✔ JOIN-503 (3): an EXPIRED session is replaced by an internal re-auth, with no user-visible token prompt (43.2608ms)
gateway-web	Run pnpm test	2026-10-06T05:06:31.7507164Z ✔ JOIN-503 (4)(5): REVOKE denies reconnect, and a revoked installation cannot mint new membership (37.5719ms)
gateway-web	Run pnpm test	2026-10-06T05:06:31.7508689Z ✔ JOIN-503 (6): a REINSTALL mints new identities and is unbound until an explicit rebind (38.6086ms)
gateway-web	Run pnpm test	2026-10-06T05:06:31.7509880Z ✔ JOIN-503 (7): the secret-exposure sweep - no durable secret in the snapshot, events, records or a URL (31.5728ms)
gateway-web	Run pnpm test	2026-10-06T05:06:31.7511264Z ✔ JOIN-503: a broken or foreign device file is refused rather than half-used (4.6552ms)
gateway-web	Run pnpm test	2026-10-06T05:06:31.7512196Z ✔ JOIN-503 (8): the engineering manual fallback still exists and is not the default path (25.4174ms)
gateway-web	Run pnpm test	2026-10-06T05:06:31.7515589Z ✔ JOIN-503: an invite of either shape is understood, and junk is refused instead of guessed at (0.6486ms)
gateway-web	Run pnpm test	2026-10-06T05:06:31.7516892Z ✔ JOIN-503: enrollment events are emitted on a CLONE, which is the population-level half of detection (26.6962ms)
gateway-web	Run pnpm test	2026-10-06T05:06:31.7518024Z ✔ REVIEW JOIN-503 D-1/D-2: a session may act on ITSELF and on nothing else (155.9891ms)
gateway-web	Run pnpm test	2026-10-06T05:06:31.7519179Z ✔ D-1: an enrolled session may NOT revoke another installation, and the refusal really refuses (131.9915ms)
gateway-web	Run pnpm test	2026-10-06T05:06:31.7520369Z ✔ D-2: a session sees ONLY itself - not the roster, and not the City-wide clone scan (42.439ms)
gateway-web	Run pnpm test	2026-10-06T05:06:31.7521568Z ✔ D-1/D-2: the owner keeps FULL authority, so the repair did not break the surface it protects (44.6727ms)
gateway-web	Run pnpm test	2026-10-06T05:06:31.7522675Z ✔ D-1/D-2: the two sibling guards the review compared against are still in place (35.9417ms)
gateway-web	Run pnpm test	2026-10-06T05:06:31.7532070Z ✔ Android approval enrolls a named member; durable reconnect survives City restart and self-revoke (383.7787ms)
gateway-web	Run pnpm test	2026-10-06T05:06:31.7534314Z ✔ LINK: two independent Cities link over a pipe the main City dialled out, and a join completes across it (129.2425ms)
gateway-web	Run pnpm test	2026-10-06T05:06:31.7536201Z ✔ MESH-301 naming: a fresh machine joins as Alien-Win, and that name is persisted (0.8352ms)
gateway-web	Run pnpm test	2026-10-06T05:06:31.7537560Z ✔ MESH-301 naming: RENAMING changes the label and never the physical identity (0.1439ms)
gateway-web	Run pnpm test	2026-10-06T05:06:31.7538755Z ✔ MESH-301 naming: the persisted identity beats the default even with no arguments at all (0.1026ms)
gateway-web	Run pnpm test	2026-10-06T05:06:31.7539818Z ✔ MESH-301 naming: an explicit environment identity wins and is persisted (0.2498ms)
gateway-web	Run pnpm test	2026-10-06T05:06:31.7541004Z ✔ MESH-301 naming: --id wins, and the flag does NOT swallow the display name (0.1564ms)
gateway-web	Run pnpm test	2026-10-06T05:06:31.7542329Z ✔ MESH-301 naming: an unreadable identity store does not stop the node, and the default still applies (0.1902ms)
gateway-web	Run pnpm test	2026-10-06T05:06:31.7543505Z ✔ targeting: an absent or empty target means untargeted, never an error (1.2829ms)
gateway-web	Run pnpm test	2026-10-06T05:06:31.7544628Z ✔ targeting: a malformed target is a typed refusal, not a silently ignored field (0.3834ms)
gateway-web	Run pnpm test	2026-10-06T05:06:31.7552193Z ✔ targeting: the claim rule is total - untargeted always allowed, strict only for the named device (0.2199ms)
gateway-web	Run pnpm test	2026-10-06T05:06:31.7553391Z ✔ targeting: KNOWN, ONLINE and ELIGIBLE are three questions, and only the last one is claimable (0.2899ms)
gateway-web	Run pnpm test	2026-10-06T05:06:31.7554603Z ✔ targeting: a withheld task names the device it is held for and the device that asked (0.8426ms)
gateway-web	Run pnpm test	2026-10-06T05:06:31.7555474Z ✔ targeting: waiting means strict, unfinished and unclaimed (0.2423ms)
gateway-web	Run pnpm test	2026-10-06T05:06:31.7556504Z ✔ MESH-301 step 3: a strict target routes to one device, waits when that device is away, and never reroutes (1520.4693ms)
gateway-web	Run pnpm test	2026-10-06T05:06:31.7557822Z ✔ D-R1: a surface with two sockets is ONE surface, and only the last socket closing announces its departure (1258.2539ms)
gateway-web	Run pnpm test	2026-10-06T05:06:31.7559365Z ✔ D-R1: an ANONYMOUS surface is still recorded, and anonymous sockets do not silence each other (736.712ms)
gateway-web	Run pnpm test	2026-10-06T05:06:31.7560326Z ✔ records mission events and finalizes a verified episode (467.6217ms)
gateway-web	Run pnpm test	2026-10-06T05:06:31.7561099Z ✔ refuses same host for migration and verification (294.6979ms)
gateway-web	Run pnpm test	2026-10-06T05:06:31.7562136Z ✔ bounded canonical projection exposes active task, binding and exact event evidence without raw secrets (164.0143ms)
gateway-web	Run pnpm test	2026-10-06T05:06:31.7566930Z ✔ overflow and missing history remain visible; fresh snapshot reflects canonical state, not cached truth (127.9212ms)
gateway-web	Run pnpm test	2026-10-06T05:06:31.7568138Z ✔ slow/disconnected observation never gates real canonical task persistence (103.7404ms)
gateway-web	Run pnpm test	2026-10-06T05:06:31.7569344Z ✔ real API claim/report projection follows persisted lifecycle and cannot execute commands (143.7824ms)
gateway-web	Run pnpm test	2026-10-06T05:06:31.7572761Z ✔ stalled HTTP monitor request and broken reader leave independent create/cancel requests working (105.2009ms)
gateway-web	Run pnpm test	2026-10-06T05:06:31.7573945Z ✔ invalid limits cannot create unbounded queries, single flight and unknown populations stay honest (85.2093ms)
gateway-web	Run pnpm test	2026-10-06T05:06:31.7575003Z ✔ deleted historical prefix and tail cannot be reported as complete history (104.6066ms)
gateway-web	Run pnpm test	2026-10-06T05:06:31.7577138Z ✔ Gateway shares outstanding observation and retains stale last view on later source failure (94.246ms)
gateway-web	Run pnpm test	2026-10-06T05:06:31.7578172Z ✔ Alien: model OWNER_REQUIRED is an escalation, not auto-resolution (19.8695ms)
gateway-web	Run pnpm test	2026-10-06T05:06:31.7594116Z ✔ Alien: canonical observation cannot enqueue decisions after bounded close (2.0146ms)
gateway-web	Run pnpm test	2026-10-06T05:06:31.7595442Z ✔ Alien: retention restart preserves the newest decisions, not UUID lexical order (12.8807ms)
gateway-web	Run pnpm test	2026-10-06T05:06:31.7599979Z ✔ Alien: queue overflow retains canonical evidence and reports failed receipt persistence (1698.3041ms)
gateway-web	Run pnpm test	2026-10-06T05:06:31.7601366Z ✔ Alien: canonical present-but-ineligible target is escalated, not described as recovering offline (8.8936ms)
gateway-web	Run pnpm test	2026-10-06T05:06:31.7602533Z ✔ Alien: a timeout remains measurable when the critic subsequently resolves (16.7174ms)
gateway-web	Run pnpm test	2026-10-06T05:06:31.7603773Z ✔ Alien Gateway: an online ineligible strict target produces an Owner decision with real event evidence (74.5884ms)
gateway-web	Run pnpm test	2026-10-06T05:06:31.7605092Z ✔ Alien browser: polling preserves opened provenance and successful retry clears an old error (2549.1516ms)
gateway-web	Run pnpm test	2026-10-06T05:06:31.7606363Z ✔ Alien browser: unavailable decision persistence is visible even before any write failure (4088.2358ms)
gateway-web	Run pnpm test	2026-10-06T05:06:31.7607528Z ✔ Alien browser: frequent City rendering cannot starve bounded decision polling (4775.5051ms)
gateway-web	Run pnpm test	2026-10-06T05:06:31.7608834Z ✔ MON903 route: a canonical failure becomes a decision receipt with canonical provenance, and the task itself is untouched (186.5356ms)
gateway-web	Run pnpm test	2026-10-06T05:06:31.7610269Z ✔ MON903 route: ordinary City activity produces no decisions at all (223.6763ms)
gateway-web	Run pnpm test	2026-10-06T05:06:31.7611480Z ✔ MON903 route: reading is authenticated, asking for a decision is the owner's, and refusals are typed (127.4696ms)
gateway-web	Run pnpm test	2026-10-06T05:06:31.7612860Z ✔ MON903 route: an explicitly submitted owner-boundary trigger is recorded as owner-required and applied by nobody (137.4512ms)
gateway-web	Run pnpm test	2026-10-06T05:06:31.7614225Z ✔ MON903 route: a decision for one task never blocks another task, and the projection carries both (232.2372ms)
gateway-web	Run pnpm test	2026-10-06T05:06:31.7615496Z ✔ MON903 triggers: only the named canonical events enter the decision path, and ordinary reports do not (24.0587ms)
gateway-web	Run pnpm test	2026-10-06T05:06:31.7617049Z ✔ MON903 ladder: a deterministic rule resolves first and the model is never consulted for it (28.0187ms)
gateway-web	Run pnpm test	2026-10-06T05:06:31.7618443Z ✔ MON903 owner boundary: scope, merge, review and owner-candidate triggers escalate WITHOUT any resolver being asked (8.8774ms)
gateway-web	Run pnpm test	2026-10-06T05:06:31.7621188Z ✔ MON903 fallback: a hanging, throwing or free-text resolver becomes a bounded fallback, never an authority (145.4891ms)
gateway-web	Run pnpm test	2026-10-06T05:06:31.7622754Z ✔ MON903 queues: decisions are per-task, parallel across tasks, bounded per task, and never a global barrier (863.6579ms)
gateway-web	Run pnpm test	2026-10-06T05:06:31.7624448Z ✔ MON903 receipts: bounded contract, provenance, measured post-state, and no applied action anywhere (20.8691ms)
gateway-web	Run pnpm test	2026-10-06T05:06:31.7625923Z ✔ MON903 store: an unusable receipt store degrades the overlay and never prevents the City from starting (finding M-1) (13.1294ms)
gateway-web	Run pnpm test	2026-10-06T05:06:31.7627371Z ✔ MON903 store: the City itself starts and serves decisions when the decision store is unusable (finding M-1, City level) (1457.4102ms)
gateway-web	Run pnpm test	2026-10-06T05:06:31.7629286Z ✔ MON903 isolation: a reader that throws, a broken receipt file and a failing receipt write cannot break the caller (12.919ms)
gateway-web	Run pnpm test	2026-10-06T05:06:31.7630612Z ✔ MON903 close: a closed overlay refuses a trigger with its OWN code, not by blaming the trigger (2.9892ms)
gateway-web	Run pnpm test	2026-10-06T05:06:31.7632995Z ✔ MON903 rules: the deterministic layer answers each kind from canonical facts, and invents no default (0.5841ms)
gateway-web	Run pnpm test	2026-10-06T05:06:31.7634391Z ✔ MON903 web: the owner sees the decision the City recorded, its provenance, and that nobody applied it (6561.4883ms)
gateway-web	Run pnpm test	2026-10-06T05:06:31.7635597Z ✔ MON903 web: an enrolled member may read what the City decided, and is told who can ask for one (2267.8039ms)
gateway-web	Run pnpm test	2026-10-06T05:06:31.7636670Z ✔ same LAN is direct, and it is chosen FIRST so the common case pays for nothing (1.9067ms)
gateway-web	Run pnpm test	2026-10-06T05:06:31.7642879Z ✔ a peer that cannot be dialled uses the outbound relay when one exists - no account, no router change (0.1598ms)
gateway-web	Run pnpm test	2026-10-06T05:06:31.7649663Z ✔ an overlay the user ALREADY has beats asking them to create one (0.0987ms)
gateway-web	Run pnpm test	2026-10-06T05:06:31.7651194Z ✔ a forwarded port is offered WITH its cost, as an Owner decision rather than a silent choice (0.1451ms)
gateway-web	Run pnpm test	2026-10-06T05:06:31.7652505Z ✔ two PCs on different networks with no relay and no overlay get an HONEST none plus the Owner question (0.196ms)
gateway-web	Run pnpm test	2026-10-06T05:06:31.7654961Z ✔ a /24 mismatch is only used to prefer a direct attempt, never to claim reachability (0.1059ms)
gateway-web	Run pnpm test	2026-10-06T05:06:31.7656129Z ✔ loopback and Bluetooth are direct, with their reasons stated (0.1339ms)
gateway-web	Run pnpm test	2026-10-06T05:06:31.7657204Z ✔ the group plan reports the HARDEST peer as what the group requires, not the easiest (0.8523ms)
gateway-web	Run pnpm test	2026-10-06T05:06:31.7658389Z ✔ when every peer needs the Owner, the plan says so and lists them rather than offering a spinner (0.346ms)
gateway-web	Run pnpm test	2026-10-06T05:06:31.7664006Z ✔ an empty group and junk input are answered, not thrown at (0.256ms)
gateway-web	Run pnpm test	2026-10-06T05:06:31.7665348Z ✔ the preference list is exported so the order is reviewable rather than buried (0.1423ms)
gateway-web	Run pnpm test	2026-10-06T05:06:31.7667876Z ✔ real node executes file checkpoint task; cancelled task stays cancelled (1127.4071ms)
gateway-web	Run pnpm test	2026-10-06T05:06:31.7671001Z ✔ custom City lockout never directs users to an unrelated Alien host; explicit renewal remains usable (118.3935ms)
gateway-web	Run pnpm test	2026-10-06T05:06:31.7672356Z ✔ mDNS tries reachable advertised addresses instead of trusting lexical order (19.0989ms)
gateway-web	Run pnpm test	2026-10-06T05:06:31.7677289Z ✔ a multicast browse error is unavailable, not a successful empty search (0.4555ms)
gateway-web	Run pnpm test	2026-10-06T05:06:31.7681145Z ✔ Bluetooth scanning decodes the existing Android locator and reports unsupported hosts (0.5453ms)
gateway-web	Run pnpm test	2026-10-06T05:06:31.7682438Z ✔ Bluetooth discovery retains the default HTTP port and verifies the endpoint identity (0.5306ms)
gateway-web	Run pnpm test	2026-10-06T05:06:31.7686185Z ✔ N3: a pairing session offers a WEB link a second PC can open, without replacing the QR payload (23.5803ms)
gateway-web	Run pnpm test	2026-10-06T05:06:31.7687239Z ✔ N3: the session route hands the web link to the surface, so the page has something to show (86.3727ms)
gateway-web	Run pnpm test	2026-10-06T05:06:31.7688214Z ✔ N3: the pairing entry exists in BOTH states the page can be in (1.4524ms)
gateway-web	Run pnpm test	2026-10-06T05:06:31.7689174Z ✔ N3: the page can take a link from the address bar, and it asks before it connects (0.8018ms)
gateway-web	Run pnpm test	2026-10-06T05:06:31.7690259Z ✔ IDLE: no session exists until create() is called, and a read never changes that (1.2698ms)
gateway-web	Run pnpm test	2026-10-06T05:06:31.7691315Z ✔ generate once: exactly one ACTIVE session with the City payload kept verbatim (0.9221ms)
gateway-web	Run pnpm test	2026-10-06T05:06:31.7692609Z ✔ ACTIVE is FINAL against re-generation: a second create() cannot rotate the code (0.9634ms)
gateway-web	Run pnpm test	2026-10-06T05:06:31.7693526Z ✔ ordinary reads keep the SAME id, code and payload (0.2857ms)
gateway-web	Run pnpm test	2026-10-06T05:06:31.7694551Z ✔ CONSUMED: the City reporting a different canonical session ends ACTIVE as USED, not as a mystery (0.2135ms)
gateway-web	Run pnpm test	2026-10-06T05:06:31.7695659Z ✔ EXPIRED: the countdown tick ends the session, names it EXPIRED, and creates nothing (0.1601ms)
gateway-web	Run pnpm test	2026-10-06T05:06:31.7696739Z ✔ a second EXPLICIT generate after expiry produces a new, different session (0.1747ms)
gateway-web	Run pnpm test	2026-10-06T05:06:31.7697772Z ✔ a malformed session response creates nothing (a half-session is not rendered) (0.3356ms)
gateway-web	Run pnpm test	2026-10-06T05:06:31.7698732Z ✔ reload persistence: the SAME valid session is restored, with its original expiry (0.3994ms)
gateway-web	Run pnpm test	2026-10-06T05:06:31.7700644Z ✔ a stored session that expired while the page was away comes back EXPIRED, never as a new code (0.2578ms)
gateway-web	Run pnpm test	2026-10-06T05:06:31.7701650Z ✔ a corrupt or foreign storage record is dropped rather than half-rendered (0.2513ms)
gateway-web	Run pnpm test	2026-10-06T05:06:31.7702520Z ✔ an explicit user clear names its reason and still creates nothing (0.1299ms)
gateway-web	Run pnpm test	2026-10-06T05:06:31.7705195Z ✔ clearOnSessionChanged is a no-op while the City still reports our own session (0.1768ms)
gateway-web	Run pnpm test	2026-10-06T05:06:31.7706301Z ✔ when the City session vanished AND ours is past expiry, the reason reported is EXPIRED (0.1591ms)
gateway-web	Run pnpm test	2026-10-06T05:06:31.7707402Z ✔ a new session after a terminal state is a full fresh display, and generate stays offered only when idle (1.0408ms)
gateway-web	Run pnpm test	2026-10-06T05:06:31.7708450Z ✔ pairing input survives slow typing, refresh, navigation and a failed attempt (14299.6726ms)
gateway-web	Run pnpm test	2026-10-06T05:06:31.7709372Z ✔ a six digit code pairs to the City serving the disconnected page (2134.6109ms)
gateway-web	Run pnpm test	2026-10-06T05:06:31.7710363Z ✔ LAN search selects a peer and hands the code to its origin without a cross-origin POST (1905.6576ms)
gateway-web	Run pnpm test	2026-10-06T05:06:31.7711388Z ✔ BLE_BOOTSTRAP search selects a peer and hands the code to its origin without a cross-origin POST (2274.7804ms)
gateway-web	Run pnpm test	2026-10-06T05:06:31.7712378Z ✔ Bluetooth search is actionable and explains an unavailable radio (2185.0267ms)
gateway-web	Run pnpm test	2026-10-06T05:06:31.7713229Z ✔ a failed code handoff retains the target identity on retries (2479.6198ms)
gateway-web	Run pnpm test	2026-10-06T05:06:31.7714368Z ✖ JOIN-501 acceptance: no implicit generation, an ACTIVE code that cannot rotate, and both terminal states (41365.1485ms)
gateway-web	Run pnpm test	2026-10-06T05:06:31.7715611Z ✔ JOIN-501 real-endpoint receiver: a SECOND process (not the owner page) consumes the code the page shows (5500.5419ms)
gateway-web	Run pnpm test	2026-10-06T05:06:31.7716758Z ✔ JOIN-501 acceptance: expiry ends the display by itself, and the expiry path creates nothing (5494.1718ms)
gateway-web	Run pnpm test	2026-10-06T05:06:31.7717942Z ✔ JOIN-501: a fresh browser session starts with NO code, and a stored expired record is never exchanged (5594.5247ms)
gateway-web	Run pnpm test	2026-10-06T05:06:31.7719132Z ✔ short code preserves identity pinning, reports lockout, and never sends a code to the wrong City (113.5087ms)
gateway-web	Run pnpm test	2026-10-06T05:06:31.7720354Z ✔ code handoff carries only a selected City, six digits and the existing transport in a fragment (0.5478ms)
gateway-web	Run pnpm test	2026-10-06T05:06:31.7721644Z ✔ pairing sessions exchange once, expire and reject secret/code guesses without exposing credentials (152.0606ms)
gateway-web	Run pnpm test	2026-10-06T05:06:31.7722776Z ✔ descriptor validation rejects invalid input and conflicts, discovery TXT excludes secrets (0.6899ms)
gateway-web	Run pnpm test	2026-10-06T05:06:31.7723722Z ✔ T1: the Web shell is served from apps/web and cannot be escaped (84.6264ms)
gateway-web	Run pnpm test	2026-10-06T05:06:31.7724891Z ✔ T1: rooms are reported truthfully when the hub is up (29.4064ms)
gateway-web	Run pnpm test	2026-10-06T05:06:31.7725697Z ✔ T1: an unreachable Room Hub is a state, not an error (26.9784ms)
gateway-web	Run pnpm test	2026-10-06T05:06:31.7726493Z ✔ T2: a Room Action keeps the Room own truth and is idempotent (37.2707ms)
gateway-web	Run pnpm test	2026-10-06T05:06:31.7727332Z ✔ T2: a Capability Action carries the real invocation identity (66.7059ms)
gateway-web	Run pnpm test	2026-10-06T05:06:31.7728276Z ✔ T2: a City task is UNAVAILABLE with no node, and follows the real task when there is one (38.5003ms)
gateway-web	Run pnpm test	2026-10-06T05:06:31.7729569Z ✔ T3: Ask / Do routes deterministically, refuses to guess, and confirms side effects (307.9003ms)
gateway-web	Run pnpm test	2026-10-06T05:06:31.7730488Z ✔ scope: no BOSS or HNS route can be created, by any path (25.125ms)
gateway-web	Run pnpm test	2026-10-06T05:06:31.7731285Z ✔ T1.1: health reflects real readiness instead of being a constant (34.9051ms)
gateway-web	Run pnpm test	2026-10-06T05:06:31.7732002Z ✔ T2: an idempotency key is bound to one request (25.9846ms)
gateway-web	Run pnpm test	2026-10-06T05:06:31.7732720Z ✔ T2: City task provenance follows the real task state (27.6976ms)
gateway-web	Run pnpm test	2026-10-06T05:06:31.7733623Z ✔ network: local beats LAN beats remote beats unknown, and latency only ever removes score (1.9482ms)
gateway-web	Run pnpm test	2026-10-06T05:06:31.7734552Z ✔ capacity: missing telemetry is EXCLUDED, never defaulted to a middle value (0.3258ms)
gateway-web	Run pnpm test	2026-10-06T05:06:31.7736887Z ✔ role: a City already carrying devices outranks an identical empty one, and a known City outranks a stranger (0.1491ms)
gateway-web	Run pnpm test	2026-10-06T05:06:31.7737939Z ✔ recommendation: the best carrier wins on network + capacity together, not on either alone (0.4677ms)
gateway-web	Run pnpm test	2026-10-06T05:06:31.7739023Z ✔ recommendation: a candidate with NO telemetry falls back to network+role rather than scoring zero capacity (0.2037ms)
gateway-web	Run pnpm test	2026-10-06T05:06:31.7740193Z ✔ recommendation: an EMPTY list recommends nothing, and says why instead of throwing (0.64ms)
gateway-web	Run pnpm test	2026-10-06T05:06:31.7741410Z ✔ recommendation: the order is DETERMINISTIC for equal scores, so the list cannot reshuffle between renders (8.5523ms)
gateway-web	Run pnpm test	2026-10-06T05:06:31.7742724Z ✔ recommendation: a single loopback City is recommended with the honest reason that it is the only one (0.2111ms)
gateway-web	Run pnpm test	2026-10-06T05:06:31.7743765Z ✔ weights are exported and the balance is visible rather than guessed (0.2139ms)
gateway-web	Run pnpm test	2026-10-06T05:06:31.7745294Z ✔ attachment: wired beats wireless for a CARRIER, and a metered link is halved (0.2637ms)
gateway-web	Run pnpm test	2026-10-06T05:06:31.7746344Z ✔ group carrier: a City nobody else can reach is NOT the carrier, however powerful the machine (0.4435ms)
gateway-web	Run pnpm test	2026-10-06T05:06:31.7747579Z ✔ group carrier: when one City is reachable by every peer it wins, even against a higher-scoring partial one (0.161ms)
gateway-web	Run pnpm test	2026-10-06T05:06:31.7748853Z ✔ group carrier: with no peer reachability reported, it says the ranking alone decided rather than implying a check (0.1299ms)
gateway-web	Run pnpm test	2026-10-06T05:06:31.7749969Z ✔ group carrier: an empty topology answers honestly instead of throwing (0.1155ms)
gateway-web	Run pnpm test	2026-10-06T05:06:31.7750901Z ✔ the old inline implementation throws on empty output, which is the regression (2.1715ms)
gateway-web	Run pnpm test	2026-10-06T05:06:31.7751793Z ✔ empty output is read as "already gone", not as an unparseable error (0.5374ms)
gateway-web	Run pnpm test	2026-10-06T05:06:31.7752632Z ✔ "null" from ConvertTo-Json is also treated as already gone (0.1097ms)
gateway-web	Run pnpm test	2026-10-06T05:06:31.7753379Z ✔ a live, matching process verifies through CIM (0.2191ms)
gateway-web	Run pnpm test	2026-10-06T05:06:31.7754271Z ✔ a live process running something else is a FATAL mismatch, as it was before (0.1196ms)
gateway-web	Run pnpm test	2026-10-06T05:06:31.7755153Z ✔ a quoting-safe array result is handled as well as a single object (0.1222ms)
gateway-web	Run pnpm test	2026-10-06T05:06:31.7755929Z ✔ a missing CommandLine field is not mistaken for a match (0.2175ms)
gateway-web	Run pnpm test	2026-10-06T05:06:31.7756798Z ✔ when CIM is unusable, tasklist still catches a plainly wrong process (0.3331ms)
gateway-web	Run pnpm test	2026-10-06T05:06:31.7757679Z ✔ tasklist reporting no match is already-gone rather than unavailable (0.2698ms)
gateway-web	Run pnpm test	2026-10-06T05:06:31.7758674Z ✔ both probes failing is unavailable and aborts before stopping any process (0.3003ms)
gateway-web	Run pnpm test	2026-10-06T05:06:31.7759751Z ✔ unparseable-but-non-empty CIM output falls through to the weaker probe instead of claiming absence (0.1643ms)
gateway-web	Run pnpm test	2026-10-06T05:06:31.7760552Z ✔ a UTF-8 BOM on the output does not break parsing (0.1244ms)
gateway-web	Run pnpm test	2026-10-06T05:06:31.7761317Z ✔ every returned status is one of the declared statuses (0.1847ms)
gateway-web	Run pnpm test	2026-10-06T05:06:31.7762039Z ✔ a non-numeric PID is fatal and never reaches a command line (0.1171ms)
gateway-web	Run pnpm test	2026-10-06T05:06:31.7763019Z ✔ the CIM and tasklist filters refuse a non-numeric PID outright (0.1773ms)
gateway-web	Run pnpm test	2026-10-06T05:06:31.7764119Z ✔ only positively verified identity permits stopping a PID (0.1472ms)
gateway-web	Run pnpm test	2026-10-06T05:06:31.7765288Z ✔ runner stops file side effects when gateway has made task terminal (0.7661ms)
gateway-web	Run pnpm test	2026-10-06T05:06:31.7766244Z ✔ runner returns failed report for retry when transport is unavailable (0.2686ms)
gateway-web	Run pnpm test	2026-10-06T05:06:31.7767398Z ✔ S1: a peer that cannot be dialled registers over an OUTBOUND socket, and the City names its ref (88.5192ms)
gateway-web	Run pnpm test	2026-10-06T05:06:31.7768819Z ✔ S1: admission reuses the City’s OWN credentials - a session ref comes from the registry, and a bad one is refused (55.3783ms)
gateway-web	Run pnpm test	2026-10-06T05:06:31.7770245Z ✔ S3: a real join completes over the pipe - the CITY runs the payload, the owner approves, the claim is spent once (47.7798ms)
gateway-web	Run pnpm test	2026-10-06T05:06:31.7771666Z ✔ S3: without approval the pipe grants nothing - the City is not joined just because a path exists (20.301ms)
gateway-web	Run pnpm test	2026-10-06T05:06:31.7772889Z ✔ S2/S3: the relay refuses to be an open proxy - no path outside the list, and no widening by method (48.7346ms)
gateway-web	Run pnpm test	2026-10-06T05:06:31.7774155Z ✔ S3: a City refusal travels back as its OWN status, so the surface can say why instead of "unreachable" (16.8922ms)
gateway-web	Run pnpm test	2026-10-06T05:06:31.7775509Z ✔ S2: the dialling peer also SERVES the City - a payload the City PUSHES runs on the City it was dialled to (25.3086ms)
gateway-web	Run pnpm test	2026-10-06T05:06:31.7776719Z ✔ N2: the whole cross-network join runs over the pipe - capability, ask, decision, credential (76.7698ms)
gateway-web	Run pnpm test	2026-10-06T05:06:31.7777801Z ✔ N2: a rejection is reported AS a rejection and never retried; the flow stops there (71.7312ms)
gateway-web	Run pnpm test	2026-10-06T05:06:31.7781549Z ✔ N2: a pipe that answers for ANOTHER City is refused before an ask is created (17.626ms)
gateway-web	Run pnpm test	2026-10-06T05:06:31.7783026Z ✔ N2: the reach decision sends the same link to navigation and the far network to the pipe (0.3693ms)
gateway-web	Run pnpm test	2026-10-06T05:06:31.7784189Z ✔ S1: a pipe that never stops is rate-limited, and the version check still applies to the handshake (923.223ms)
gateway-web	Run pnpm test	2026-10-06T05:06:31.7786084Z ✔ an admitted peer registers and is listed; a refused one is refused WITH a reason (3.1583ms)
gateway-web	Run pnpm test	2026-10-06T05:06:31.7787263Z ✔ a forwarded request reaches the peer and its answer comes back to the caller (0.4818ms)
gateway-web	Run pnpm test	2026-10-06T05:06:31.7788288Z ✔ forwarding to a peer that is not connected is a typed 404, not a hang (0.1398ms)
gateway-web	Run pnpm test	2026-10-06T05:06:31.7789242Z ✔ a peer that never answers produces a TIMEOUT rather than an unbounded wait (62.1573ms)
gateway-web	Run pnpm test	2026-10-06T05:06:31.7790101Z ✔ the in-flight cap is a REFUSAL, not a queue (0.4971ms)
gateway-web	Run pnpm test	2026-10-06T05:06:31.7791049Z ✔ an answer nobody is waiting for is dropped, and an answer from the WRONG peer is not accepted (0.3826ms)
gateway-web	Run pnpm test	2026-10-06T05:06:31.7792223Z ✔ a peer answering with an error rejects the caller with that error, typed (0.2756ms)
gateway-web	Run pnpm test	2026-10-06T05:06:31.7793266Z ✔ a re-dial REPLACES the old connection for that peer rather than leaving two live pipes (0.157ms)
gateway-web	Run pnpm test	2026-10-06T05:06:31.7794267Z ✔ the peer cap and close() are both refusals rather than silent behaviour (0.491ms)
gateway-web	Run pnpm test	2026-10-06T05:06:31.7795241Z ✔ a write that throws fails THAT request instead of corrupting the hub (0.4245ms)
gateway-web	Run pnpm test	2026-10-06T05:06:31.7796164Z ✔ a bootstrap payload is a pointer to the pairing path, never trust (2.7981ms)
gateway-web	Run pnpm test	2026-10-06T05:06:31.7797042Z ✔ a MAC address is never consulted for a decision (0.2877ms)
gateway-web	Run pnpm test	2026-10-06T05:06:31.7797861Z ✔ an expired or replayed bootstrap is refused without partial state (0.4065ms)
gateway-web	Run pnpm test	2026-10-06T05:06:31.7798805Z ✔ the IP handoff requires trust and re-verifies the fingerprint on the new path (0.6461ms)
gateway-web	Run pnpm test	2026-10-06T05:06:31.7799675Z ✔ scanning is bounded and payloads are strict (0.7715ms)
gateway-web	Run pnpm test	2026-10-06T05:06:31.7801024Z ✔ a bootstrap window is bounded and a junk clock is a refusal (0.4939ms)
gateway-web	Run pnpm test	2026-10-06T05:06:31.7804881Z ✔ an expired bootstrap cannot be handed off (0.2684ms)
gateway-web	Run pnpm test	2026-10-06T05:06:31.7806269Z ✔ a payload must carry a real nonce, real candidates and its own fields (0.3613ms)
gateway-web	Run pnpm test	2026-10-06T05:06:31.7807592Z ✔ a bootstrap payload is strict, and replay protection is auditable (0.5601ms)
gateway-web	Run pnpm test	2026-10-06T05:06:31.7817102Z ✔ two heterogeneous devices advertise different implementations of one logical capability (4.1741ms)
gateway-web	Run pnpm test	2026-10-06T05:06:31.7818536Z ✔ callers resolve a compatible version without knowing the device class (2.6705ms)
gateway-web	Run pnpm test	2026-10-06T05:06:31.7819700Z ✔ an unsupported version fails explicitly instead of being coerced (0.6695ms)
gateway-web	Run pnpm test	2026-10-06T05:06:31.7820730Z ✔ capability loss invalidates new invocations and stays visible in state (0.8828ms)
gateway-web	Run pnpm test	2026-10-06T05:06:31.7821761Z ✔ exclusive/shared/background and live/queue metadata survive serialization and versioning (1.1991ms)
gateway-web	Run pnpm test	2026-10-06T05:06:31.7831419Z ✔ an advertised capability is availability metadata, never permission (0.7938ms)
gateway-web	Run pnpm test	2026-10-06T05:06:31.7832443Z ✔ the registry is strict, frozen and free of ambient state (0.6848ms)
gateway-web	Run pnpm test	2026-10-06T05:06:31.7833844Z ✔ canonical execution metadata is decided by own keys, not the prototype chain (0.2931ms)
gateway-web	Run pnpm test	2026-10-06T05:06:31.7834914Z ✔ a malformed or impossible caller instant is refused as a typed error (0.7103ms)
gateway-web	Run pnpm test	2026-10-06T05:06:31.7835953Z ✔ an expired advertisement cannot be invoked by naming an earlier instant (0.3765ms)
gateway-web	Run pnpm test	2026-10-06T05:06:31.7836774Z ✔ a refused wire payload leaves the registry untouched (0.2855ms)
gateway-web	Run pnpm test	2026-10-06T05:06:31.7838248Z ✔ a wire snapshot may not replace newer state or silently clear a recorded loss (0.5212ms)
gateway-web	Run pnpm test	2026-10-06T05:06:31.7839954Z ✔ the wire path enforces the same validation as direct advertisement (0.559ms)
gateway-web	Run pnpm test	2026-10-06T05:06:31.7841510Z ✔ a capability id whose major is not a safe integer is not addressable (0.1697ms)
gateway-web	Run pnpm test	2026-10-06T05:06:31.7842629Z ✔ a declared canonical execution field is never silently downgraded (0.2483ms)
gateway-web	Run pnpm test	2026-10-06T05:06:31.7844578Z ✔ the advertisement TTL ceiling cannot be lifted by the caller (0.4114ms)
gateway-web	Run pnpm test	2026-10-06T05:06:31.7850261Z ✔ the advertisements() surface is frozen like every other descriptor surface (0.2487ms)
gateway-web	Run pnpm test	2026-10-06T05:06:31.7851867Z ✔ the public surface is frozen and a mock or real adapter satisfies it unchanged (3.8797ms)
gateway-web	Run pnpm test	2026-10-06T05:06:31.7853085Z ✔ policy denial stays a denial even on a perfect authenticated session (1.5832ms)
gateway-web	Run pnpm test	2026-10-06T05:06:31.7854236Z ✔ an advertised capability without effective permission cannot execute (0.3847ms)
gateway-web	Run pnpm test	2026-10-06T05:06:31.7855509Z ✔ foreground-sensitive resources are enforced locally without Fabric deciding ownership (0.5913ms)
gateway-web	Run pnpm test	2026-10-06T05:06:31.7856865Z ✔ Fabric holds no task graph, no assistant state and no competing identity namespace (0.8217ms)
gateway-web	Run pnpm test	2026-10-06T05:06:31.7861490Z ✔ integration seams are recorded without importing a sibling branch (0.7473ms)
gateway-web	Run pnpm test	2026-10-06T05:06:31.7924206Z ✔ the resource class and the local confirmation requirement cannot be dodged by the request (0.6389ms)
gateway-web	Run pnpm test	2026-10-06T05:06:31.7925547Z ✔ a session authorizes only the device it was opened for (0.3172ms)
gateway-web	Run pnpm test	2026-10-06T05:06:31.7930342Z ✔ the adapter cannot hand back a colliding or unauthenticated session (0.2753ms)
gateway-web	Run pnpm test	2026-10-06T05:06:31.7931560Z ✔ a Fabric with no policy port refuses rather than granting every axis (0.5899ms)
gateway-web	Run pnpm test	2026-10-06T05:06:31.7933014Z ✔ revocation reports the presence it can actually observe and releases the foreground claim (0.3077ms)
gateway-web	Run pnpm test	2026-10-06T05:06:31.7934086Z ✔ a failed transport invoke leaves no foreground claim behind (0.3106ms)
gateway-web	Run pnpm test	2026-10-06T05:06:31.7934938Z ✔ subscription and stream inputs are bounded (0.3397ms)
gateway-web	Run pnpm test	2026-10-06T05:06:31.7935881Z ✔ a malformed caller instant is refused as a typed error (0.4383ms)
gateway-web	Run pnpm test	2026-10-06T05:06:31.7936901Z ✔ the foreground policy config and the adapter port are validated rather than trusted (0.402ms)
gateway-web	Run pnpm test	2026-10-06T05:06:31.7937856Z ✔ a stream runs the same gates as an invocation (0.4099ms)
gateway-web	Run pnpm test	2026-10-06T05:06:31.7938717Z ✔ an exclusive foreground resource needs the action that owns it (0.2014ms)
gateway-web	Run pnpm test	2026-10-06T05:06:31.7939757Z ✔ the adapter interface and its failures are typed (0.34ms)
gateway-web	Run pnpm test	2026-10-06T05:06:31.7940587Z ✔ a cyclic policy config cannot crash the freezer (0.1559ms)
gateway-web	Run pnpm test	2026-10-06T05:06:31.7941451Z ✔ the advertised capability version is normalized before it is compared (0.1759ms)
gateway-web	Run pnpm test	2026-10-06T05:06:31.7942391Z ✔ the emitted denial reason is part of the exported vocabulary (0.0715ms)
gateway-web	Run pnpm test	2026-10-06T05:06:31.7943210Z ✔ a calendar-impossible instant is refused (0.1666ms)
gateway-web	Run pnpm test	2026-10-06T05:06:31.7944162Z ✔ one invite renders as code, deep link, web link and QR payload without creating trust records (2.9358ms)
gateway-web	Run pnpm test	2026-10-06T05:06:31.7945645Z ✔ expired, cancelled and already-used invites fail with one indistinguishable generic error (1.6533ms)
gateway-web	Run pnpm test	2026-10-06T05:06:31.7946634Z ✔ guessing is rate-limited and never reveals whether a device exists (0.6246ms)
gateway-web	Run pnpm test	2026-10-06T05:06:31.7947619Z ✔ entering an invite reaches pairing preview but cannot invoke capabilities before confirmation (0.6769ms)
gateway-web	Run pnpm test	2026-10-06T05:06:31.7948693Z ✔ an invite is a one-time rendezvous, and after trust it can no longer reconnect anything (1.3439ms)
gateway-web	Run pnpm test	2026-10-06T05:06:31.7949675Z ✔ the rendezvous service stays independent of the eventual data path (1.2024ms)
gateway-web	Run pnpm test	2026-10-06T05:06:31.7950599Z ✔ invite policy values are bounded, so a locator cannot be eternal (0.4515ms)
gateway-web	Run pnpm test	2026-10-06T05:06:31.7951325Z ✔ a hostile link is a bad link, never a crash (0.2072ms)
gateway-web	Run pnpm test	2026-10-06T05:06:31.7952059Z ✔ a consumed invite keeps its outcome, and an impossible instant is typed (0.4638ms)
gateway-web	Run pnpm test	2026-10-06T05:06:31.7953072Z ✔ enumeration is throttled even without a client reference, and an unparseable instant is refused (0.7574ms)
gateway-web	Run pnpm test	2026-10-06T05:06:31.7954031Z ✔ an adapter discovers a peer on the LAN without manual address entry (3.686ms)
gateway-web	Run pnpm test	2026-10-06T05:06:31.7955004Z ✔ wired and Wi-Fi sightings normalize to the same device abstraction (0.6268ms)
gateway-web	Run pnpm test	2026-10-06T05:06:31.7955966Z ✔ duplicate and stale advertisements never create duplicate logical devices (12.857ms)
gateway-web	Run pnpm test	2026-10-06T05:06:31.7956844Z ✔ an untrusted candidate cannot invoke anything (0.3359ms)
gateway-web	Run pnpm test	2026-10-06T05:06:31.7957703Z ✔ only a trusted node with the right fingerprint upgrades to an encrypted direct path (1.4793ms)
gateway-web	Run pnpm test	2026-10-06T05:06:31.7958740Z ✔ a local network change re-resolves addresses without changing logical identity (0.9639ms)
gateway-web	Run pnpm test	2026-10-06T05:06:31.7959575Z ✔ discovery and fallback scanning stay bounded (3.7109ms)
gateway-web	Run pnpm test	2026-10-06T05:06:31.7967973Z ✔ advertisements are strict, and metadata is never a required identity (0.3894ms)
gateway-web	Run pnpm test	2026-10-06T05:06:31.7969916Z ✔ freshness is a two-sided bound: a replayed future sighting is never current (0.4615ms)
gateway-web	Run pnpm test	2026-10-06T05:06:31.7973610Z ✔ an impossible calendar instant is refused, not read as "not stale" (0.3283ms)
gateway-web	Run pnpm test	2026-10-06T05:06:31.7974878Z ✔ an advertisement must carry its fields as own properties on a bare object (0.3812ms)
gateway-web	Run pnpm test	2026-10-06T05:06:31.7975842Z ✔ the per-round advertisement cap is two-sided (4.9918ms)
gateway-web	Run pnpm test	2026-10-06T05:06:31.7976707Z ✔ two different unidentified devices never collapse on a display name (0.9929ms)
gateway-web	Run pnpm test	2026-10-06T05:06:31.7977611Z ✔ one address has exactly one canonical spelling (0.3554ms)
gateway-web	Run pnpm test	2026-10-06T05:06:31.7978464Z ✔ a stale freshness snapshot is never re-emitted as a current verdict (0.4739ms)
gateway-web	Run pnpm test	2026-10-06T05:06:31.7979644Z ✔ logical identity preservation is computed, not asserted (0.3438ms)
gateway-web	Run pnpm test	2026-10-06T05:06:31.7980643Z ✔ native and browser invites retain the target address rather than falling back to this host (1.1634ms)
gateway-web	Run pnpm test	2026-10-06T05:06:31.7982192Z ✔ remote reconnect stays on the recorded origin and rejects a different City response (2.0687ms)
gateway-web	Run pnpm test	2026-10-06T05:06:31.7983369Z ✔ callers use one Fabric surface while the transport implementation is swapped underneath (3.8781ms)
gateway-web	Run pnpm test	2026-10-06T05:06:31.7984431Z ✔ path selection prefers a usable direct route and falls back to relay honestly (0.8663ms)
gateway-web	Run pnpm test	2026-10-06T05:06:31.7985560Z ✔ an unauthenticated or unencrypted path is never adopted, not even on the LAN (0.6495ms)
gateway-web	Run pnpm test	2026-10-06T05:06:31.7986515Z ✔ a relay forwards opaque payloads and can never authorize a peer (1.4733ms)
gateway-web	Run pnpm test	2026-10-06T05:06:31.7987774Z ✔ path loss migrates without a new logical device or a duplicated command (0.9682ms)
gateway-web	Run pnpm test	2026-10-06T05:06:31.7988804Z ✔ one exclusive action can never end up with two authoritative sessions (0.5376ms)
gateway-web	Run pnpm test	2026-10-06T05:06:31.7989750Z ✔ path metadata is bounded, secret-free and frozen (0.6714ms)
gateway-web	Run pnpm test	2026-10-06T05:06:31.7990732Z ✔ a caller-supplied instant is validated on every path (0.4156ms)
gateway-web	Run pnpm test	2026-10-06T05:06:31.7991811Z ✔ the preference list may narrow the canonical order but never promote relay (0.425ms)
gateway-web	Run pnpm test	2026-10-06T05:06:31.7993177Z ✔ a path descriptor reports what the adapter measured (0.3948ms)
gateway-web	Run pnpm test	2026-10-06T05:06:31.7994090Z ✔ a transport fault during send is typed and records no command (0.3766ms)
gateway-web	Run pnpm test	2026-10-06T05:06:31.7995408Z ✔ the secret scan sees hidden own keys and survives a cycle (0.2823ms)
gateway-web	Run pnpm test	2026-10-06T05:06:31.7996413Z ✔ presence is honest, distinct and never collapses into ONLINE or FAILED (3.6462ms)
gateway-web	Run pnpm test	2026-10-06T05:06:31.7997316Z ✔ a silent node becomes UNREACHABLE rather than ONLINE or FAILED (1.5044ms)
gateway-web	Run pnpm test	2026-10-06T05:06:31.7998189Z ✔ queueable work expires and live-only actions never run late (1.4113ms)
gateway-web	Run pnpm test	2026-10-06T05:06:31.7999096Z ✔ an unknown transport outcome stays UNKNOWN until it is reconciled (1.0347ms)
gateway-web	Run pnpm test	2026-10-06T05:06:31.8000177Z ✔ reconnect revalidates identity, trust, capability, presence and authority before resuming (1.5973ms)
gateway-web	Run pnpm test	2026-10-06T05:06:31.8001281Z ✔ a stale replay after reconnect cannot duplicate a completed side effect (0.8786ms)
gateway-web	Run pnpm test	2026-10-06T05:06:31.8002213Z ✔ the audit log carries causal identifiers and no secrets, and state is isolated (1.4845ms)
gateway-web	Run pnpm test	2026-10-06T05:06:31.8003325Z ✔ the audit sequence stays monotonic and retention is reported honestly (0.3966ms)
gateway-web	Run pnpm test	2026-10-06T05:06:31.8004154Z ✔ the audit secret-freedom claim is checked, not asserted (0.5812ms)
gateway-web	Run pnpm test	2026-10-06T05:06:31.8004946Z ✔ a malformed caller instant is refused as a typed error (0.8269ms)
gateway-web	Run pnpm test	2026-10-06T05:06:31.8005735Z ✔ an observation instant may not lie in the future (0.2866ms)
gateway-web	Run pnpm test	2026-10-06T05:06:31.8006505Z ✔ a backdated instant cannot make a silent node reachable (0.3697ms)
gateway-web	Run pnpm test	2026-10-06T05:06:31.8007316Z ✔ a backdated instant cannot revive an expired queued action (0.3427ms)
gateway-web	Run pnpm test	2026-10-06T05:06:31.8008139Z ✔ a replayed enqueue cannot clear an unknown outcome (0.9416ms)
gateway-web	Run pnpm test	2026-10-06T05:06:31.8009058Z ✔ a settled outcome is never regressed to UNKNOWN (0.3435ms)
gateway-web	Run pnpm test	2026-10-06T05:06:31.8010034Z ✔ identifiers are text, so a cyclic object cannot reach the freezer (0.3285ms)
gateway-web	Run pnpm test	2026-10-06T05:06:31.8010814Z ✔ the presence policy is a bound, so it is validated (0.3726ms)
gateway-web	Run pnpm test	2026-10-06T05:06:31.8011815Z ✔ an impossible queue deadline is refused rather than never expiring (0.4385ms)
gateway-web	Run pnpm test	2026-10-06T05:06:31.8013016Z ✔ a duplicate check needs a subject and does not match one it was not given (0.2652ms)
gateway-web	Run pnpm test	2026-10-06T05:06:31.8014028Z ✔ a refusal that protects new work is audited (0.1718ms)
gateway-web	Run pnpm test	2026-10-06T05:06:31.8014833Z ✔ refreshed reconnect state is a plain record (0.1293ms)
gateway-web	Run pnpm test	2026-10-06T05:06:31.8015831Z ✔ an effect confirmed without an in-flight command still suppresses its replay (0.2588ms)
gateway-web	Run pnpm test	2026-10-06T05:06:31.8016855Z ✔ a presence record may not be rebound to another logical identity (0.2647ms)
gateway-web	Run pnpm test	2026-10-06T05:06:31.8018124Z ✔ a live action cannot be downgraded by a non-boolean flag (0.3736ms)
gateway-web	Run pnpm test	2026-10-06T05:06:31.8019081Z ✔ a measurement is validated before any state changes (0.2999ms)
gateway-web	Run pnpm test	2026-10-06T05:06:31.8020205Z ✔ RPC, EVENT and STREAM are separate versioned envelopes with opaque domain payloads (3.5972ms)
gateway-web	Run pnpm test	2026-10-06T05:06:31.8021344Z ✔ a retried idempotent command does not repeat the effect, and a new command id is a new action (1.7017ms)
gateway-web	Run pnpm test	2026-10-06T05:06:31.8022443Z ✔ delivery, acceptance, running and completion are observably distinct, and ack is never success (0.543ms)
gateway-web	Run pnpm test	2026-10-06T05:06:31.8023789Z ✔ a deadline stops a stale interactive command from executing later (0.5668ms)
gateway-web	Run pnpm test	2026-10-06T05:06:31.8024796Z ✔ event subscriptions reconnect and replay with ordering, causation and gap reporting (1.0306ms)
gateway-web	Run pnpm test	2026-10-06T05:06:31.8025973Z ✔ stream lifecycle, backpressure and cancellation are independent of RPC (1.0328ms)
gateway-web	Run pnpm test	2026-10-06T05:06:31.8026982Z ✔ the data plane is strict, frozen, and keeps task truth outside the transport session (0.6391ms)
gateway-web	Run pnpm test	2026-10-06T05:06:31.8027911Z ✔ canonical envelopes are decided by own keys on a plain record (0.3118ms)
gateway-web	Run pnpm test	2026-10-06T05:06:31.8028825Z ✔ reference fields are text, so a cyclic object cannot reach the freezer (0.4195ms)
gateway-web	Run pnpm test	2026-10-06T05:06:31.8029786Z ✔ an object-valued action reference cannot turn a retry into a different action (0.3224ms)
gateway-web	Run pnpm test	2026-10-06T05:06:31.8030682Z ✔ a malformed caller instant is refused as a typed error (0.6987ms)
gateway-web	Run pnpm test	2026-10-06T05:06:31.8031505Z ✔ a deadline is judged at the registry clock and bounded by policy (0.4814ms)
gateway-web	Run pnpm test	2026-10-06T05:06:31.8032414Z ✔ a sweep cannot expire a command before its deadline by naming a later instant (0.2526ms)
gateway-web	Run pnpm test	2026-10-06T05:06:31.8033512Z ✔ a contiguous replay never reports a phantom gap, and its resume point is validated (0.4016ms)
gateway-web	Run pnpm test	2026-10-06T05:06:31.8034517Z ✔ an execution result must be terminal and must carry a real result reference (0.3958ms)
gateway-web	Run pnpm test	2026-10-06T05:06:31.8035428Z ✔ a retry may only replay the result its own command produced (0.2961ms)
gateway-web	Run pnpm test	2026-10-06T05:06:31.8036228Z ✔ a reused command id may not silently change the subject it addresses (0.236ms)
gateway-web	Run pnpm test	2026-10-06T05:06:31.8037089Z ✔ stream accounting cannot run backwards or exceed the configured window (0.2986ms)
gateway-web	Run pnpm test	2026-10-06T05:06:31.8037981Z ✔ a replayed setup envelope cannot clobber live state (0.5271ms)
gateway-web	Run pnpm test	2026-10-06T05:06:31.8038840Z ✔ data and control paths declare their arguments instead of swallowing envelope tags (0.233ms)
gateway-web	Run pnpm test	2026-10-06T05:06:31.8039852Z ✔ Research: reconnecting the same credential and City preserves its draft (2194.6893ms)
gateway-web	Run pnpm test	2026-10-06T05:06:31.8040907Z ✔ Alien independently constructs all workbook negative cases and restart seed consistency (239.9595ms)
gateway-web	Run pnpm test	2026-10-06T05:06:31.8041986Z ✔ a manifest with only a movable branch must not pass exact software provenance validation (103.607ms)
gateway-web	Run pnpm test	2026-10-06T05:06:31.8043368Z ✔ two equal host references are one physical host, not a TWO_HOST_MESH (116.0419ms)
gateway-web	Run pnpm test	2026-10-06T05:06:31.8044465Z ✔ an experiment can be listed, validated, registered, inspected, seeded — without ever being run (106.949ms)
gateway-web	Run pnpm test	2026-10-06T05:06:31.8045669Z ✔ the research routes require the control credential: a worker cannot certify the experiment it runs (21.2086ms)
gateway-web	Run pnpm test	2026-10-06T05:06:31.8046756Z ✔ an invalid manifest is refused with every issue at once, and the rejection is stored as evidence (25.0048ms)
gateway-web	Run pnpm test	2026-10-06T05:06:31.8047982Z ✔ manifests survive a gateway restart, and a broken file is reported instead of silently dropped (36.1778ms)
gateway-web	Run pnpm test	2026-10-06T05:06:31.8049010Z ✔ the registry itself refuses task-domain keys and never offers an update (2.4415ms)
gateway-web	Run pnpm test	2026-10-06T05:06:31.8051247Z ✔ Web Research discovers imports validates registers and inspects canonical experiments without running (2462.171ms)
gateway-web	Run pnpm test	2026-10-06T05:06:31.8052696Z ✔ a failed list refresh cannot hide a successful canonical registration (2345.3367ms)
gateway-web	Run pnpm test	2026-10-06T05:06:31.8053784Z ✔ REX802 a delayed response cannot remove offline guidance or replace another page (2189.7301ms)
gateway-web	Run pnpm test	2026-10-06T05:06:31.8055554Z Error: CONTROLLED_COMMIT_FAILURE
gateway-web	Run pnpm test	2026-10-06T05:06:31.8056154Z     at file:///D:/a/utopia/utopia/tests/rex802-gateway.test.mjs:4:360
gateway-web	Run pnpm test	2026-10-06T05:06:31.8056921Z     at Store.atomic (file:///D:/a/utopia/utopia/services/dev-gateway/store.mjs:59:62)
gateway-web	Run pnpm test	2026-10-06T05:06:31.8057810Z     at app.store.atomic (file:///D:/a/utopia/utopia/tests/rex802-gateway.test.mjs:4:337)
gateway-web	Run pnpm test	2026-10-06T05:06:31.8058748Z     at atomicWithTrace (file:///D:/a/utopia/utopia/services/dev-gateway/server.mjs:191:93)
gateway-web	Run pnpm test	2026-10-06T05:06:31.8059655Z     at createCityTask (file:///D:/a/utopia/utopia/services/dev-gateway/server.mjs:466:12)
gateway-web	Run pnpm test	2026-10-06T05:06:31.8060576Z     at Server.<anonymous> (file:///D:/a/utopia/utopia/services/dev-gateway/server.mjs:892:13)
gateway-web	Run pnpm test	2026-10-06T05:06:31.8061455Z     at process.processTicksAndRejections (node:internal/process/task_queues:104:5)
gateway-web	Run pnpm test	2026-10-06T05:06:31.8063059Z ✔ REX802 rolled-back canonical events never enter the trace (32.9307ms)
gateway-web	Run pnpm test	2026-10-06T05:06:31.8064066Z ✔ REX802 member Web surface exposes explicit owner-required guidance (3676.6222ms)
gateway-web	Run pnpm test	2026-10-06T05:06:31.8065162Z ✔ REX802 records only supplied resource samples, preserves zero and declared source time (24.3302ms)
gateway-web	Run pnpm test	2026-10-06T05:06:31.8066455Z ✔ REX802 real Gateway records task references and Web Advanced exposes recording/provenance without secrets (2668.7047ms)
gateway-web	Run pnpm test	2026-10-06T05:06:31.8067804Z ✔ REX802 failing collector cannot break real Gateway task/health and reports partial failure (34.5708ms)
gateway-web	Run pnpm test	2026-10-06T05:06:31.8069009Z ✔ REX802 external resource clocks cannot change canonical sequence time ordering (4.6232ms)
gateway-web	Run pnpm test	2026-10-06T05:06:31.8069918Z ✔ REX802 broken observation clock remains a contained failure (0.4907ms)
gateway-web	Run pnpm test	2026-10-06T05:06:31.8070856Z ✔ REX802 rejects an oversized existing file before rotating or modifying it (8.1342ms)
gateway-web	Run pnpm test	2026-10-06T05:06:31.8071945Z ✔ REX802 rotation remains explicit after restart and restores bounded previous records (13.8293ms)
gateway-web	Run pnpm test	2026-10-06T05:06:31.8073004Z ✔ REX802 pure normalization binds clocks/provenance and retains unknown metrics (0.914ms)
gateway-web	Run pnpm test	2026-10-06T05:06:31.8074265Z ✔ REX802 canonical tap drops arbitrary payload and credentials; explicit measured zero remains zero (0.2655ms)
gateway-web	Run pnpm test	2026-10-06T05:06:31.8075429Z ✔ REX802 recognizes missing, duplicate, reordered and stale timestamp observations (0.2493ms)
gateway-web	Run pnpm test	2026-10-06T05:06:31.8076554Z ✔ REX802 storage raw-to-normalized replay is reproducible and restart starts new epoch (4.497ms)
gateway-web	Run pnpm test	2026-10-06T05:06:31.8077686Z ✔ REX802 collector failures and queue bounds are explicit without throwing into callers (1.3268ms)
gateway-web	Run pnpm test	2026-10-06T05:06:31.8078815Z ✔ REX802 hung storage is bounded; queue drop and close do not block indefinitely (68.1435ms)
gateway-web	Run pnpm test	2026-10-06T05:06:31.8079839Z ✔ REX802 early capture waits for restored watermark before normalization (4.7648ms)
gateway-web	Run pnpm test	2026-10-06T05:06:31.8081188Z ✔ REX802 supports rule lifecycle, supervision quality and semantic integration without invented defaults (0.8018ms)
gateway-web	Run pnpm test	2026-10-06T05:06:31.8082992Z ✔ RS-203: the correlation carries BOTH devices and asserts that they may differ (1.4481ms)
gateway-web	Run pnpm test	2026-10-06T05:06:31.8084240Z ✔ RS-203: a handoff moves the execution device and never the interaction device (0.2164ms)
gateway-web	Run pnpm test	2026-10-06T05:06:31.8085415Z ✔ RS-203: DUPLICATE messages are ignored rather than applied twice (0.5005ms)
gateway-web	Run pnpm test	2026-10-06T05:06:31.8086736Z ✔ RS-203: OUT-OF-ORDER progress is refused and cannot move the state backwards (0.147ms)
gateway-web	Run pnpm test	2026-10-06T05:06:31.8088031Z ✔ RS-203: an event after a terminal state is LATE and does not resurrect the run (0.1613ms)
gateway-web	Run pnpm test	2026-10-06T05:06:31.8089270Z ✔ RS-203: every kind maps to a DECLARED canonical state and a DECLARED return channel (0.2464ms)
gateway-web	Run pnpm test	2026-10-06T05:06:31.8090559Z ✔ RS-203: canonical state advances for each terminal kind, and terminal is sticky (0.2009ms)
gateway-web	Run pnpm test	2026-10-06T05:06:31.8092112Z ✔ RS-203: a result that CANNOT reach the user is never reported as truthful success (0.2186ms)
gateway-web	Run pnpm test	2026-10-06T05:06:31.8093877Z ✔ RS-203: a resolver that THROWS degrades rather than propagating into the caller (0.2198ms)
gateway-web	Run pnpm test	2026-10-06T05:06:31.8095692Z ✔ RS-203: a projected success reports where it landed (0.1898ms)
gateway-web	Run pnpm test	2026-10-06T05:06:31.8096873Z ✔ RS-203: unknown correlations, unknown kinds and bad sequences are refused with typed codes (0.5694ms)
gateway-web	Run pnpm test	2026-10-06T05:06:31.8098108Z ✔ RS-203: the bridge refuses to be constructed without an injected surface resolver (0.1327ms)
gateway-web	Run pnpm test	2026-10-06T05:06:31.8100051Z ✔ RS-203: a STATUS event reports without moving the state (0.0706ms)
gateway-web	Run pnpm test	2026-10-06T05:06:31.8100981Z ✔ RS-203: the contract version is declared (0.0456ms)
gateway-web	Run pnpm test	2026-10-06T05:06:31.8102258Z ✔ RS-203 scenario 1: remote execution START is correlated before anything is returned (0.0788ms)
gateway-web	Run pnpm test	2026-10-06T05:06:31.8104164Z ✔ RS-203 scenario 2: PROGRESS returns on the PROGRESS channel and moves the run to RUNNING (0.0665ms)
gateway-web	Run pnpm test	2026-10-06T05:06:31.8106610Z ✔ RS-203 scenario 3: WAITING FOR USER is reachable, and is cleared the same way it is set (0.0738ms)
gateway-web	Run pnpm test	2026-10-06T05:06:31.8107850Z ✔ RS-203 scenario 3b: attention on a non-STATUS kind is REFUSED rather than guessed (0.0771ms)
gateway-web	Run pnpm test	2026-10-06T05:06:31.8109084Z ✔ RS-203 scenario 4: SUCCESS lands truthfully only when it actually reached the user (0.0456ms)
gateway-web	Run pnpm test	2026-10-06T05:06:31.8110151Z ✔ RS-203 scenario 5: FAILURE is terminal and reports no success (0.0457ms)
gateway-web	Run pnpm test	2026-10-06T05:06:31.8111177Z ✔ RS-203 scenario 6: CANCEL is terminal and sticky against later events (0.0575ms)
gateway-web	Run pnpm test	2026-10-06T05:06:31.8112318Z ✔ RS-203 scenario 7: DEVICE DISCONNECT degrades knowledge without moving the run or claiming success (0.1193ms)
gateway-web	Run pnpm test	2026-10-06T05:06:31.8113504Z ✔ RS-203 scenario 8: RECOVERY clears the degraded state and the run can still finish (0.0672ms)
gateway-web	Run pnpm test	2026-10-06T05:06:31.8114508Z ✔ RS-203 scenario 8b: a disconnect AFTER a terminal result changes nothing about it (0.0536ms)
gateway-web	Run pnpm test	2026-10-06T05:06:31.8115572Z ✔ RS-203: the full eight-situation walk leaves the counters consistent (0.0979ms)
gateway-web	Run pnpm test	2026-10-06T05:06:31.8116680Z ✔ RS-203 step 3: a request is delivered to the CURRENT authorized surface (0.1934ms)
gateway-web	Run pnpm test	2026-10-06T05:06:31.8117704Z ✔ RS-203 step 3: an answer from the current authorized surface is accepted (0.2212ms)
gateway-web	Run pnpm test	2026-10-06T05:06:31.8118993Z ✔ RS-203 step 3: an answer from ANY OTHER device is REFUSED, however well-informed it is (0.1166ms)
gateway-web	Run pnpm test	2026-10-06T05:06:31.8120208Z ✔ RS-203 step 3: when the surface MOVED, the answer must come from where the user now is (0.1163ms)
gateway-web	Run pnpm test	2026-10-06T05:06:31.8124384Z ✔ RS-203 step 3: an answer cannot arrive when NO surface is authorized (0.1937ms)
gateway-web	Run pnpm test	2026-10-06T05:06:31.8126311Z ✔ RS-203 step 3: OFFLINE asks are HELD with a reason and a recovery path, not dropped or failed (0.0899ms)
gateway-web	Run pnpm test	2026-10-06T05:06:31.8128196Z ✔ RS-203 step 3: TIMEOUT is explained and recoverable, and is NEVER a failure (0.1618ms)
gateway-web	Run pnpm test	2026-10-06T05:06:31.8129445Z ✔ RS-203 step 3: a timeout cannot retract an answer that already arrived (0.1143ms)
gateway-web	Run pnpm test	2026-10-06T05:06:31.8130528Z ✔ RS-203 step 3: a double answer is refused rather than silently overwriting the first (0.1364ms)
gateway-web	Run pnpm test	2026-10-06T05:06:31.8131532Z ✔ RS-203 step 3: only RESPOND is accepted, and only APPROVE or DENY decide (0.2403ms)
gateway-web	Run pnpm test	2026-10-06T05:06:31.8132545Z ✔ RS-203 step 3: a HANDOFF does not move where the user is asked (0.0891ms)
gateway-web	Run pnpm test	2026-10-06T05:06:31.8133500Z ✔ RS-203 step 3: the codes are declared, not invented at the throw site (0.065ms)
gateway-web	Run pnpm test	2026-10-06T05:06:31.8134605Z ✔ RS-203 step 4: the flat EXCLUSION_REASONS list is CLASSIFIED, and every reason has an axis (0.6674ms)
gateway-web	Run pnpm test	2026-10-06T05:06:31.8135735Z ✔ RS-203 step 4: a DEVICE outage is classified as DEVICE and nothing else (0.2249ms)
gateway-web	Run pnpm test	2026-10-06T05:06:31.8136817Z ✔ RS-203 step 4: a PROVIDER outage is classified as PROVIDER and nothing else (0.0685ms)
gateway-web	Run pnpm test	2026-10-06T05:06:31.8137955Z ✔ RS-203 step 4: an INPUT problem is NEITHER a device nor a provider fault (0.0956ms)
gateway-web	Run pnpm test	2026-10-06T05:06:31.8138975Z ✔ RS-203 step 4: an UNKNOWN reason is reported, not silently dropped (0.1085ms)
gateway-web	Run pnpm test	2026-10-06T05:06:31.8139960Z ✔ RS-203 step 4: a DEVICE fallback does NOT implicate the provider (0.2752ms)
gateway-web	Run pnpm test	2026-10-06T05:06:31.8141268Z ✔ RS-203 step 4: a PROVIDER fallback does NOT implicate the device (0.109ms)
gateway-web	Run pnpm test	2026-10-06T05:06:31.8143169Z ✔ RS-203 step 4: an eligible alternate is offered for a DEVICE outage, but the cause is still named (0.0759ms)
gateway-web	Run pnpm test	2026-10-06T05:06:31.8144509Z ✔ RS-203 step 4: MIXED causes are NOT collapsed to one, and no single cause is claimed (0.1369ms)
gateway-web	Run pnpm test	2026-10-06T05:06:31.8145767Z ✔ RS-203 step 4: the reason codes SURVIVE into the plan rather than being paraphrased away (0.2392ms)
gateway-web	Run pnpm test	2026-10-06T05:06:31.8146926Z ✔ RS-203 step 4: with nothing unavailable the plan claims no cause at all (0.1379ms)
gateway-web	Run pnpm test	2026-10-06T05:06:31.8147982Z ✔ RS-203 step 4: planning against an unknown correlation is refused (0.1303ms)
gateway-web	Run pnpm test	2026-10-06T05:06:31.8149202Z ✔ RS-203 step 5: a remote result is bound to its provenance, including WHICH device produced it (0.1615ms)
gateway-web	Run pnpm test	2026-10-06T05:06:31.8151982Z ✔ RS-203 step 5: the provenance is IMMUTABLE once bound, so a result cannot be re-attributed (0.0911ms)
gateway-web	Run pnpm test	2026-10-06T05:06:31.8157024Z ✔ RS-203 step 5: the summary key set is EXACTLY the declared set - stability by construction (0.0943ms)
gateway-web	Run pnpm test	2026-10-06T05:06:31.8158379Z ✔ RS-203 step 5: the summary NEVER carries the evidence, the digests or the routing identifiers (0.1324ms)
gateway-web	Run pnpm test	2026-10-06T05:06:31.8159692Z ✔ RS-203 step 5: whether evidence EXISTS is presentable, without saying what it is (0.0562ms)
gateway-web	Run pnpm test	2026-10-06T05:06:31.8161068Z ✔ RS-203 step 5: the summary is STABLE across state changes - same shape, always (0.0704ms)
gateway-web	Run pnpm test	2026-10-06T05:06:31.8162291Z ✔ RS-203 step 5: the summary still tells the truth about a degraded and a finished run (0.1883ms)
gateway-web	Run pnpm test	2026-10-06T05:06:31.8163367Z ✔ RS-203 step 5: binding against an unknown correlation is refused (0.1585ms)
gateway-web	Run pnpm test	2026-10-06T05:06:31.8164453Z ✔ RS-203 step 5: the declared field list is frozen, so it cannot be widened at runtime (0.0662ms)
gateway-web	Run pnpm test	2026-10-06T05:06:31.8165765Z ✔ RS-290: the mapping COVERS every source vocabulary exactly - no gap and no stale extra (1.5438ms)
gateway-web	Run pnpm test	2026-10-06T05:06:31.8167079Z ✔ RS-290: the presentation vocabulary is CLOSED - every target is a declared term with a class (0.2766ms)
gateway-web	Run pnpm test	2026-10-06T05:06:31.8168363Z ✔ RS-290: the four UNKNOWN senses stay FOUR distinct terms - the polysemy fix (0.1672ms)
gateway-web	Run pnpm test	2026-10-06T05:06:31.8169525Z ✔ RS-290: the SAME meaning reached through different components MERGES to one term (0.1611ms)
gateway-web	Run pnpm test	2026-10-06T05:06:31.8170873Z ✔ RS-290: the STRUCTURAL and RESOURCE partition is PRESERVED, which a naive merge would destroy (0.2455ms)
gateway-web	Run pnpm test	2026-10-06T05:06:31.8172090Z ✔ RS-290: an unmapped or unknown source THROWS rather than yielding undefined (0.3735ms)
gateway-web	Run pnpm test	2026-10-06T05:06:31.8173144Z ✔ RS-290: presentState always yields a declared presentation state (0.2954ms)
gateway-web	Run pnpm test	2026-10-06T05:06:31.8174317Z ✔ RS-290: the action and state vocabularies are closed sets of the shapes step 3 names (0.1278ms)
gateway-web	Run pnpm test	2026-10-06T05:06:31.8175536Z ✔ RS-290: a selectable provider renders RUNNING with CANCEL and no choice demanded (0.4421ms)
gateway-web	Run pnpm test	2026-10-06T05:06:31.8176784Z ✔ RS-290: a pool that is only BUSY does NOT demand a choice, because waiting can help (0.4063ms)
gateway-web	Run pnpm test	2026-10-06T05:06:31.8177965Z ✔ RS-290: a structurally refused pool DOES demand a choice, and does not offer waiting (0.249ms)
gateway-web	Run pnpm test	2026-10-06T05:06:31.8179053Z ✔ RS-290 F1: a raw word that COLLIDES with a term name is still mapped by its VOCABULARY (0.504ms)
gateway-web	Run pnpm test	2026-10-06T05:06:31.8180135Z ✔ RS-290 F1: the guard needs PROVENANCE - bare words and bare terms are both refused (0.4328ms)
gateway-web	Run pnpm test	2026-10-06T05:06:31.8181575Z ✔ RS-290 F2: a terminal outcome OUTRANKS waitingUser, so a failure is never masked (0.2468ms)
gateway-web	Run pnpm test	2026-10-06T05:06:31.8182759Z ✔ RS-290 F3: FRESHNESS.STALE and FRESHNESS.UNKNOWN stay DISTINCT terms (0.1487ms)
gateway-web	Run pnpm test	2026-10-06T05:06:31.8183917Z ✔ RS-290 F3: NO collapse of two meanings onto one term goes UNDECLARED - quantified over the table (0.6017ms)
gateway-web	Run pnpm test	2026-10-06T05:06:31.8185329Z ✔ RS-290: no path FABRICATES success - COMPLETED needs an explicit terminal flag (0.2198ms)
gateway-web	Run pnpm test	2026-10-06T05:06:31.8187497Z ✔ RS-290: the route stage drives the state through its own vocabulary, and only where it should (0.1637ms)
gateway-web	Run pnpm test	2026-10-06T05:06:31.8191826Z ✔ RS-290: every DTO output is inside the declared vocabularies (0.2661ms)
gateway-web	Run pnpm test	2026-10-06T05:06:31.8193163Z ✔ RS-290 matrix: concurrent submissions cannot double-execute, and the pool still reports a reason (1.1331ms)
gateway-web	Run pnpm test	2026-10-06T05:06:31.8194583Z ✔ RS-290 matrix: a saturated device is routed around, and the projection says WAITING not CHOOSE (0.8531ms)
gateway-web	Run pnpm test	2026-10-06T05:06:31.8196721Z ✔ RS-290 matrix: lease transfer is holder-only and the old holder cannot resume reassigned work (0.1924ms)
gateway-web	Run pnpm test	2026-10-06T05:06:31.8198151Z ✔ RS-290 matrix: a disconnect degrades truthfully and recovery restores, through the projection (0.4014ms)
gateway-web	Run pnpm test	2026-10-06T05:06:31.8199978Z ✔ RS-290 matrix: a flapping pool does not move the work, and the rescan is event-driven (0.4444ms)
gateway-web	Run pnpm test	2026-10-06T05:06:31.8201829Z ✔ RS-290 matrix: availability, routing and return compose into ONE stable presentation contract (11.0578ms)
gateway-web	Run pnpm test	2026-10-06T05:06:31.8203109Z ✔ Services: an old invocation cannot mark a new editor busy or clear its newer invocation (1966.9908ms)
gateway-web	Run pnpm test	2026-10-06T05:06:31.8208575Z ✔ successful live transport cannot mask broken offline product behavior (0.755ms)
gateway-web	Run pnpm test	2026-10-06T05:06:31.8209706Z ✔ CPU uses elapsed counters and unavailable disk remains null (2.8822ms)
gateway-web	Run pnpm test	2026-10-06T05:06:31.8210555Z ✔ disabled sampler never reads host counters (0.1839ms)
gateway-web	Run pnpm test	2026-10-06T05:06:31.8211557Z ✔ counter reset does not fabricate CPU load and cached sample keeps its timestamp (0.2322ms)
gateway-web	Run pnpm test	2026-10-06T05:06:31.8212649Z ✔ native filesystem volume measurement is finite and internally consistent (4.5395ms)
gateway-web	Run pnpm test	2026-10-06T05:06:31.8213747Z ✔ validator accepts unavailable sampler metrics but rejects invalid numeric measurements (0.7621ms)
gateway-web	Run pnpm test	2026-10-06T05:06:32.2450838Z ✔ theme artifact retention is bounded and restart removes abandoned sandbox work (60.9557ms)
gateway-web	Run pnpm test	2026-10-06T05:06:32.2488438Z ✔ D9 Bridge builds retained sandbox artifacts with canonical bounded results and typed refusal (10677.8625ms)
gateway-web	Run pnpm test	2026-10-06T05:06:39.5239543Z ✔ Windows Theme Build uses real prompt, observation, fallback controls and digest summary (6954.3322ms)
gateway-web	Run pnpm test	2026-10-06T05:06:39.6226371Z ✔ unavailable artifact storage yields a terminal typed failure, not orphaned RUNNING history (506.8821ms)
gateway-web	Run pnpm test	2026-10-06T05:06:39.6432462Z ✔ the redesigned-shell fixture really is the zero-sized-label shape (2.4694ms)
gateway-web	Run pnpm test	2026-10-06T05:06:39.6433682Z ✔ a bare first-match label lookup selects a zero-bounds node, which is the original defect (0.3556ms)
gateway-web	Run pnpm test	2026-10-06T05:06:39.6434855Z ✔ no sized nav label exists on the shipped shell, so a size filter ALONE would leave nothing to tap (0.8788ms)
gateway-web	Run pnpm test	2026-10-06T05:06:39.6435998Z ✔ the active tab has no clickable node, so clickable ordinal alone is unstable (0.5789ms)
gateway-web	Run pnpm test	2026-10-06T05:06:39.6437176Z ✔ targets are paired to labels in document order, giving a page-independent index (0.3764ms)
gateway-web	Run pnpm test	2026-10-06T05:06:39.6438234Z ✔ resolveRoute reaches Home from the Devices page via the paired target (0.2895ms)
gateway-web	Run pnpm test	2026-10-06T05:06:39.6439176Z ✔ the nav band excludes page content that happens to be clickable (0.3684ms)
gateway-web	Run pnpm test	2026-10-06T05:06:39.6440176Z ✔ a sized heading is not mistaken for a nav target (0.4149ms)
gateway-web	Run pnpm test	2026-10-06T05:06:39.6441142Z ✔ resolveRoute prefers a sized label inside the band, preserving the earlier shell (0.5269ms)
gateway-web	Run pnpm test	2026-10-06T05:06:39.6442127Z ✔ the two shells are distinguished rather than one being assumed (0.4977ms)
gateway-web	Run pnpm test	2026-10-06T05:06:39.6443013Z ✔ an unresolvable tree returns null rather than a zero-bounds node (0.1761ms)
gateway-web	Run pnpm test	2026-10-06T05:06:39.6443851Z ✔ the task pilot creates its evidence directory before writing into it (0.3073ms)
gateway-web	Run pnpm test	2026-10-06T05:06:39.6445271Z ✔ task pilot imports a usable sized nodeByLabel selector (0.3565ms)
gateway-web	Run pnpm test	2026-10-06T05:06:39.6446238Z ✔ UXI-390: every supported action is bound to a handler branch AND a client method (1.0271ms)
gateway-web	Run pnpm test	2026-10-06T05:06:39.6447298Z ✔ UXI-390: no handler branch is unreachable dead code that looks like a handler (1.1346ms)
gateway-web	Run pnpm test	2026-10-06T05:06:39.6448325Z ✔ UXI-390: the per-provider Choose control sends THAT row ref, and cannot send a blank one (0.3978ms)
gateway-web	Run pnpm test	2026-10-06T05:06:39.6449732Z ✔ UXI-390: CHOOSE_PROVIDER is NOT an action-row action - that is the trap Mech named (0.258ms)
gateway-web	Run pnpm test	2026-10-06T05:06:39.6450783Z ✔ UXI-390 C-1: the Advanced disclosure is named with the Web pack's own words on Android (2.2795ms)
gateway-web	Run pnpm test	2026-10-06T05:06:39.6451883Z ✔ UXI-390 C-2: a disabled control states its reason in the Web pack's own words (0.699ms)
gateway-web	Run pnpm test	2026-10-06T05:06:39.6452939Z ✔ UXI-391: the City really has FIVE requestable task types - the premise the old record denied (2.5357ms)
gateway-web	Run pnpm test	2026-10-06T05:06:39.6454055Z ✔ UXI-391: a MISSING load dimension is not zero, and one observed dimension is enough (0.5927ms)
gateway-web	Run pnpm test	2026-10-06T05:06:39.6455034Z ✔ UXI-391: the BINDING dimension is the maximum OBSERVED one, not an average over five (0.2108ms)
gateway-web	Run pnpm test	2026-10-06T05:06:39.6456486Z ✔ UXI-391: telemetry produces the vector honestly - measured dimensions only, null when nothing is measured (0.3273ms)
gateway-web	Run pnpm test	2026-10-06T05:06:39.6457633Z ✔ UXI-391: the bridge transfers ONLY on ALTERNATE_DEVICE, and moves ownership once (0.8943ms)
gateway-web	Run pnpm test	2026-10-06T05:06:39.6458655Z ✔ UXI-391: a stale holder cannot hand on work it no longer owns, and a disabled path refuses (0.3031ms)
gateway-web	Run pnpm test	2026-10-06T05:06:39.6459743Z ✔ UXI-391: only the reserved device - and never a stale holder - may claim a moved task (0.3196ms)
gateway-web	Run pnpm test	2026-10-06T05:06:39.6460733Z ✔ UXI-391: a pending handoff is REMOTE_HANDOFF on the surface, from the task record (2.6474ms)
gateway-web	Run pnpm test	2026-10-06T05:06:39.6461948Z ✔ UXI-391: the planner decision is exposed WITH the chosen device, and routeStageFor stays a thin read (1.1974ms)
gateway-web	Run pnpm test	2026-10-06T05:06:39.6463099Z ✔ UXI-391: the term and the route agree about the SAME candidate - the defect this task is about (0.7157ms)
gateway-web	Run pnpm test	2026-10-06T05:06:39.6464202Z ✔ a City with no Workbench starts, serves and executes: the seam adds no startup dependency (127.3276ms)
gateway-web	Run pnpm test	2026-10-06T05:06:39.6465762Z ✔ the port and the live route reach the same claim decision on the same facts (41.0435ms)
gateway-web	Run pnpm test	2026-10-06T05:06:39.6466766Z ✔ an offline named device is withheld by the port exactly as the route withholds it (59.1292ms)
gateway-web	Run pnpm test	2026-10-06T05:06:39.6467890Z ✔ the City exposes which backend placed the work, and only STANDARD_DEVICES is ever enabled (18.2885ms)
gateway-web	Run pnpm test	2026-10-06T05:06:39.6469010Z ✔ STANDARD_DEVICES is the enabled long-term default and claims exactly the profile it wraps (1.9763ms)
gateway-web	Run pnpm test	2026-10-06T05:06:39.6470099Z ✔ fleet readiness distinguishes "no device at all" from "devices present, none accepting work" (3.4813ms)
gateway-web	Run pnpm test	2026-10-06T05:06:39.6471260Z ✔ an endpoint row is a truthful view: offline, capability-less and sharing-off are different facts (0.5721ms)
gateway-web	Run pnpm test	2026-10-06T05:06:39.6472395Z ✔ claim reproduces the frozen decision for every negative control the pre-seam route covered (1.7007ms)
gateway-web	Run pnpm test	2026-10-06T05:06:39.6473410Z ✔ report keeps the same transitions, the same refusals and the same event names (1.1149ms)
gateway-web	Run pnpm test	2026-10-06T05:06:39.6474365Z ✔ dispatch and control refuse honestly instead of pretending the endpoint is ready (1.0805ms)
gateway-web	Run pnpm test	2026-10-06T05:06:39.6475399Z ✔ a probe failure is reported as UNKNOWN rather than being allowed to crash a status read (0.829ms)
gateway-web	Run pnpm test	2026-10-06T05:06:39.6476422Z ✔ the port refuses to be constructed without the facts it must not invent (0.5533ms)
gateway-web	Run pnpm test	2026-10-06T05:06:39.6477375Z ✔ review: dispatch cannot bypass strict target or handoff reservation (0.4603ms)
gateway-web	Run pnpm test	2026-10-06T05:06:39.6478420Z ✔ review: dispatch cannot transfer an already running task to a different free endpoint (0.4085ms)
gateway-web	Run pnpm test	2026-10-06T05:06:39.6479465Z ✔ review: claim readiness does not say ready when sharing is disabled or endpoint busy (0.3728ms)
gateway-web	Run pnpm test	2026-10-06T05:06:39.6480495Z ✔ review: endpoint readiness and dispatch honor injected canonical Core acceptance (0.2625ms)
gateway-web	Run pnpm test	2026-10-06T05:06:39.6481866Z ✔ a node registered with the old payload still registers, claims and completes, and gains a descriptor (107.7696ms)
gateway-web	Run pnpm test	2026-10-06T05:06:39.6483147Z ✔ the descriptor is computed at read time, so a sharing change and fresh telemetry are reflected at once (34.1965ms)
gateway-web	Run pnpm test	2026-10-06T05:06:39.6484311Z ✔ an unknown node has no descriptor, and a control surface is never among the node descriptors (34.0125ms)
gateway-web	Run pnpm test	2026-10-06T05:06:39.6486015Z ✔ strict target still outranks every generic descriptor fact (32.4889ms)
gateway-web	Run pnpm test	2026-10-06T05:06:39.6486978Z ✔ WBC602 review: explicit malformed roles cannot manufacture an execution identity (1.4623ms)
gateway-web	Run pnpm test	2026-10-06T05:06:39.6488103Z ✔ WBC602 review: absent GPU/network observations are unknown, not hardware absence (0.5797ms)
gateway-web	Run pnpm test	2026-10-06T05:06:39.6489180Z ✔ WBC602 review: platform mismatch and measured zero accelerators are distinguished from unknown (0.5983ms)
gateway-web	Run pnpm test	2026-10-06T05:06:39.6490269Z ✔ WBC602 review: malformed requirement arrays yield typed contract refusals (0.1833ms)
gateway-web	Run pnpm test	2026-10-06T05:06:39.6491185Z ✔ WBC602 review: busy endpoint cannot advertise accepting work (92.1963ms)
gateway-web	Run pnpm test	2026-10-06T05:06:39.6492511Z ✔ WBC602 review: explicitly declared multiple worker roles survive real registration and restart (56.431ms)
gateway-web	Run pnpm test	2026-10-06T05:06:39.6493746Z ✔ agent construction has no I/O; drain prevents new claim; canary uses canonical state and result (123.5599ms)
gateway-web	Run pnpm test	2026-10-06T05:06:39.6494857Z ✔ crash and restart use canonical interruption refusal rather than duplicate execution (51.8662ms)
gateway-web	Run pnpm test	2026-10-06T05:06:39.6495992Z ✔ unknown protocol and unavailable adapter are typed refusals without a startup loop (1.1746ms)
gateway-web	Run pnpm test	2026-10-06T05:06:39.6497118Z ✔ executor failure after progress remains canonical FAILED and drain permits held completion (55.1721ms)
gateway-web	Run pnpm test	2026-10-06T05:06:39.6498111Z ✔ cancel aborts held executor and late result never replaces terminal state (34.3067ms)
gateway-web	Run pnpm test	2026-10-06T05:06:39.6499110Z ✔ delayed old-task cancel cannot abort a later task or admit work while control pending (15.0877ms)
gateway-web	Run pnpm test	2026-10-06T05:06:39.6500151Z ✔ stop during unresolved claim refuses busy and preserves assignment for subsequent stop (5.9704ms)
gateway-web	Run pnpm test	2026-10-06T05:06:39.6501319Z ✔ explicit bounded pool adapter executes canonical canary, then absent pool leaves standard work usable (57.0226ms)
gateway-web	Run pnpm test	2026-10-06T05:06:39.6502413Z ✔ pool registers dormant without adapter or I/O and refuses direct or registry work (3.5819ms)
gateway-web	Run pnpm test	2026-10-06T05:06:39.6503484Z ✔ explicit pool narrows canonical endpoints by membership, role and descriptor readiness (1.9066ms)
gateway-web	Run pnpm test	2026-10-06T05:06:39.6504542Z ✔ enabled pool with missing canonical adapter fails typed unavailable (0.4191ms)
gateway-web	Run pnpm test	2026-10-06T05:06:39.6505732Z ✔ pool control must not cancel work held by an unrelated standard endpoint (0.3115ms)
gateway-web	Run pnpm test	2026-10-06T05:06:39.6506731Z ✔ WBC604 profile: STANDARD_DEVICES is the default and is always an available rollback (6.7543ms)
gateway-web	Run pnpm test	2026-10-06T05:06:39.6507856Z ✔ WBC604 profile: a not-ready switch is REFUSED with a typed code and writes nothing at all (3.3811ms)
gateway-web	Run pnpm test	2026-10-06T05:06:39.6508877Z ✔ WBC604 profile: a ready switch activates, persists, and survives a restart (3.6426ms)
gateway-web	Run pnpm test	2026-10-06T05:06:39.6509943Z ✔ WBC604 profile: an untrustworthy persisted value recovers to the safe default instead of being obeyed (3.7292ms)
gateway-web	Run pnpm test	2026-10-06T05:06:39.6511019Z ✔ WBC604 profile: unknown profiles and no-op changes are answered distinctly, never silently (1.2345ms)
gateway-web	Run pnpm test	2026-10-06T05:06:39.6512012Z ✔ WBC604 profile: rollback returns to STANDARD_DEVICES even after the pool disappears (2.3526ms)
gateway-web	Run pnpm test	2026-10-06T05:06:39.6512796Z ✔ WBC604 hybrid: an explicit strict target outranks every general rule and is never reinterpreted (0.5282ms)
gateway-web	Run pnpm test	2026-10-06T05:06:39.6513656Z ✔ WBC604 hybrid: a hard capability requirement outranks load, and validation work goes to a validation node (0.4066ms)
gateway-web	Run pnpm test	2026-10-06T05:06:39.6514711Z ✔ WBC604 hybrid: a legacy task that declares nothing keeps the compatible default (0.3122ms)
gateway-web	Run pnpm test	2026-10-06T05:06:39.6515622Z ✔ WBC604 hybrid: an untrusted node is never a candidate, whatever its capacity (0.2891ms)
gateway-web	Run pnpm test	2026-10-06T05:06:39.6516730Z ✔ WBC604 fail-safe: a persisted profile whose backend is no longer ready degrades to the rollback profile (7.8839ms)
gateway-web	Run pnpm test	2026-10-06T05:06:39.6517907Z ✔ WBC604 fail-safe: a change never leaves the persisted file disagreeing with the running profile (5.1198ms)
gateway-web	Run pnpm test	2026-10-06T05:06:39.6519311Z ✔ WBC604 fail-safe: changing or rolling back the profile never rewrites canonical task truth (98.2371ms)
gateway-web	Run pnpm test	2026-10-06T05:06:39.6520439Z ✔ WBC604 fail-safe: readiness is re-read on every question, never cached into a stale answer (2.5199ms)
gateway-web	Run pnpm test	2026-10-06T05:06:39.6521504Z ✔ WBC604 route: the City reports its profile, refuses an absent pool, and can always roll back (121.7151ms)
gateway-web	Run pnpm test	2026-10-06T05:06:39.6522524Z ✔ WBC604 route: a persisted selection is what the restarted City runs (32.8847ms)
gateway-web	Run pnpm test	2026-10-06T05:06:39.6523874Z ✔ locale contract: supported tokens, fallback and first-run detection (2.8028ms)
gateway-web	Run pnpm test	2026-10-06T05:06:39.6524783Z ✔ both language packs cover every message key with matching placeholders (3.8879ms)
gateway-web	Run pnpm test	2026-10-06T05:06:39.6525655Z ✔ every fixed Web UI string is present in the language packs (2.0929ms)
gateway-web	Run pnpm test	2026-10-06T05:06:39.6526716Z ✔ protocol tokens and City Control state names are never translated (10.2025ms)
gateway-web	Run pnpm test	2026-10-06T05:06:39.6527596Z ✔ web assets only use message keys that exist in the packs (12.4058ms)
gateway-web	Run pnpm test	2026-10-06T05:06:39.6528381Z ✔ badge state and display label stay separate in every locale (2.3677ms)
gateway-web	Run pnpm test	2026-10-06T05:06:39.6529354Z ✔ applyTranslations and setLocale update the document without touching storage contracts (0.7188ms)
gateway-web	Run pnpm test	2026-10-06T05:06:39.6530383Z ✔ translation fills placeholders and time formatting follows the locale (28.9581ms)
gateway-web	Run pnpm test	2026-10-06T05:06:39.6531409Z ✔ Web Settings language switch, persistence and protocol stability (real browser) (6776.8417ms)
gateway-web	Run pnpm test	2026-10-06T05:06:39.6532421Z ✔ an invite names the City it belongs to, which is the whole point of the form (1.3187ms)
gateway-web	Run pnpm test	2026-10-06T05:06:39.6533349Z ✔ a bare credential is NOT an invite - it cannot say which City it belongs to (0.2056ms)
gateway-web	Run pnpm test	2026-10-06T05:06:39.6534137Z ✔ junk does not throw, it returns null (1.0485ms)
gateway-web	Run pnpm test	2026-10-06T05:06:39.6534891Z ✔ an invite without a host is refused rather than half-understood (0.216ms)
gateway-web	Run pnpm test	2026-10-06T05:06:39.6535657Z ✔ trailing slashes and origins compare cleanly (0.3768ms)
gateway-web	Run pnpm test	2026-10-06T05:06:39.6536439Z ✔ the invite survives a round trip through a URL fragment (0.2616ms)
gateway-web	Run pnpm test	2026-10-06T05:06:39.6537389Z ✔ REGRESSION: a PARSED invite handed back in must still resolve, not become "[object Object]" (0.1275ms)
gateway-web	Run pnpm test	2026-10-06T05:06:39.6538423Z ✔ UXI-301: the adapter table agrees with the contract EXACTLY, in both directions (2.0567ms)
gateway-web	Run pnpm test	2026-10-06T05:06:39.6539540Z ✔ UXI-301: severity cannot contradict the contract class where the class carries meaning (0.4774ms)
gateway-web	Run pnpm test	2026-10-06T05:06:39.6540507Z ✔ UXI-301: every referenced key exists in BOTH locale packs (1.6628ms)
gateway-web	Run pnpm test	2026-10-06T05:06:39.6541395Z ✔ UXI-301: every state and every action renders real copy, not a fallback key (0.7795ms)
gateway-web	Run pnpm test	2026-10-06T05:06:39.6542337Z ✔ UXI-301: zh-CN renders different copy from en, so the locale is really applied (0.246ms)
gateway-web	Run pnpm test	2026-10-06T05:06:39.6543507Z ✔ UXI-301: a non-permitted provider is never selectable or interactive (0.2913ms)
gateway-web	Run pnpm test	2026-10-06T05:06:39.6544500Z ✔ UXI-301: the adapter forces unselectable even when the DTO LIES about selectable (0.2034ms)
gateway-web	Run pnpm test	2026-10-06T05:06:39.6545479Z ✔ UXI-301: NO raw scheduler vocabulary leaks into the default view model (1.0789ms)
gateway-web	Run pnpm test	2026-10-06T05:06:39.6546466Z ✔ UXI-301: the leak rule survives every provider term the contract can produce (0.5673ms)
gateway-web	Run pnpm test	2026-10-06T05:06:39.6547441Z ✔ UXI-301: raw vocabulary IS reachable, but only through the explicit advanced block (0.4759ms)
gateway-web	Run pnpm test	2026-10-06T05:06:39.6548373Z ✔ UXI-301: the adapter never fabricates success and never claims to have chosen (0.3075ms)
gateway-web	Run pnpm test	2026-10-06T05:06:39.6549454Z ✔ UXI-301: an unknown state or term THROWS rather than rendering blank (0.7574ms)
gateway-web	Run pnpm test	2026-10-06T05:06:39.6550468Z ✔ UXI-301: the adapter does not recompute selection - it reports the contract decision unchanged (0.2475ms)
gateway-web	Run pnpm test	2026-10-06T05:06:39.6551534Z ✔ UXI-301: the view model is frozen, so a renderer cannot mutate presentation truth (0.2253ms)
gateway-web	Run pnpm test	2026-10-06T05:06:39.6552464Z ✔ UXI-301: real registry vocabulary flows end to end into user language (0.1894ms)
gateway-web	Run pnpm test	2026-10-06T05:06:39.6553367Z ✔ UXI-301 panel: a state renders in user language, not as a token (4.8278ms)
gateway-web	Run pnpm test	2026-10-06T05:06:39.6554627Z ✔ UXI-301 panel: NO raw scheduler vocabulary appears in the default HTML (2.1176ms)
gateway-web	Run pnpm test	2026-10-06T05:06:39.6555666Z ✔ UXI-301 panel: an unavailable provider is visible with its reason and is NOT a control (0.8518ms)
gateway-web	Run pnpm test	2026-10-06T05:06:39.6556817Z ✔ UXI-301 panel: a submitting action carries its token for wiring and its LABEL in user language (0.7867ms)
gateway-web	Run pnpm test	2026-10-06T05:06:39.6557942Z ✔ UXI-301 panel: the provider choice lives on the ROW and names a candidate the feed offered (0.89ms)
gateway-web	Run pnpm test	2026-10-06T05:06:39.6558975Z ✔ UXI-301 panel: with nothing available to switch to, the instruction says so (0.4789ms)
gateway-web	Run pnpm test	2026-10-06T05:06:39.6560047Z ✔ UXI-301 panel: a decision is asked for only when the feed requires one (0.4812ms)
gateway-web	Run pnpm test	2026-10-06T05:06:39.6561316Z ✔ UXI-301 panel: technical detail appears ONLY behind the explicit Advanced disclosure (0.4817ms)
gateway-web	Run pnpm test	2026-10-06T05:06:39.6562414Z ✔ UXI-301 panel: an unreported feed never looks like a healthy or idle one (0.5893ms)
gateway-web	Run pnpm test	2026-10-06T05:06:39.6563784Z ✔ UXI-301 panel: all text is escaped, including ids from the feed (0.4142ms)
gateway-web	Run pnpm test	2026-10-06T05:06:39.6564754Z ✔ UXI-301 panel: the panel renders in zh-CN as well as en (0.5195ms)
gateway-web	Run pnpm test	2026-10-06T05:06:39.6565672Z ✔ UXI-301 panel: every copy key the panel uses exists in both locale packs (5.8093ms)
gateway-web	Run pnpm test	2026-10-06T05:07:06.9029780Z ✖ Windows history loads detail explicitly, retains it across snapshots and fences late selections (33391.7175ms)
gateway-web	Run pnpm test	2026-10-06T05:07:18.5538933Z ✔ Windows Services invokes real document, knowledge, skill, evidence and theme adapters (11651.8632ms)
gateway-web	Run pnpm test	2026-10-06T05:07:18.5730486Z ✔ renderTerminal returns the terminal controller, not a boolean (1.1261ms)
gateway-web	Run pnpm test	2026-10-06T05:07:18.5732847Z ✔ every terminal page renders, and the page actually follows the shell (1.5795ms)
gateway-web	Run pnpm test	2026-10-06T05:07:18.5733729Z ✔ the Ask / Do page does not duplicate any id owned by the shell (0.7678ms)
gateway-web	Run pnpm test	2026-10-06T05:07:18.5734391Z ✔ no id is duplicated anywhere in the shell document (0.1407ms)
gateway-web	Run pnpm test	2026-10-06T05:07:18.5735043Z ✔ the terminal module never attaches a second submit path to the shell bar (0.3837ms)
gateway-web	Run pnpm test	2026-10-06T05:07:18.5735663Z ✔ the shell bar is a real form so Enter submits it once, natively (0.1711ms)
gateway-web	Run pnpm test	2026-10-06T05:08:03.5321405Z ✔ Web Devices and ephemeral pairing share the authoritative Gateway (83863.617ms)
gateway-web	Run pnpm test	2026-10-06T05:08:14.6691591Z ✔ Web freshness, device detail, node offline and pairing expiry (11137.2691ms)
gateway-web	Run pnpm test	2026-10-06T05:08:26.7961259Z ✔ Web control creates a real task and shows durable result (106439.8904ms)
gateway-web	Run pnpm test	2026-10-06T05:08:26.8356512Z ℹ tests 1380
gateway-web	Run pnpm test	2026-10-06T05:08:26.8356990Z ℹ suites 0
gateway-web	Run pnpm test	2026-10-06T05:08:26.8357308Z ℹ pass 1378
gateway-web	Run pnpm test	2026-10-06T05:08:26.8357671Z ℹ fail 2
gateway-web	Run pnpm test	2026-10-06T05:08:26.8358039Z ℹ cancelled 0
gateway-web	Run pnpm test	2026-10-06T05:08:26.8358374Z ℹ skipped 0
gateway-web	Run pnpm test	2026-10-06T05:08:26.8358697Z ℹ todo 0
gateway-web	Run pnpm test	2026-10-06T05:08:26.8359016Z ℹ duration_ms 270020.9348
gateway-web	Run pnpm test	2026-10-06T05:08:26.8366143Z 
gateway-web	Run pnpm test	2026-10-06T05:08:26.8366410Z ✖ failing tests:
gateway-web	Run pnpm test	2026-10-06T05:08:26.8366653Z 
gateway-web	Run pnpm test	2026-10-06T05:08:26.8367040Z test at tests\pairing-session-lifecycle-web.test.mjs:34:1
gateway-web	Run pnpm test	2026-10-06T05:08:26.8368247Z ✖ JOIN-501 acceptance: no implicit generation, an ACTIVE code that cannot rotate, and both terminal states (41365.1485ms)
gateway-web	Run pnpm test	2026-10-06T05:08:26.8369125Z   locator.waitFor: Timeout 30000ms exceeded.
gateway-web	Run pnpm test	2026-10-06T05:08:26.8370178Z   Call log:
gateway-web	Run pnpm test	2026-10-06T05:08:26.8371373Z   ^[[2m  - waiting for locator('#pairing-code') to be visible^[[22m
gateway-web	Run pnpm test	2026-10-06T05:08:26.8372153Z   
gateway-web	Run pnpm test	2026-10-06T05:08:26.8372914Z       at TestContext.<anonymous> (D:\a\utopia\utopia\tests\pairing-session-lifecycle-web.test.mjs:91:41) {
gateway-web	Run pnpm test	2026-10-06T05:08:26.8373706Z     name: 'TimeoutError'
gateway-web	Run pnpm test	2026-10-06T05:08:26.8374121Z   }
gateway-web	Run pnpm test	2026-10-06T05:08:26.8374344Z 
gateway-web	Run pnpm test	2026-10-06T05:08:26.8374577Z test at tests\web-services.test.mjs:10:1
gateway-web	Run pnpm test	2026-10-06T05:08:26.8375854Z ✖ Windows history loads detail explicitly, retains it across snapshots and fences late selections (33391.7175ms)
gateway-web	Run pnpm test	2026-10-06T05:08:26.8376771Z   locator.waitFor: Timeout 30000ms exceeded.
gateway-web	Run pnpm test	2026-10-06T05:08:26.8377626Z   Call log:
gateway-web	Run pnpm test	2026-10-06T05:08:26.8378332Z   ^[[2m  - waiting for locator('#connection').filter({ hasText: 'ONLINE' }) to be visible^[[22m
gateway-web	Run pnpm test	2026-10-06T05:08:26.8378858Z   
gateway-web	Run pnpm test	2026-10-06T05:08:26.8379383Z       at TestContext.<anonymous> (D:\a\utopia\utopia\tests\web-services.test.mjs:18:175) {
gateway-web	Run pnpm test	2026-10-06T05:08:26.8380117Z     name: 'TimeoutError'
gateway-web	Run pnpm test	2026-10-06T05:08:26.8380486Z   }
gateway-web	Run pnpm test	2026-10-06T05:08:26.8805772Z [ELIFECYCLE] Test failed. See above for more details.
gateway-web	Run pnpm test	2026-10-06T05:08:26.9854122Z ##[error]Process completed with exit code 1.
