gateway-web	Run pnpm test	﻿2026-10-06T04:46:51.4742545Z ##[group]Run pnpm test
gateway-web	Run pnpm test	2026-10-06T04:46:51.4742870Z ^[[36;1mpnpm test^[[0m
gateway-web	Run pnpm test	2026-10-06T04:46:51.4813079Z shell: C:\Program Files\PowerShell\7\pwsh.EXE -command ". '{0}'"
gateway-web	Run pnpm test	2026-10-06T04:46:51.4813432Z env:
gateway-web	Run pnpm test	2026-10-06T04:46:51.4813683Z   PNPM_HOME: C:\Users\runneradmin\setup-pnpm\node_modules\.bin
gateway-web	Run pnpm test	2026-10-06T04:46:51.4814007Z ##[endgroup]
gateway-web	Run pnpm test	2026-10-06T04:46:52.2670006Z $ node --test tests/*.test.mjs
gateway-web	Run pnpm test	2026-10-06T04:46:52.5309516Z ✔ UXI-301 android: the Kotlin term table equals the contract EXACTLY, in both directions (20.493ms)
gateway-web	Run pnpm test	2026-10-06T04:46:52.5313040Z ✔ UXI-301 android: the Kotlin state and action tables equal the contract (0.5247ms)
gateway-web	Run pnpm test	2026-10-06T04:46:52.5319632Z ✔ UXI-301 android: Kotlin severity agrees with the contract class wherever the class carries meaning (0.4138ms)
gateway-web	Run pnpm test	2026-10-06T04:46:52.5342235Z ✔ UXI-301 android: the parity guard would actually fail on drift (0.3987ms)
gateway-web	Run pnpm test	2026-10-06T04:46:52.5370891Z ✔ UXI-390: Android action wiring equals the web surface wiring map (2.4391ms)
gateway-web	Run pnpm test	2026-10-06T04:46:52.5531136Z ✔ Android UI evidence parser preserves single-quoted JSON and double-quoted attributes (20.0558ms)
gateway-web	Run pnpm test	2026-10-06T04:46:52.5601597Z ✔ a committed record from one embodiment is visible to another embodiment of the same assistant (10.2441ms)
gateway-web	Run pnpm test	2026-10-06T04:46:52.5603642Z ✔ two embodiments keep different local context while sharing one authoritative identity (1.6697ms)
gateway-web	Run pnpm test	2026-10-06T04:46:52.5607393Z ✔ disconnecting one embodiment does not terminate the assistant while another remains (0.7881ms)
gateway-web	Run pnpm test	2026-10-06T04:46:52.5613802Z ✔ embodiment-local transient state never leaks into shared state unless promoted (2.3379ms)
gateway-web	Run pnpm test	2026-10-06T04:46:52.5615862Z ✔ concurrent promotion attempts are settled by revision checks, not last-writer-wins (0.9873ms)
gateway-web	Run pnpm test	2026-10-06T04:46:52.5643348Z ✔ promotion is idempotent and rejects key reuse with a different payload (0.8109ms)
gateway-web	Run pnpm test	2026-10-06T04:46:52.5650278Z ✔ authoritative state never holds user identity, authority or raw secrets (1.1966ms)
gateway-web	Run pnpm test	2026-10-06T04:46:52.5663021Z ✔ disclosure is limited by audience and requested scopes (1.4154ms)
gateway-web	Run pnpm test	2026-10-06T04:46:52.5665759Z ✔ recovery keeps the logical assistant and its durable records across a restart (1.3643ms)
gateway-web	Run pnpm test	2026-10-06T04:46:52.5667871Z ✔ a process restart refuses old sessions and stale local scratch as authority (1.6026ms)
gateway-web	Run pnpm test	2026-10-06T04:46:52.5669577Z ✔ in-process recovery expires live sessions until the device re-fetches authority (1.1733ms)
gateway-web	Run pnpm test	2026-10-06T04:46:52.5671254Z ✔ one expired embodiment does not disturb the other embodiments of the same assistant (0.6092ms)
gateway-web	Run pnpm test	2026-10-06T04:46:52.5672787Z ✔ the assistant profile port is a versioned seam with a deterministic double (0.7866ms)
gateway-web	Run pnpm test	2026-10-06T04:46:52.5676112Z ✔ core contract flags state the one-identity-many-projections invariant (0.5589ms)
gateway-web	Run pnpm test	2026-10-06T04:46:52.5677849Z ✔ authority and user-identity state cannot be promoted under a different spelling (0.6494ms)
gateway-web	Run pnpm test	2026-10-06T04:46:52.5679492Z ✔ a raw secret cannot be promoted under a plural or camelCase spelling (0.3297ms)
gateway-web	Run pnpm test	2026-10-06T04:46:52.5681176Z ✔ an embodiment reference from a previous epoch never names a live embodiment (1.5851ms)
gateway-web	Run pnpm test	2026-10-06T04:46:52.5683122Z ✔ a tampered snapshot cannot install authority, a secret, an unpromotable scope or an unknown audience as truth (1.4896ms)
gateway-web	Run pnpm test	2026-10-06T04:46:52.5685014Z ✔ a retry carrying a different payload is refused, not silently replayed (0.4112ms)
gateway-web	Run pnpm test	2026-10-06T04:46:52.6621481Z ✔ two assistants hold different duties and proactivity over one authorized user context (6.7795ms)
gateway-web	Run pnpm test	2026-10-06T04:46:52.6638538Z ✔ out-of-duty requests are refused or delegated without changing permissions (1.3322ms)
gateway-web	Run pnpm test	2026-10-06T04:46:52.6647942Z ✔ effective permission is the four-axis intersection and a lease never substitutes for it (2.716ms)
gateway-web	Run pnpm test	2026-10-06T04:46:52.6654761Z ✔ a handoff to a less-privileged assistant stays less privileged (0.8851ms)
gateway-web	Run pnpm test	2026-10-06T04:46:52.6678597Z ✔ permission is recomputed after handoff, device change, reconnect and capability change (1.3791ms)
gateway-web	Run pnpm test	2026-10-06T04:46:52.6680431Z ✔ proactivity levels bound initiative and notification audiences (1.017ms)
gateway-web	Run pnpm test	2026-10-06T04:46:52.6692120Z ✔ the policy engine is strict, frozen, observable and independent (1.3801ms)
gateway-web	Run pnpm test	2026-10-06T04:46:52.6723757Z ✔ the deployment policy is validated and its ceiling cannot be removed (0.5046ms)
gateway-web	Run pnpm test	2026-10-06T04:46:52.6725297Z ✔ the confirmation floor comes from the deployment policy, not from the assistant (0.948ms)
gateway-web	Run pnpm test	2026-10-06T04:46:52.6726730Z ✔ notification audiences are a list of references, not a substring match (0.9947ms)
gateway-web	Run pnpm test	2026-10-06T04:46:52.6727996Z ✔ a handoff payload cannot carry authority whatever its shape (1.8752ms)
gateway-web	Run pnpm test	2026-10-06T04:46:52.6729288Z ✔ the assistant axis is the registry own duty policy and the Core axes say so (0.906ms)
gateway-web	Run pnpm test	2026-10-06T04:46:52.6730548Z ✔ an uninterpretable instant is refused rather than recorded (0.6915ms)
gateway-web	Run pnpm test	2026-10-06T04:46:52.6731745Z ✔ the duty gate is about the action, and a named duty only narrows it (0.6ms)
gateway-web	Run pnpm test	2026-10-06T04:46:52.6733103Z ✔ a handoff carries the capability factor and reports relative privilege honestly (0.4329ms)
gateway-web	Run pnpm test	2026-10-06T04:46:52.6734836Z ✔ a lease must be unexpired and held here to count as execution safety (0.7818ms)
gateway-web	Run pnpm test	2026-10-06T04:46:52.6736263Z ✔ a recomputation supersedes the decisions it replaces, and ids are registry scoped (0.6129ms)
gateway-web	Run pnpm test	2026-10-06T04:46:52.6927460Z ✔ embodiment events are the canonical Assistant model and transport stays non-canonical (5.6581ms)
gateway-web	Run pnpm test	2026-10-06T04:46:52.6933570Z ✔ contradictory commands from two devices cannot produce two exclusive side effects (4.0308ms)
gateway-web	Run pnpm test	2026-10-06T04:46:52.6939236Z ✔ retries and replays with the same action key never duplicate the external side effect (1.7016ms)
gateway-web	Run pnpm test	2026-10-06T04:46:52.6944334Z ✔ lease expiry, revocation and reassignment are authoritative and observable (2.3877ms)
gateway-web	Run pnpm test	2026-10-06T04:46:52.6947935Z ✔ after a disconnect nothing resumes on a stale local lease (2.2131ms)
gateway-web	Run pnpm test	2026-10-06T04:46:52.6950105Z ✔ output routing respects availability, foreground and privacy without broadcasting (1.204ms)
gateway-web	Run pnpm test	2026-10-06T04:46:52.6951681Z ✔ the bus is strict, frozen and free of ambient state (1.1642ms)
gateway-web	Run pnpm test	2026-10-06T04:46:52.6953097Z ✔ the canonical contract allow-list is decided by own keys (0.4781ms)
gateway-web	Run pnpm test	2026-10-06T04:46:52.6954413Z ✔ a caller instant must be real, not merely well shaped (0.9943ms)
gateway-web	Run pnpm test	2026-10-06T04:46:52.6955667Z ✔ the bus policy bounds are validated rather than trusted (2.0756ms)
gateway-web	Run pnpm test	2026-10-06T04:46:52.6957097Z ✔ a reconnecting device never revives a lease another holder has taken over (4.3415ms)
gateway-web	Run pnpm test	2026-10-06T04:46:52.6961212Z ✔ an action key stays the same action across renewal and reassignment (1.1264ms)
gateway-web	Run pnpm test	2026-10-06T04:46:52.6969977Z ✔ renewal retires the previous lease reference instead of aliasing it (0.9967ms)
gateway-web	Run pnpm test	2026-10-06T04:46:52.6997621Z ✔ authority is never anonymous: acting on a lease needs the holder it names (5.0019ms)
gateway-web	Run pnpm test	2026-10-06T04:46:52.7000041Z ✔ an expired lease cannot be revived with a backdated instant (0.8838ms)
gateway-web	Run pnpm test	2026-10-06T04:46:52.7001531Z ✔ reconciliation requires an authoritative lease inventory (0.9478ms)
gateway-web	Run pnpm test	2026-10-06T04:46:52.7003245Z ✔ routing never delivers to a device the bus knows is disconnected (0.4772ms)
gateway-web	Run pnpm test	2026-10-06T04:46:52.7021681Z ✔ staleness and replay absorption do not depend on an optional command reference (0.8109ms)
gateway-web	Run pnpm test	2026-10-06T04:46:52.7023230Z ✔ a refused reconciliation grants no authority (0.8067ms)
gateway-web	Run pnpm test	2026-10-06T04:46:52.7027045Z ✔ the canonical event carries the declared identity and transport correlation (0.4967ms)
gateway-web	Run pnpm test	2026-10-06T04:46:52.7033411Z ✔ an envelope field is validated and used exactly once (0.4161ms)
gateway-web	Run pnpm test	2026-10-06T04:46:52.7034707Z ✔ exclusivity is a boolean grant, not a truthy flag (0.5514ms)
gateway-web	Run pnpm test	2026-10-06T04:46:52.7036039Z ✔ an instant helper that guards decisions is not shape-only (0.2083ms)
gateway-web	Run pnpm test	2026-10-06T04:46:52.7168828Z ✔ an embodiment descriptor references Remote Fabric identity and never mints its own (6.8895ms)
gateway-web	Run pnpm test	2026-10-06T04:46:52.7170414Z ✔ a device without cross-device identity is representable, and says so (0.6561ms)
gateway-web	Run pnpm test	2026-10-06T04:46:52.7192627Z ✔ descriptor vocabularies are closed and unknown values are refused (1.9038ms)
gateway-web	Run pnpm test	2026-10-06T04:46:52.7196039Z ✔ one logical assistant inhabits PC and Android at the same time (1.8838ms)
gateway-web	Run pnpm test	2026-10-06T04:46:52.7197828Z ✔ a device refuses a second simultaneous foreground assistant (1.1068ms)
gateway-web	Run pnpm test	2026-10-06T04:46:52.7200450Z ✔ detaching the foreground assistant releases the binding (0.6358ms)
gateway-web	Run pnpm test	2026-10-06T04:46:52.7237303Z ✔ foreground A->B switches cleanly and releases the outgoing local context (1.5738ms)
gateway-web	Run pnpm test	2026-10-06T04:46:52.7239028Z ✔ a stale foreground view cannot take the device over (1.104ms)
gateway-web	Run pnpm test	2026-10-06T04:46:52.7240378Z ✔ a foreground switch leaves an unrelated background task owned, executing and uncancelled (26.4032ms)
gateway-web	Run pnpm test	2026-10-06T04:46:52.7247402Z ✔ device-local context stays per-device and never becomes authoritative (1.3731ms)
gateway-web	Run pnpm test	2026-10-06T04:46:52.7248631Z ✔ binding reconstructs from authoritative state after a restart (2.8647ms)
gateway-web	Run pnpm test	2026-10-06T04:46:52.7249934Z ✔ a reconnecting device is refused when its local belief disagrees with authority (1.9483ms)
gateway-web	Run pnpm test	2026-10-06T04:46:52.7251556Z ✔ one assistant on many devices keeps each device independent (0.9271ms)
gateway-web	Run pnpm test	2026-10-06T04:46:52.7252713Z ✔ duplicate device identity and unknown embodiments are refused (1.9921ms)
gateway-web	Run pnpm test	2026-10-06T04:46:52.7254358Z ✔ undeclared keys inherited from Object.prototype are refused, and a prototype key never is a descriptor field (1.5345ms)
gateway-web	Run pnpm test	2026-10-06T04:46:52.7258439Z ✔ a competing physical-device identity is refused in every spelling (4.4159ms)
gateway-web	Run pnpm test	2026-10-06T04:46:52.7266003Z ✔ a foreground binding reference is never re-issued across a restart (4.0507ms)
gateway-web	Run pnpm test	2026-10-06T04:46:52.7269626Z ✔ a physical device cannot be claimed twice, including by refreshing an unidentified embodiment (0.6491ms)
gateway-web	Run pnpm test	2026-10-06T04:46:52.7272822Z ✔ the single-foreground invariant is derived from physical device identity (0.9335ms)
gateway-web	Run pnpm test	2026-10-06T04:46:52.7274460Z ✔ a restored binding keeps its recovery provenance on every later read (0.6568ms)
gateway-web	Run pnpm test	2026-10-06T04:46:52.7276197Z ✔ the foreground compare-and-set token is the binding reference, not the assistant (0.5177ms)
gateway-web	Run pnpm test	2026-10-06T04:46:52.7278472Z ✔ re-attaching with a different session is a session change, not an idempotent repeat (0.5828ms)
gateway-web	Run pnpm test	2026-10-06T04:46:52.8098979Z ✔ switching the foreground assistant touches no task (2.5259ms)
gateway-web	Run pnpm test	2026-10-06T04:46:52.8100219Z ✔ a handoff carries responsibility and never authority (2.4255ms)
gateway-web	Run pnpm test	2026-10-06T04:46:52.8101817Z ✔ a true transfer needs acceptance and leaves exactly one authoritative owner (3.0001ms)
gateway-web	Run pnpm test	2026-10-06T04:46:52.8103697Z ✔ an explicit executor move is carried by the handoff and recorded separately (0.6532ms)
gateway-web	Run pnpm test	2026-10-06T04:46:52.8126721Z ✔ a rejected or expired handoff leaves the authoritative owner unchanged (1.1957ms)
gateway-web	Run pnpm test	2026-10-06T04:46:52.8133306Z ✔ a consultation transfers nothing even when accepted (0.6368ms)
gateway-web	Run pnpm test	2026-10-06T04:46:52.8150257Z ✔ the handoff package is strict, idempotent and refuses terminal or foreign tasks (2.5063ms)
gateway-web	Run pnpm test	2026-10-06T04:46:52.8170944Z ✔ unknown fields are refused even when named after Object.prototype members (1.5004ms)
gateway-web	Run pnpm test	2026-10-06T04:46:52.8197928Z ✔ a non-enumerable own authority field cannot evade the authority scan (3.2928ms)
gateway-web	Run pnpm test	2026-10-06T04:46:52.8205202Z ✔ a stale concurrent handoff cannot take ownership from a new owner (1.3935ms)
gateway-web	Run pnpm test	2026-10-06T04:46:52.8207101Z ✔ recipient authority is recomputed at takeover, not reused from proposal time (1.0187ms)
gateway-web	Run pnpm test	2026-10-06T04:46:52.8209294Z ✔ a policy lookup is own-key only, never through the prototype chain (0.3759ms)
gateway-web	Run pnpm test	2026-10-06T04:46:52.8214085Z ✔ a re-proposal under a live id is only a duplicate when it says the same thing (1.0717ms)
gateway-web	Run pnpm test	2026-10-06T04:46:52.8218813Z ✔ transition timestamps must be real instants at or after the proposal (0.5381ms)
gateway-web	Run pnpm test	2026-10-06T04:46:52.8222551Z ✔ a cyclic or over-deep handoff is refused, never a stack overflow (0.7217ms)
gateway-web	Run pnpm test	2026-10-06T04:46:52.8224775Z ✔ a calendar-impossible instant is refused, not merely shape-checked (0.2418ms)
gateway-web	Run pnpm test	2026-10-06T04:46:52.8253792Z ✔ the switch report does not invent the outgoing assistant's presence (0.2313ms)
gateway-web	Run pnpm test	2026-10-06T04:46:52.8259345Z ✔ a refusal that cannot be explained is not half-applied (0.6561ms)
gateway-web	Run pnpm test	2026-10-06T04:46:52.8262359Z ✔ a transfer must declare the capabilities the recipient is judged against (0.5447ms)
gateway-web	Run pnpm test	2026-10-06T04:46:52.8264843Z ✔ the task store double does not leak or alias canonical state (0.3086ms)
gateway-web	Run pnpm test	2026-10-06T04:46:52.8267541Z ✔ a versioned task refuses a handoff built against another version (1.371ms)
gateway-web	Run pnpm test	2026-10-06T04:46:52.8449454Z ✔ assistants are listed and selected, with the five identity roles kept distinct (7.3843ms)
gateway-web	Run pnpm test	2026-10-06T04:46:52.8451117Z ✔ profile changes propagate as committed shared state and never touch Digital-Me or tasks (2.807ms)
gateway-web	Run pnpm test	2026-10-06T04:46:52.8460752Z ✔ foreground switching is a UI operation that transfers nothing (3.0433ms)
gateway-web	Run pnpm test	2026-10-06T04:46:52.8463663Z ✔ stale, offline and reconnecting embodiments are surfaced and never shown as authority (2.155ms)
gateway-web	Run pnpm test	2026-10-06T04:46:52.8466311Z ✔ reserved voice/avatar adapters exist as adapters without being required now (7.7077ms)
gateway-web	Run pnpm test	2026-10-06T04:46:52.8468096Z ✔ the surface is strict, frozen and independent of ambient state (2.8341ms)
gateway-web	Run pnpm test	2026-10-06T04:46:52.8473501Z ✔ an editable field carries the kind of value its name promises (4.1544ms)
gateway-web	Run pnpm test	2026-10-06T04:46:52.8480974Z ✔ a change the surface cannot read is refused rather than dropped (1.0097ms)
gateway-web	Run pnpm test	2026-10-06T04:46:52.8495612Z ✔ the version guard is not switchable off by policy (0.6917ms)
gateway-web	Run pnpm test	2026-10-06T04:46:52.8521261Z ✔ re-registering a device never discards the binding the user chose (1.2418ms)
gateway-web	Run pnpm test	2026-10-06T04:46:52.8528926Z ✔ a task the surface cannot read is reported, not hidden (0.9601ms)
gateway-web	Run pnpm test	2026-10-06T04:46:52.8534572Z ✔ the committed-update cursor must be a version and the instants must be real (1.2443ms)
gateway-web	Run pnpm test	2026-10-06T04:46:52.8537469Z ✔ freshness needs a recent observation, not only a declared state (1.2403ms)
gateway-web	Run pnpm test	2026-10-06T04:46:52.8542282Z ✔ every projection of a device gives the same freshness answer (0.327ms)
gateway-web	Run pnpm test	2026-10-06T04:46:52.8543844Z ✔ a committed update carries the change, the previous values and the actor (0.571ms)
gateway-web	Run pnpm test	2026-10-06T04:46:52.8546426Z ✔ a handoff or a provisional switch is never taken from a cached view (0.6125ms)
gateway-web	Run pnpm test	2026-10-06T04:46:52.8550818Z ✔ a task foreground flag is a boolean and its role reflects the data (0.4829ms)
gateway-web	Run pnpm test	2026-10-06T04:46:52.8555589Z ✔ an untypeable value is refused before anything is recorded (0.7114ms)
gateway-web	Run pnpm test	2026-10-06T04:46:52.8764259Z ✔ one authoritative task is shared by every embodiment — never duplicated per device (5.3329ms)
gateway-web	Run pnpm test	2026-10-06T04:46:52.8766299Z ✔ ownership is logical, execution is physical — sessions and devices are never the owner (2.7327ms)
gateway-web	Run pnpm test	2026-10-06T04:46:52.8769246Z ✔ mutations are versioned and typed, and conflicting updates keep a causal audit trail (2.0919ms)
gateway-web	Run pnpm test	2026-10-06T04:46:52.8772939Z ✔ foreground switching never changes owner, coordinator or executor (0.683ms)
gateway-web	Run pnpm test	2026-10-06T04:46:52.8774893Z ✔ ownership moves only through an explicit accepted handoff, and never restarts the executor (2.3312ms)
gateway-web	Run pnpm test	2026-10-06T04:46:52.8780832Z ✔ an exclusive side effect can never have two simultaneous valid executors (2.1003ms)
gateway-web	Run pnpm test	2026-10-06T04:46:52.8782297Z ✔ device release suspends the lease, never orphans a task and never moves ownership (4.6425ms)
gateway-web	Run pnpm test	2026-10-06T04:46:52.8783664Z ✔ every contract surface is closed, frozen and free of ambient state (1.9833ms)
gateway-web	Run pnpm test	2026-10-06T04:46:52.8784854Z ✔ the canonical contract allow-list is decided by own keys (0.7934ms)
gateway-web	Run pnpm test	2026-10-06T04:46:52.8791410Z ✔ a hidden authority field in a handoff is found, and a cycle does not crash the scan (1.0331ms)
gateway-web	Run pnpm test	2026-10-06T04:46:52.8793257Z ✔ a caller instant must be real, not merely well shaped (0.7763ms)
gateway-web	Run pnpm test	2026-10-06T04:46:52.8797173Z ✔ a refused patch changes nothing (0.4053ms)
gateway-web	Run pnpm test	2026-10-06T04:46:52.8821572Z ✔ a released executor must revalidate its lease instead of re-issuing it (0.8672ms)
gateway-web	Run pnpm test	2026-10-06T04:46:52.8824648Z ✔ an exclusive side effect cannot complete without a lease (0.5934ms)
gateway-web	Run pnpm test	2026-10-06T04:46:52.8826202Z ✔ a refused foreground change leaves the binding untouched (0.418ms)
gateway-web	Run pnpm test	2026-10-06T04:46:52.8828691Z ✔ a device release never rewrites a settled task, and a handoff checkpoint is text (0.8285ms)
gateway-web	Run pnpm test	2026-10-06T04:46:52.9316433Z ✔ Windows manufacturer payload prefixes locator with canonical UUID bytes (1.6217ms)
gateway-web	Run pnpm test	2026-10-06T04:46:52.9318558Z ✔ BLE locator contains exactly version IPv4 and big-endian port (1.486ms)
gateway-web	Run pnpm test	2026-10-06T04:46:52.9320156Z ✔ non-Windows adapter reports software platform error rather than hardware evidence (1.5617ms)
gateway-web	Run pnpm test	2026-10-06T04:46:53.0498242Z ✔ a fresh profile is fully normalized, descriptive and authority-free (6.4128ms)
gateway-web	Run pnpm test	2026-10-06T04:46:53.0521356Z ✔ partially specified ports receive safe defaults (1.3072ms)
gateway-web	Run pnpm test	2026-10-06T04:46:53.0596626Z ✔ two assistant identities hold independent profiles and relationship modes at the same time (21.4195ms)
gateway-web	Run pnpm test	2026-10-06T04:46:53.0660512Z ✔ a relationship change on one assistant never leaks into another assistant or its bundle (1.1431ms)
gateway-web	Run pnpm test	2026-10-06T04:46:53.0666038Z ✔ several assistant identities can be online at once and presence is idempotent (1.1117ms)
gateway-web	Run pnpm test	2026-10-06T04:46:53.0722755Z ✔ a duplicate assistant id is refused and leaves state untouched (0.7498ms)
gateway-web	Run pnpm test	2026-10-06T04:46:53.0741967Z ✔ minted assistant ids are stable, unique and honestly labelled (0.6166ms)
gateway-web	Run pnpm test	2026-10-06T04:46:53.0757810Z ✔ profiles reject embedded permission grants, execution leases and authority fields (1.0814ms)
gateway-web	Run pnpm test	2026-10-06T04:46:53.0768594Z ✔ extension namespaces cannot smuggle Digital-Me or authority namespaces (1.7977ms)
gateway-web	Run pnpm test	2026-10-06T04:46:53.0815739Z ✔ schema version and port shape are validated instead of silently accepted (1.0092ms)
gateway-web	Run pnpm test	2026-10-06T04:46:53.0837511Z ✔ unknown future attributes migrate forward without losing data (3.1616ms)
gateway-web	Run pnpm test	2026-10-06T04:46:53.0849657Z ✔ a rejected write is a no-op and schema_version cannot be patched (1.8034ms)
gateway-web	Run pnpm test	2026-10-06T04:46:53.0876350Z ✔ a stale profile write is refused instead of silently overwriting (0.8638ms)
gateway-web	Run pnpm test	2026-10-06T04:46:53.0878376Z ✔ export and import restore durable assistant state after a simulated restart (1.9859ms)
gateway-web	Run pnpm test	2026-10-06T04:46:53.0885740Z ✔ replace import touches only the target assistant and bumps its revision (1.0833ms)
gateway-web	Run pnpm test	2026-10-06T04:46:53.0889529Z ✔ import rejects Digital-Me data, authority fields and malformed bundles atomically (3.1847ms)
gateway-web	Run pnpm test	2026-10-06T04:46:53.0891123Z ✔ reset restores safe defaults for one assistant without touching the others (2.0365ms)
gateway-web	Run pnpm test	2026-10-06T04:46:53.0894138Z ✔ duty labels describe a role and never grant the corresponding action (1.3435ms)
gateway-web	Run pnpm test	2026-10-06T04:46:53.0895519Z ✔ the personalization surface never writes Digital-Me state (0.8526ms)
gateway-web	Run pnpm test	2026-10-06T04:46:53.0896755Z ✔ identity lifecycle errors are typed and presence is cleaned up (1.9722ms)
gateway-web	Run pnpm test	2026-10-06T04:46:53.0897944Z ✔ applyProfilePatch merges one port level and replaces arrays (1.1939ms)
gateway-web	Run pnpm test	2026-10-06T04:46:53.0898958Z ✔ the published schema matches the runtime contract (1.5217ms)
gateway-web	Run pnpm test	2026-10-06T04:46:53.0905261Z ✔ a profile patch cannot rewrite a prototype or inject a hidden property (0.5833ms)
gateway-web	Run pnpm test	2026-10-06T04:46:53.0906787Z ✔ the Zone patch path is closed to prototype injection and leaves state untouched (0.3066ms)
gateway-web	Run pnpm test	2026-10-06T04:46:53.0908157Z ✔ a rejected patch leaves the stored profile byte-identical (0.3926ms)
gateway-web	Run pnpm test	2026-10-06T04:46:53.0909395Z ✔ inherited property names are not declared port fields (1.3895ms)
gateway-web	Run pnpm test	2026-10-06T04:46:53.0910757Z ✔ reserved keys are refused at every depth of a stored profile document (0.4569ms)
gateway-web	Run pnpm test	2026-10-06T04:46:53.0912254Z ✔ a bundle refuses a reserved key anywhere, including inside an extension value (0.6207ms)
gateway-web	Run pnpm test	2026-10-06T04:46:53.0913862Z ✔ a reserved key cannot be registered as a personalization port (0.4036ms)
gateway-web	Run pnpm test	2026-10-06T04:46:53.0927509Z ✔ the published schema states the reserved-prototype-key rule the runtime enforces (0.5599ms)
gateway-web	Run pnpm test	2026-10-06T04:47:17.1197325Z ✔ document bytes flow through real readers and into temporary knowledge (23911.9119ms)
gateway-web	Run pnpm test	2026-10-06T04:47:17.1204938Z ✔ evidence review is deterministic and tampering never gets rehashed (5.742ms)
gateway-web	Run pnpm test	2026-10-06T04:47:17.1219076Z ✔ theme generation returns a reproducible PNG and validation (141.3233ms)
gateway-web	Run pnpm test	2026-10-06T04:47:17.1227685Z ✔ future promoted module stays pending and all five existing adapters still execute (54.6499ms)
gateway-web	Run pnpm test	2026-10-06T04:47:17.1233840Z ✔ malformed and oversized inputs have explicit refusals (25.4047ms)
gateway-web	Run pnpm test	2026-10-06T04:47:17.2233512Z ✔ dependency failure degrades the same descriptor used to gate invocations (295.625ms)
gateway-web	Run pnpm test	2026-10-06T04:47:17.2235842Z ✔ capabilities use control auth, canonical results, typed refusal and durable history (2114.4436ms)
gateway-web	Run pnpm test	2026-10-06T04:47:17.2237574Z ✔ the per-capability degradation latch is owned by the migrated provider-resilience breaker (919.4965ms)
gateway-web	Run pnpm test	2026-10-06T04:47:36.4970381Z ✔ old SQLite results migrate without changing identity, digest or metadata, including restart (748.9585ms)
gateway-web	Run pnpm test	2026-10-06T04:47:36.4972093Z ✔ migration fails closed and rolls back earlier rows when legacy history is corrupt (572.9618ms)
gateway-web	Run pnpm test	2026-10-06T04:47:36.4974374Z ✔ 560 large legacy results keep 500 summaries and 50 details; new saves remain bounded (41809.4557ms)
gateway-web	Run pnpm test	2026-10-06T04:47:41.4040534Z ✔ city and list APIs send summaries only, enforce limits and retrieve individual details (4907.2038ms)
gateway-web	Run pnpm test	2026-10-06T04:48:09.7513296Z ✔ a long running invocation survives pruning and its completion remains readable (28347.4292ms)
gateway-web	Run pnpm test	2026-10-06T04:48:09.7662153Z ✔ qualified identities keep duplicate names independent and cannot replace missing dependencies (4.9325ms)
gateway-web	Run pnpm test	2026-10-06T04:48:09.7663978Z ✔ registry restricts mixed module lifecycle and exposes every dependency lifecycle (2.8364ms)
gateway-web	Run pnpm test	2026-10-06T04:48:09.7665490Z ✔ unbridged duplicate module names receive different qualified capability IDs (1.1815ms)
gateway-web	Run pnpm test	2026-10-06T04:48:09.7666914Z ✔ Theme advertises implemented generate and build operations and refuses validate (1.1551ms)
gateway-web	Run pnpm test	2026-10-06T04:48:09.7668223Z ✔ infrastructure modules are never advertised as capabilities (0.8853ms)
gateway-web	Run pnpm test	2026-10-06T04:48:09.7670015Z ✔ CEX701 owner sees canonical clone findings and explicitly recovers unbound installation without deleting other devices (15782.5772ms)
gateway-web	Run pnpm test	2026-10-06T04:48:09.7672232Z ✔ CEX701 session sees only own installation and actionable owner guidance; rebind and cross-revoke stay forbidden (2978.0347ms)
gateway-web	Run pnpm test	2026-10-06T04:48:09.7675099Z ✔ CEX701 recovery selection and owner confirmation do not survive credential changes (4652.6623ms)
gateway-web	Run pnpm test	2026-10-06T04:48:09.7678422Z ✔ CEX702 ordinary Web choice records a single decline, hands off and returns actual result to same surface (5251.5384ms)
gateway-web	Run pnpm test	2026-10-06T04:48:09.7680883Z ✔ CEX702 strict target and no alternate have explicit canonical refusal without conflicting mutation (90.8036ms)
gateway-web	Run pnpm test	2026-10-06T04:48:09.7682951Z ✔ CEX702 backend rejects stale decisions and withdrawn/offline alternates using current City truth (42.9166ms)
gateway-web	Run pnpm test	2026-10-06T04:48:09.7684524Z ✔ CEX702 legacy decline does not authorize a stale explicit alternate replay (45.866ms)
gateway-web	Run pnpm test	2026-10-06T04:48:09.7686011Z ✔ CEX703 fresh user opens live catalog without failed Ask and selection never executes (2671.8698ms)
gateway-web	Run pnpm test	2026-10-06T04:48:09.7687837Z ✔ CEX703 catalog action follows existing confirmation before any City task exists (4162.7776ms)
gateway-web	Run pnpm test	2026-10-06T04:48:09.7689470Z ✔ CEX703 uncertain selected-request retry preserves exact selection and idempotency key (4619.2452ms)
gateway-web	Run pnpm test	2026-10-06T04:48:09.7691146Z ✔ CEX704 guarded native generation keeps active session fixed and requires fresh terminal state (155.9849ms)
gateway-web	Run pnpm test	2026-10-06T04:48:09.7694824Z ✔ CEX705 canonical scoped management preserves rename/sharing/message/revoke authority and reconnect identity (416.262ms)
gateway-web	Run pnpm test	2026-10-06T04:48:09.7696681Z ✔ each member sees itself first and all City devices by admission name, with real message receipt (5374.773ms)
gateway-web	Run pnpm test	2026-10-06T04:48:09.7700235Z ✔ real joined devices retain names, appear beside the host and may register only their own worker (179.0773ms)
gateway-web	Run pnpm test	2026-10-06T04:48:09.7701953Z ✔ two members exchange messages with explicit receipt and sender identity cannot be forged (68.0345ms)
gateway-web	Run pnpm test	2026-10-06T04:48:09.7704012Z ✔ member B actually computes a task from A; disabling sharing and revoke prevents further claims (198.1343ms)
gateway-web	Run pnpm test	2026-10-06T04:48:09.7705696Z ✔ new admission cannot take the host or an existing member identity, even with a valid short code (58.0015ms)
gateway-web	Run pnpm test	2026-10-06T04:48:09.7707671Z ✔ an active browser session refresh actually extends expiry while preserving its installation scope (37.2834ms)
gateway-web	Run pnpm test	2026-10-06T04:48:09.7709235Z ✔ local primary control surface can switch only its own computing resources (40.9934ms)
gateway-web	Run pnpm test	2026-10-06T04:48:09.7710730Z ✔ custom City name is canonical across snapshot, pairing, discovery descriptor and restart (111.0293ms)
gateway-web	Run pnpm test	2026-10-06T04:48:09.7712271Z ✔ Settings changes the visible City name and keeps editing stable across snapshots (7161.9094ms)
gateway-web	Run pnpm test	2026-10-06T04:48:09.7713721Z ✔ Road rejects missing array elements instead of producing null serialized entries (2.5406ms)
gateway-web	Run pnpm test	2026-10-06T04:48:09.7715303Z ✔ Road preserves section order, deterministic IDs and explicit temporary unverified ownership (0.9786ms)
gateway-web	Run pnpm test	2026-10-06T04:48:09.7717210Z ✔ Road accepts empty documents and preserves empty heading and text without coercion (0.192ms)
gateway-web	Run pnpm test	2026-10-06T04:48:09.7718734Z ✔ Road refuses malformed document boundaries and never accepts caller trust injection (0.4093ms)
gateway-web	Run pnpm test	2026-10-06T04:48:09.7720251Z ✔ Road output validation rejects permanence, trust escalation and reordered IDs (0.2326ms)
gateway-web	Run pnpm test	2026-10-06T04:48:09.7721713Z ✔ Bridge Road extraction preserves all six published document retrieval digests (477.3164ms)
gateway-web	Run pnpm test	2026-10-06T04:48:09.7723383Z ✔ scope: local, lan, remote and unknown are distinguished, and an address we hold is never called "nearby" (1.3427ms)
gateway-web	Run pnpm test	2026-10-06T04:48:09.7724815Z ✔ the list always contains this machine, and offers to use it (1.6459ms)
gateway-web	Run pnpm test	2026-10-06T04:48:09.7726016Z ✔ the list is NOT fixed at two: any number of PCs is listed, in one list (10.4318ms)
gateway-web	Run pnpm test	2026-10-06T04:48:09.7727546Z ✔ each PC offers the actions that make sense for it, and none that do not (1.0688ms)
gateway-web	Run pnpm test	2026-10-06T04:48:09.7729097Z ✔ a remembered PC that discovery did NOT find is still listed, because that is when the address matters (0.515ms)
gateway-web	Run pnpm test	2026-10-06T04:48:09.7730597Z ✔ discovery and memory overlap constantly, and a PC is never listed twice (0.3785ms)
gateway-web	Run pnpm test	2026-10-06T04:48:09.7732060Z ✔ the recommendation is attached to a row, so the list and the recommendation cannot disagree (0.3363ms)
gateway-web	Run pnpm test	2026-10-06T04:48:09.7733727Z ✔ a machine with no telemetry is marked as thin evidence rather than being scored as if it were measured (0.3711ms)
gateway-web	Run pnpm test	2026-10-06T04:48:09.7735338Z ✔ row count is bounded and the discarded overlap is stated rather than silently dropped (0.7828ms)
gateway-web	Run pnpm test	2026-10-06T04:48:09.7736960Z ✔ the fallback channels are DESCRIBED, not moved: the entry controls stay where the app renders them (1.1822ms)
gateway-web	Run pnpm test	2026-10-06T04:48:09.7738265Z ✔ rendering is escaped and carries its action as data (0.3028ms)
gateway-web	Run pnpm test	2026-10-06T04:48:09.7739327Z ✔ an empty world renders an honest sentence, not an empty list (0.1605ms)
gateway-web	Run pnpm test	2026-10-06T04:48:09.7740681Z ✔ capability summaries report only what was measured, and say unknown when nothing was (0.2277ms)
gateway-web	Run pnpm test	2026-10-06T04:48:09.7742206Z ✔ different assistants receive different authorized scopes from the same Digital-Me (7.6896ms)
gateway-web	Run pnpm test	2026-10-06T04:48:09.7743487Z ✔ a denied scope is a typed refusal with no partial leakage (0.5915ms)
gateway-web	Run pnpm test	2026-10-06T04:48:09.7744717Z ✔ assistant profile and relationship changes never change canonical records (0.6927ms)
gateway-web	Run pnpm test	2026-10-06T04:48:09.7753383Z ✔ a private fact is not surfaced through another audience without disclosure authorization (1.7372ms)
gateway-web	Run pnpm test	2026-10-06T04:48:09.7756445Z ✔ cross-assistant private memory is never visible to another assistant (0.4157ms)
gateway-web	Run pnpm test	2026-10-06T04:48:09.7759220Z ✔ least data by default, with values only when the purpose needs them (1.1642ms)
gateway-web	Run pnpm test	2026-10-06T04:48:09.7762265Z ✔ stale context is reported rather than served, and device-ephemeral context is never durable (1.0693ms)
gateway-web	Run pnpm test	2026-10-06T04:48:09.7764705Z ✔ every projection carries provenance, and the surface is strict (0.6503ms)
gateway-web	Run pnpm test	2026-10-06T04:48:09.7768363Z ✔ record fields named after Object.prototype members are refused (0.7501ms)
gateway-web	Run pnpm test	2026-10-06T04:48:09.7769977Z ✔ a replayed or future-dated record is never served as current (0.8718ms)
gateway-web	Run pnpm test	2026-10-06T04:48:09.7771882Z ✔ a policy grant is read from the policy itself, never from the prototype chain (1.0273ms)
gateway-web	Run pnpm test	2026-10-06T04:48:09.7773183Z ✔ a SENSITIVE record is not released like an ordinary one (0.8534ms)
gateway-web	Run pnpm test	2026-10-06T04:48:09.7774390Z ✔ a cyclic or over-deep record is a typed refusal, not a stack overflow (0.6773ms)
gateway-web	Run pnpm test	2026-10-06T04:48:09.7775661Z ✔ a calendar-impossible instant is refused, not merely shape-checked (0.2581ms)
gateway-web	Run pnpm test	2026-10-06T04:48:09.7776721Z ✔ a record must be a bare own-property object (0.293ms)
gateway-web	Run pnpm test	2026-10-06T04:48:09.7777791Z ✔ assistant-private memory belongs to the assistant that owns it (0.4594ms)
gateway-web	Run pnpm test	2026-10-06T04:48:09.7778985Z ✔ the port hands out copies, and refuses two records under one id (1.0243ms)
gateway-web	Run pnpm test	2026-10-06T04:48:09.7780240Z ✔ a malformed record refuses the whole query before anything is assembled (0.6675ms)
gateway-web	Run pnpm test	2026-10-06T04:48:09.7781790Z ✔ the gateway does not read authority from a live policy object (0.3292ms)
gateway-web	Run pnpm test	2026-10-06T04:48:09.7782957Z ✔ values are released only for an explicit includeValues boolean (0.8229ms)
gateway-web	Run pnpm test	2026-10-06T04:48:09.7784184Z ✔ device-ephemeral context cannot smuggle durable or sensitive facts (0.928ms)
gateway-web	Run pnpm test	2026-10-06T04:48:09.7785495Z ✔ one attention_id is one logical question however many projections it carries (4.052ms)
gateway-web	Run pnpm test	2026-10-06T04:48:09.7786855Z ✔ the current interaction device always carries the actionable projection (11.7626ms)
gateway-web	Run pnpm test	2026-10-06T04:48:09.7788526Z ✔ only the configured 2-3 recent eligible devices receive auxiliary projections (2.594ms)
gateway-web	Run pnpm test	2026-10-06T04:48:09.7789902Z ✔ recent devices are ranked by user interaction, never by uptime or heartbeat (17.0066ms)
gateway-web	Run pnpm test	2026-10-06T04:48:09.7794219Z ✔ the first valid acknowledgement closes the question globally and withdraws the rest (1.0888ms)
gateway-web	Run pnpm test	2026-10-06T04:48:09.7796361Z ✔ a response routes back to the originating connector whichever device answered (1.0586ms)
gateway-web	Run pnpm test	2026-10-06T04:48:09.7797700Z ✔ reconnect, refresh and repeated delivery never ring the same epoch twice (1.8032ms)
gateway-web	Run pnpm test	2026-10-06T04:48:09.7798985Z ✔ quiet, full-screen and protected use suppress sound but keep the notification (0.4549ms)
gateway-web	Run pnpm test	2026-10-06T04:48:09.7801019Z ✔ a non-blocking informational event is delivered visibly without ringing (0.6766ms)
gateway-web	Run pnpm test	2026-10-06T04:48:09.7802143Z ✔ withdrawal closes a question, and the envelope is strict (1.1925ms)
gateway-web	Run pnpm test	2026-10-06T04:48:09.7803070Z ✔ attention fields named after Object.prototype members are refused (0.4515ms)
gateway-web	Run pnpm test	2026-10-06T04:48:09.7803825Z ✔ a "recent" device is bounded on both sides, and never duplicated (0.5944ms)
gateway-web	Run pnpm test	2026-10-06T04:48:09.7804936Z ✔ a different question under a live attention id is refused (0.5834ms)
gateway-web	Run pnpm test	2026-10-06T04:48:09.7805812Z ✔ a malformed instant cannot half-apply a transition (0.7571ms)
gateway-web	Run pnpm test	2026-10-06T04:48:09.7806500Z ✔ a response routes exactly once (0.5346ms)
gateway-web	Run pnpm test	2026-10-06T04:48:09.7807404Z ✔ a response that cannot be stored is refused before the routing is committed (0.5017ms)
gateway-web	Run pnpm test	2026-10-06T04:48:09.7808757Z ✔ canonical state holds handle references, never plaintext secrets (5.389ms)
gateway-web	Run pnpm test	2026-10-06T04:48:09.7809860Z ✔ each auth mode maps to exactly one reference kind, and NONE needs no handle (1.6127ms)
gateway-web	Run pnpm test	2026-10-06T04:48:09.7811111Z ✔ secret values are absent from logs and errors even when the secure store fails (0.8798ms)
gateway-web	Run pnpm test	2026-10-06T04:48:09.7812477Z ✔ an expired session becomes EXPIRED/NEEDS_USER with a job-scoped AttentionEnvelope (1.0498ms)
gateway-web	Run pnpm test	2026-10-06T04:48:09.7813709Z ✔ restart restores permitted persistent session references, and only those (1.8249ms)
gateway-web	Run pnpm test	2026-10-06T04:48:09.7814873Z ✔ missing secure-store support degrades honestly with no plaintext fallback (0.9103ms)
gateway-web	Run pnpm test	2026-10-06T04:48:09.7816182Z ✔ legacy DeepSeek env discovery is consumable through the abstraction without becoming the schema (0.9852ms)
gateway-web	Run pnpm test	2026-10-06T04:48:09.7817287Z ✔ the profile contract is declarative, versioned and lifecycle-honest (1.649ms)
gateway-web	Run pnpm test	2026-10-06T04:48:09.7818840Z ✔ a handle reference that is secret material never reaches canonical state (1.0596ms)
gateway-web	Run pnpm test	2026-10-06T04:48:09.7819965Z ✔ binding refuses an ambiguous secret-or-handle request (0.844ms)
gateway-web	Run pnpm test	2026-10-06T04:48:09.7821031Z ✔ an uninterpretable instant is never fresh, READY or recorded (0.6429ms)
gateway-web	Run pnpm test	2026-10-06T04:48:09.7822011Z ✔ a user-action requirement is a boolean, not a truthy flag (0.4861ms)
gateway-web	Run pnpm test	2026-10-06T04:48:09.7822930Z ✔ canonical records are plain own-key objects (0.5543ms)
gateway-web	Run pnpm test	2026-10-06T04:48:09.7823779Z ✔ a cyclic caller value is refused instead of crashing the scan (0.77ms)
gateway-web	Run pnpm test	2026-10-06T04:48:09.7824765Z ✔ restore validates a snapshot entry as strictly as a registration (0.7222ms)
gateway-web	Run pnpm test	2026-10-06T04:48:09.7825726Z ✔ revocation stays observable after the handle is cleared (0.3861ms)
gateway-web	Run pnpm test	2026-10-06T04:48:09.7826707Z ✔ a rotation revokes the handle it replaces instead of abandoning it (0.4345ms)
gateway-web	Run pnpm test	2026-10-06T04:48:09.7828028Z ✔ a well-shaped record may not carry a secret in a legitimate field (0.5552ms)
gateway-web	Run pnpm test	2026-10-06T04:48:09.7829852Z ✔ everything the scan calls a secret is redacted (0.8973ms)
gateway-web	Run pnpm test	2026-10-06T04:48:09.7830463Z ✔ a hidden own field on a snapshot entry is not copied into canonical state (0.4826ms)
gateway-web	Run pnpm test	2026-10-06T04:48:09.7831126Z ✔ legacy discovery never binds the key into a foreign default profile (0.4953ms)
gateway-web	Run pnpm test	2026-10-06T04:48:09.7831737Z ✔ a caller field is validated and stored as the same value (0.2247ms)
gateway-web	Run pnpm test	2026-10-06T04:48:09.7832351Z ✔ a refused restore installs nothing and never replaces a live profile (0.3924ms)
gateway-web	Run pnpm test	2026-10-06T04:48:09.7832930Z ✔ revoke reports whether the store released the secret (0.5201ms)
gateway-web	Run pnpm test	2026-10-06T04:48:09.7833441Z ✔ freshness cannot be rewound behind the layer clock (0.4687ms)
gateway-web	Run pnpm test	2026-10-06T04:48:09.7833994Z ✔ carrying a stale expiry over a new credential is observable (0.7623ms)
gateway-web	Run pnpm test	2026-10-06T04:48:09.7834991Z ✔ the SDK validates a definition and documents what an author must supply (3.5519ms)
gateway-web	Run pnpm test	2026-10-06T04:48:09.7836263Z ✔ a synthetic third connector passes the conformance harness without core edits (2.7929ms)
gateway-web	Run pnpm test	2026-10-06T04:48:09.7837136Z ✔ adapter exceptions, timeouts and malformed results are isolated to the faulting adapter (2.4703ms)
gateway-web	Run pnpm test	2026-10-06T04:48:09.7840227Z ✔ optional provider absence is a typed state that blocks nothing and fabricates nothing (1.4245ms)
gateway-web	Run pnpm test	2026-10-06T04:48:09.7841708Z ✔ Claude Code and WorkBuddy adapters use the SDK path, and acceptance needs real host evidence (1.0385ms)
gateway-web	Run pnpm test	2026-10-06T04:48:09.7843261Z ✔ adding an adapter alters neither the EngineeringManagerPort nor the scheduling core (0.5234ms)
gateway-web	Run pnpm test	2026-10-06T04:48:09.7845016Z ✔ the SDK surface is strict, frozen and free of ambient state (1.036ms)
gateway-web	Run pnpm test	2026-10-06T04:48:09.7846480Z ✔ a definition cannot be declared with mistyped policy fields or an impossible instant (0.4952ms)
gateway-web	Run pnpm test	2026-10-06T04:48:09.7848087Z ✔ a cyclic port result crosses the boundary as a frozen cycle, not as the adapter own object (0.4447ms)
gateway-web	Run pnpm test	2026-10-06T04:48:09.7848858Z ✔ a non-cloneable port result is a typed refusal instead of a live object (0.6541ms)
gateway-web	Run pnpm test	2026-10-06T04:48:09.7849664Z ✔ the harness does not certify a connector that silently accepts an unsupported capability (0.5194ms)
gateway-web	Run pnpm test	2026-10-06T04:48:09.7850442Z ✔ the harness does not certify a connector that silently accepts an unsupported control (0.4221ms)
gateway-web	Run pnpm test	2026-10-06T04:48:09.7851266Z ✔ an enabled adapter whose product is not installed is not usable, not selected and not accepted (0.3864ms)
gateway-web	Run pnpm test	2026-10-06T04:48:09.7852065Z ✔ only a faulted adapter can be cleared, and the fault record survives the clearing (0.6261ms)
gateway-web	Run pnpm test	2026-10-06T04:48:09.7853229Z ✔ re-declaring availability cannot revive a faulted adapter (0.4598ms)
gateway-web	Run pnpm test	2026-10-06T04:48:09.7853945Z ✔ the registry refuses an adapter the SDK did not wrap, so isolation cannot be bypassed (0.2641ms)
gateway-web	Run pnpm test	2026-10-06T04:48:09.7854768Z ✔ a caller-declared acceptance says so instead of implying the SDK verified a host (0.4304ms)
gateway-web	Run pnpm test	2026-10-06T04:48:09.7855462Z ✔ an error whose code getter throws is still an isolated, typed fault (0.4132ms)
gateway-web	Run pnpm test	2026-10-06T04:48:09.7856982Z ✔ the harness refuses a connector that reports a state outside the vocabulary (0.4149ms)
gateway-web	Run pnpm test	2026-10-06T04:48:09.7858188Z ✔ the harness refuses a declared capability the connector does not report (0.9056ms)
gateway-web	Run pnpm test	2026-10-06T04:48:09.7859298Z ✔ the harness proves the unsupported-control expectation instead of skipping it (0.4491ms)
gateway-web	Run pnpm test	2026-10-06T04:48:09.7860103Z ✔ a definition whose handlers are only inherited is refused, not claimed as satisfied (0.1464ms)
gateway-web	Run pnpm test	2026-10-06T04:48:09.7860863Z ✔ a definition stores the methods it validated, including non-enumerable ones (0.2278ms)
gateway-web	Run pnpm test	2026-10-06T04:48:09.7861513Z ✔ a non-conformant connector is given no core-edit certificate (0.401ms)
gateway-web	Run pnpm test	2026-10-06T04:48:09.7862186Z ✔ a runtime that throws is not evidence and does not break the acceptance summary (0.2575ms)
gateway-web	Run pnpm test	2026-10-06T04:48:09.7863168Z ✔ fault identities are unique across adapters of the same kind in one process (0.3828ms)
gateway-web	Run pnpm test	2026-10-06T04:48:09.7864378Z ✔ a connector manifest declares runtime, capabilities, needs and budgets (5.0392ms)
gateway-web	Run pnpm test	2026-10-06T04:48:09.7865270Z ✔ a connector manifest has no credential slot, and raw secrets are refused (0.5704ms)
gateway-web	Run pnpm test	2026-10-06T04:48:09.7865944Z ✔ policy decides permissions and an adapter can never grant itself one (0.8195ms)
gateway-web	Run pnpm test	2026-10-06T04:48:09.7866531Z ✔ undeclared capability or method calls are refused (0.893ms)
gateway-web	Run pnpm test	2026-10-06T04:48:09.7867156Z ✔ the pipeline runs detect, select, adapt, validate, standardize and unify (1.0068ms)
gateway-web	Run pnpm test	2026-10-06T04:48:09.7867832Z ✔ one malformed connector cannot prevent another connector from loading (1.1451ms)
gateway-web	Run pnpm test	2026-10-06T04:48:09.7868557Z ✔ loading two synthetic connectors with different capabilities needs no core change (1.382ms)
gateway-web	Run pnpm test	2026-10-06T04:48:09.7869756Z ✔ the runtime hosts two synthetic connectors with different capabilities (1.8469ms)
gateway-web	Run pnpm test	2026-10-06T04:48:09.7870516Z ✔ startup is bounded and a process that never becomes ready is stopped, not awaited (0.6956ms)
gateway-web	Run pnpm test	2026-10-06T04:48:09.7871264Z ✔ a failing spawn is data, and a failing invocation does not crash the runtime (1.4099ms)
gateway-web	Run pnpm test	2026-10-06T04:48:09.7871912Z ✔ heartbeat freshness is bounded by the manifest interval (0.7824ms)
gateway-web	Run pnpm test	2026-10-06T04:48:09.7872490Z ✔ restarts are bounded and exhaustion is a terminal safe mode (1.3481ms)
gateway-web	Run pnpm test	2026-10-06T04:48:09.7873088Z ✔ logs are bounded by the manifest and redactable by caller policy (1.1753ms)
gateway-web	Run pnpm test	2026-10-06T04:48:09.7873698Z ✔ runtime lifecycle is honest about state and unknown instances (0.5242ms)
gateway-web	Run pnpm test	2026-10-06T04:48:09.7874356Z ✔ undeclared keys inherited from Object.prototype are refused at every level (1.9345ms)
gateway-web	Run pnpm test	2026-10-06T04:48:09.7875573Z ✔ a secret-shaped name is refused in its plural and compound spellings (1.0633ms)
gateway-web	Run pnpm test	2026-10-06T04:48:09.7876280Z ✔ raw credential bytes are refused in any field, not only a secret-shaped one (1.076ms)
gateway-web	Run pnpm test	2026-10-06T04:48:09.7876875Z ✔ a connector cannot forge the runtime kind it won (0.7808ms)
gateway-web	Run pnpm test	2026-10-06T04:48:09.7877437Z ✔ a nullish adapter cannot stop the other connectors from loading (1.6166ms)
gateway-web	Run pnpm test	2026-10-06T04:48:09.7878071Z ✔ a manifest carrying a reserved prototype key is refused at unify (0.4008ms)
gateway-web	Run pnpm test	2026-10-06T04:48:09.7878717Z ✔ heartbeat freshness is measured in one unit, whatever the clock returns (0.3968ms)
gateway-web	Run pnpm test	2026-10-06T04:48:09.7879318Z ✔ a heartbeat cannot resurrect a process that was killed (0.5452ms)
gateway-web	Run pnpm test	2026-10-06T04:48:09.7880377Z ✔ start persists the mediated intersection and bounds the spawn request (0.7543ms)
gateway-web	Run pnpm test	2026-10-06T04:48:09.7881100Z ✔ one adapter producing un-copyable output cannot stop the others loading (0.5011ms)
gateway-web	Run pnpm test	2026-10-06T04:48:09.7881722Z ✔ a connector entry reference is confined to its own root (0.5969ms)
gateway-web	Run pnpm test	2026-10-06T04:48:09.7882358Z ✔ one canonical job is observed by Web and Android without duplicate execution (4.8868ms)
gateway-web	Run pnpm test	2026-10-06T04:48:09.7883230Z ✔ the interaction device may differ from the execution device (0.6354ms)
gateway-web	Run pnpm test	2026-10-06T04:48:09.7884321Z ✔ remote fallback requires explicit approval and local allowed work stays local (1.0336ms)
gateway-web	Run pnpm test	2026-10-06T04:48:09.7885736Z ✔ attention comes from shared state and one acknowledgement reconciles every projection (1.5611ms)
gateway-web	Run pnpm test	2026-10-06T04:48:09.7886934Z ✔ user-visible success comes only from a terminal accepted result (1.1982ms)
gateway-web	Run pnpm test	2026-10-06T04:48:09.7887736Z ✔ advanced provenance exposes identifiers without leaking secrets, and the surface is strict (1.8922ms)
gateway-web	Run pnpm test	2026-10-06T04:48:09.7888602Z ✔ the surface policy cannot be used to switch the canonical binding or the attention source off (0.4047ms)
gateway-web	Run pnpm test	2026-10-06T04:48:09.7889333Z ✔ an impossible instant is refused everywhere it could become evidence (0.4363ms)
gateway-web	Run pnpm test	2026-10-06T04:48:09.7890008Z ✔ a hidden, symbol-keyed or header-shaped secret is still secret material (0.7445ms)
gateway-web	Run pnpm test	2026-10-06T04:48:09.7890648Z ✔ a cancelled job is finished even though it carries no result (0.8195ms)
gateway-web	Run pnpm test	2026-10-06T04:48:09.7891732Z ✔ control authority is bound to the job, not to whoever calls (0.4868ms)
gateway-web	Run pnpm test	2026-10-06T04:48:09.7892391Z ✔ a retry re-queues failed work only and never revives or duplicates execution (0.5928ms)
gateway-web	Run pnpm test	2026-10-06T04:48:09.7893357Z ✔ the first terminal result is the job truth and malformed artifacts are refused, not dropped (0.6566ms)
gateway-web	Run pnpm test	2026-10-06T04:48:09.7894055Z ✔ an attention-required backend is not rendered as success (0.4795ms)
gateway-web	Run pnpm test	2026-10-06T04:48:09.7894696Z ✔ the surface reports the execution device it was given and never invents one (0.2078ms)
gateway-web	Run pnpm test	2026-10-06T04:48:09.7895398Z ✔ owner and executor separation is about the owner and the executor connector (0.2484ms)
gateway-web	Run pnpm test	2026-10-06T04:48:09.7896018Z ✔ canonical refs are unique across surfaces in one process (0.3288ms)
gateway-web	Run pnpm test	2026-10-06T04:48:09.7897225Z ✔ an attention acknowledgement records the subject it answers and the read views are frozen (0.6495ms)
gateway-web	Run pnpm test	2026-10-06T04:48:09.7909213Z ✔ a finished job is not re-opened for attention and an answered question is not reset (1.0078ms)
gateway-web	Run pnpm test	2026-10-06T04:48:09.7910160Z ✔ a blocking canonical question gates progress and resume (0.4591ms)
gateway-web	Run pnpm test	2026-10-06T04:48:09.7911930Z ✔ attention and approvals answer only to devices connected to the job (0.5967ms)
gateway-web	Run pnpm test	2026-10-06T04:48:09.7914561Z ✔ an object is not a provenance reference, and a nested payload is refused (0.4445ms)
gateway-web	Run pnpm test	2026-10-06T04:48:09.7915300Z ✔ the secret scan reads maps, sets and records it cannot read (0.1726ms)
gateway-web	Run pnpm test	2026-10-06T04:48:09.7916044Z ✔ a lease belongs to one job and a shared task core confirms the binding when one is wired in (0.6699ms)
gateway-web	Run pnpm test	2026-10-06T04:48:09.7916908Z ✔ a result that is not a success is not accepted as one, and an uncloneable artifact is a typed refusal (0.4969ms)
gateway-web	Run pnpm test	2026-10-06T04:48:09.7917688Z ✔ the surface names where control came from and scopes its structural claims (0.2287ms)
gateway-web	Run pnpm test	2026-10-06T04:48:09.7918372Z ✔ a DAG is validated and only dependency-satisfied work is runnable (7.5389ms)
gateway-web	Run pnpm test	2026-10-06T04:48:09.7919733Z ✔ two writers cannot hold the same protected scope at once, and conflicts are reported not merged (1.1312ms)
gateway-web	Run pnpm test	2026-10-06T04:48:09.7920598Z ✔ resource pressure scales workers down and pauses new work without failing completed work (0.9175ms)
gateway-web	Run pnpm test	2026-10-06T04:48:09.7921340Z ✔ one-worker serial mode uses the same lifecycle and acceptance path (0.6767ms)
gateway-web	Run pnpm test	2026-10-06T04:48:09.7922075Z ✔ bounded retry and reassignment never duplicate a terminal result or an external effect (2.0082ms)
gateway-web	Run pnpm test	2026-10-06T04:48:09.7922983Z ✔ worker selection is capability and placement based with no provider-name branching (0.8476ms)
gateway-web	Run pnpm test	2026-10-06T04:48:09.7923869Z ✔ a controlled restart keeps completed work and never resumes stale state as success (2.9241ms)
gateway-web	Run pnpm test	2026-10-06T04:48:09.7925065Z ✔ a terminal result is immutable against late and out-of-order reports (1.15ms)
gateway-web	Run pnpm test	2026-10-06T04:48:09.7925656Z ✔ a stall or crash report cannot re-open completed work (0.7848ms)
gateway-web	Run pnpm test	2026-10-06T04:48:09.7926244Z ✔ the attempt budget is a bound at dispatch, not only in the stall path (0.8953ms)
gateway-web	Run pnpm test	2026-10-06T04:48:09.7926889Z ✔ a running node cannot be dispatched twice into two concurrent attempts (0.5179ms)
gateway-web	Run pnpm test	2026-10-06T04:48:09.7927643Z ✔ a named worker is a choice, not a bypass of capability, readiness or capacity (0.9072ms)
gateway-web	Run pnpm test	2026-10-06T04:48:09.7928733Z ✔ every foreman bound is validated rather than trusted (0.8161ms)
gateway-web	Run pnpm test	2026-10-06T04:48:09.7929287Z ✔ a worker with running attempts cannot be re-registered (0.4323ms)
gateway-web	Run pnpm test	2026-10-06T04:48:09.7930205Z ✔ a node declaration is validated where it is used (0.787ms)
gateway-web	Run pnpm test	2026-10-06T04:48:09.7931005Z ✔ a refused resume leaves the live queue intact, and a cyclic entry cannot overflow (0.6098ms)
gateway-web	Run pnpm test	2026-10-06T04:48:09.7931664Z ✔ an uninterpretable instant is refused rather than recorded (0.4191ms)
gateway-web	Run pnpm test	2026-10-06T04:48:09.7932242Z ✔ a handover or a cancel releases the worker slot it abandons (0.7104ms)
gateway-web	Run pnpm test	2026-10-06T04:48:09.7933007Z ✔ a restart keeps the completed-effect memory and a dependency list must be readable (0.8031ms)
gateway-web	Run pnpm test	2026-10-06T04:48:09.7933940Z ✔ a node no worker can staff is reported instead of vanishing (0.775ms)
gateway-web	Run pnpm test	2026-10-06T04:48:09.7934788Z ✔ a declaration the module cannot clone is a typed refusal, not a crash (0.5098ms)
gateway-web	Run pnpm test	2026-10-06T04:48:09.7936277Z ✔ an autonomous job needs an objective and bounded constraints, not an operation list (4.6331ms)
gateway-web	Run pnpm test	2026-10-06T04:48:09.7937071Z ✔ a scripted job without an executable specification is refused honestly, not admitted (0.5757ms)
gateway-web	Run pnpm test	2026-10-06T04:48:09.7937750Z ✔ the job envelope is strict about route, vocabulary and secrets (1.001ms)
gateway-web	Run pnpm test	2026-10-06T04:48:09.7938325Z ✔ a partial or progress event can never mark a job terminal (0.9715ms)
gateway-web	Run pnpm test	2026-10-06T04:48:09.7938954Z ✔ late, duplicate and out-of-order events are deterministic and idempotent (1.9044ms)
gateway-web	Run pnpm test	2026-10-06T04:48:09.7939574Z ✔ a terminal result is final and cannot be resurrected by replay (1.852ms)
gateway-web	Run pnpm test	2026-10-06T04:48:09.7940228Z ✔ a result must be honest: success needs acceptance, and versions must line up (0.9347ms)
gateway-web	Run pnpm test	2026-10-06T04:48:09.7940894Z ✔ artifact references preserve job, device and connector provenance (1.1751ms)
gateway-web	Run pnpm test	2026-10-06T04:48:09.7942018Z ✔ the protocol publishes its guarantees and stays transport neutral (0.4197ms)
gateway-web	Run pnpm test	2026-10-06T04:48:09.7942695Z ✔ unknown fields are refused even when named after Object.prototype members (1.9031ms)
gateway-web	Run pnpm test	2026-10-06T04:48:09.7943639Z ✔ a job record cannot be born terminal, and success is only reached through a result (0.8065ms)
gateway-web	Run pnpm test	2026-10-06T04:48:09.7944338Z ✔ an event from a superseded job version never acts on the current job (0.9716ms)
gateway-web	Run pnpm test	2026-10-06T04:48:09.7944956Z ✔ a replayed result is recognised by its content, not by its ref (0.7614ms)
gateway-web	Run pnpm test	2026-10-06T04:48:09.7945559Z ✔ a replayed artifact is recognised by its content and digest (0.6958ms)
gateway-web	Run pnpm test	2026-10-06T04:48:09.7946128Z ✔ a malformed batch is refused with a typed contract error (0.599ms)
gateway-web	Run pnpm test	2026-10-06T04:48:09.7947228Z ✔ an ignored duplicate is recorded on the record, once, and stays idempotent (0.916ms)
gateway-web	Run pnpm test	2026-10-06T04:48:09.7947935Z ✔ a calendar-impossible instant is refused, not merely shape-checked (0.7559ms)
gateway-web	Run pnpm test	2026-10-06T04:48:09.7948624Z ✔ a terminal announcement without a result is completed by the honest result (0.7676ms)
gateway-web	Run pnpm test	2026-10-06T04:48:09.7949261Z ✔ the job record is immutable at every level, not only at the top (0.9761ms)
gateway-web	Run pnpm test	2026-10-06T04:48:09.7949860Z ✔ a non-enumerable own out-of-contract field is refused too (0.4195ms)
gateway-web	Run pnpm test	2026-10-06T04:48:09.7950428Z ✔ the structured result arrays are bounded like their siblings (22.62ms)
gateway-web	Run pnpm test	2026-10-06T04:48:09.7951023Z ✔ a cyclic or over-deep envelope is refused, never a stack overflow (0.6546ms)
gateway-web	Run pnpm test	2026-10-06T04:48:09.7951718Z ✔ a provider-neutral autonomous job validates and keeps owner and executor distinct (4.2637ms)
gateway-web	Run pnpm test	2026-10-06T04:48:09.7952943Z ✔ scripted executors need explicit operations while agent modes must not carry them (1.0949ms)
gateway-web	Run pnpm test	2026-10-06T04:48:09.7954159Z ✔ unknown version, state, mode, event type or port is rejected rather than guessed (1.5693ms)
gateway-web	Run pnpm test	2026-10-06T04:48:09.7955034Z ✔ foreign routes cannot be redefined as Engineering routes (3.8145ms)
gateway-web	Run pnpm test	2026-10-06T04:48:09.7955716Z ✔ provider product names are never a route and are never required by the core contract (0.7415ms)
gateway-web	Run pnpm test	2026-10-06T04:48:09.7956364Z ✔ Codex-Boss is rejected everywhere it could be referenced (0.5713ms)
gateway-web	Run pnpm test	2026-10-06T04:48:09.7957137Z ✔ raw secrets are rejected while handle references are allowed (1.3891ms)
gateway-web	Run pnpm test	2026-10-06T04:48:09.7958277Z ✔ Engineering Manager stores only Engineering execution state (1.7111ms)
gateway-web	Run pnpm test	2026-10-06T04:48:09.7958827Z ✔ canonical events are typed and validated (0.4609ms)
gateway-web	Run pnpm test	2026-10-06T04:48:09.7959423Z ✔ one attention event projects to the current plus recent devices and rings once (1.4019ms)
gateway-web	Run pnpm test	2026-10-06T04:48:09.7960158Z ✔ first attention acknowledgement closes the epoch globally and never rings again (0.7692ms)
gateway-web	Run pnpm test	2026-10-06T04:48:09.7960844Z ✔ reconnect and duplicate delivery do not re-ring an attention epoch (0.804ms)
gateway-web	Run pnpm test	2026-10-06T04:48:09.7961580Z ✔ a result cannot report success on a typed blocker, without acceptance or with failing tests (0.8483ms)
gateway-web	Run pnpm test	2026-10-06T04:48:09.7962323Z ✔ ports are versioned, replacement-safe and refuse non-conforming subjects (0.9483ms)
gateway-web	Run pnpm test	2026-10-06T04:48:09.7963027Z ✔ a deterministic connector double runs a scripted job without a real provider (0.7989ms)
gateway-web	Run pnpm test	2026-10-06T04:48:09.7964708Z ✔ duplicate submit replays instead of creating a second job (2.0602ms)
gateway-web	Run pnpm test	2026-10-06T04:48:09.7965325Z ✔ control commands check version, transition and terminal state (2.5738ms)
gateway-web	Run pnpm test	2026-10-06T04:48:09.7966360Z ✔ results are idempotent and cannot overwrite or resurrect a terminal job (3.2349ms)
gateway-web	Run pnpm test	2026-10-06T04:48:09.7967107Z ✔ canonical job identity survives restart/reconnect and rejects incompatible replay (1.6758ms)
gateway-web	Run pnpm test	2026-10-06T04:48:09.7967843Z ✔ remote fallback is measured, user-approved and preserves the logical owner (2.7568ms)
gateway-web	Run pnpm test	2026-10-06T04:48:09.7968633Z ✔ canonical serialization is order-independent and the schema matches the runtime contract (1.0573ms)
gateway-web	Run pnpm test	2026-10-06T04:48:09.7969831Z ✔ contract error type carries a stable code and status (0.1193ms)
gateway-web	Run pnpm test	2026-10-06T04:48:09.7970466Z ✔ a secret-shaped field is refused in its plural and camelCase spellings too (0.3168ms)
gateway-web	Run pnpm test	2026-10-06T04:48:09.7971142Z ✔ foreign canonical state is refused in camelCase and separator variants (0.2171ms)
gateway-web	Run pnpm test	2026-10-06T04:48:09.7971811Z ✔ reserved prototype keys are refused at every depth of an owned state (0.4952ms)
gateway-web	Run pnpm test	2026-10-06T04:48:09.7972512Z ✔ an envelope refuses a reserved prototype key, so a wire payload cannot smuggle one (0.3039ms)
gateway-web	Run pnpm test	2026-10-06T04:48:09.7973206Z ✔ a codex-boss reference is caught however its separators are spelled (0.1327ms)
gateway-web	Run pnpm test	2026-10-06T04:48:09.7973850Z ✔ provider product names are caught however their separators are spelled (0.1221ms)
gateway-web	Run pnpm test	2026-10-06T04:48:09.7974976Z ✔ an absent field and an explicitly null field have different digests (0.1595ms)
gateway-web	Run pnpm test	2026-10-06T04:48:09.7975730Z ✔ the published schema states the normalisation and reserved-key rules the runtime enforces (0.4534ms)
gateway-web	Run pnpm test	2026-10-06T04:48:09.7976435Z ✔ a healthy local host is used, with local concurrency as the answer (2.4305ms)
gateway-web	Run pnpm test	2026-10-06T04:48:09.7977081Z ✔ resource pressure reduces local concurrency before any remote fallback (0.793ms)
gateway-web	Run pnpm test	2026-10-06T04:48:09.7977808Z ✔ a protected foreground workload blocks the local host rather than displacing the user (0.6738ms)
gateway-web	Run pnpm test	2026-10-06T04:48:09.7978495Z ✔ an unmeasurable local host is unavailable, never assumed free (0.5297ms)
gateway-web	Run pnpm test	2026-10-06T04:48:09.7979080Z ✔ a faster or less loaded remote host alone never triggers fallback (1.242ms)
gateway-web	Run pnpm test	2026-10-06T04:48:09.7980224Z ✔ remote fallback needs a measured reason and explicit user approval (0.6915ms)
gateway-web	Run pnpm test	2026-10-06T04:48:09.7980938Z ✔ candidates are ranked by capability fit, only after fallback is justified (10.1176ms)
gateway-web	Run pnpm test	2026-10-06T04:48:09.7981561Z ✔ a remote dispatch requires a recorded local attempt first (0.4366ms)
gateway-web	Run pnpm test	2026-10-06T04:48:09.7982074Z ✔ a measurement is a strict own-property record (0.772ms)
gateway-web	Run pnpm test	2026-10-06T04:48:09.7982661Z ✔ a measured GPU load is used, and a contradictory worker count is unavailable (0.4324ms)
gateway-web	Run pnpm test	2026-10-06T04:48:09.7983248Z ✔ only a justified fallback proposal can be approved (0.6539ms)
gateway-web	Run pnpm test	2026-10-06T04:48:09.7984206Z ✔ both reference connectors register and resolve generically, with no provider branches in the core (3.6851ms)
gateway-web	Run pnpm test	2026-10-06T04:48:09.7985159Z ✔ installed, uninstalled and auth-required states are probed honestly (2.5325ms)
gateway-web	Run pnpm test	2026-10-06T04:48:09.7986358Z ✔ one canonical job id is preserved while backend ids stay provenance (1.2263ms)
gateway-web	Run pnpm test	2026-10-06T04:48:09.7987023Z ✔ unsupported operations become typed states instead of silence or success (0.9121ms)
gateway-web	Run pnpm test	2026-10-06T04:48:09.7987722Z ✔ an unknown outcome is never reported as success, and retries do not duplicate (0.9221ms)
gateway-web	Run pnpm test	2026-10-06T04:48:09.7988421Z ✔ component-stage acceptance is only claimed with genuine real-host evidence (0.7013ms)
gateway-web	Run pnpm test	2026-10-06T04:48:09.7989105Z ✔ the connector contract is strict, frozen and independent of ambient state (0.9306ms)
gateway-web	Run pnpm test	2026-10-06T04:48:09.7989762Z ✔ component acceptance needs a real terminal state, not an assumed one (0.4897ms)
gateway-web	Run pnpm test	2026-10-06T04:48:09.7990361Z ✔ a submit the backend refused is never reported as submitted (0.6245ms)
gateway-web	Run pnpm test	2026-10-06T04:48:09.7991278Z ✔ a control the backend refused does not close the session (0.7217ms)
gateway-web	Run pnpm test	2026-10-06T04:48:09.7991936Z ✔ an unreadable event stream is not an empty one (0.5303ms)
gateway-web	Run pnpm test	2026-10-06T04:48:09.7992465Z ✔ a result about another backend run is not this job outcome (0.3115ms)
gateway-web	Run pnpm test	2026-10-06T04:48:09.7992965Z ✔ a session the backend refused is not created (0.5434ms)
gateway-web	Run pnpm test	2026-10-06T04:48:09.7993487Z ✔ an uninterpretable instant is refused rather than recorded (0.3884ms)
gateway-web	Run pnpm test	2026-10-06T04:48:09.7994372Z ✔ acceptance is not claimed for a product this host did not install (0.3769ms)
gateway-web	Run pnpm test	2026-10-06T04:48:09.7994907Z ✔ a closed session is not reported as live work (0.296ms)
gateway-web	Run pnpm test	2026-10-06T04:48:09.7995552Z ✔ the canonical job id addresses control, events and result, and backend refs come back (0.4758ms)
gateway-web	Run pnpm test	2026-10-06T04:48:09.7996946Z ✔ one logical action key executes the backend once, even after a cancel and re-attach (0.3488ms)
gateway-web	Run pnpm test	2026-10-06T04:48:09.7997868Z ✔ a connector kind is an own key, and a crashing probe degrades honestly (0.5642ms)
gateway-web	Run pnpm test	2026-10-06T04:48:09.7998594Z ✔ the registry refuses an under-specified connector and derives its emulated count (0.5512ms)
gateway-web	Run pnpm test	2026-10-06T04:48:09.7999754Z ✔ one connector kind may have two distinct instances (16.2888ms)
gateway-web	Run pnpm test	2026-10-06T04:48:09.8000552Z ✔ stale probe data is visible as stale and never silently healthy (1.0821ms)
gateway-web	Run pnpm test	2026-10-06T04:48:09.8001097Z ✔ auth READY is never inferred from a live process (0.5967ms)
gateway-web	Run pnpm test	2026-10-06T04:48:09.8002101Z ✔ a capability mismatch is a typed refusal before execution (0.5525ms)
gateway-web	Run pnpm test	2026-10-06T04:48:09.8002679Z ✔ the registry survives a probe that throws or times out (1.9108ms)
gateway-web	Run pnpm test	2026-10-06T04:48:09.8003281Z ✔ registry records refuse raw credential material and keep handles only (1.1461ms)
gateway-web	Run pnpm test	2026-10-06T04:48:09.8004325Z ✔ records are strict, and eligibility reports fit without choosing a host (2.477ms)
gateway-web	Run pnpm test	2026-10-06T04:48:09.8005423Z ✔ unknown fields are refused even when named after Object.prototype members (2.6375ms)
gateway-web	Run pnpm test	2026-10-06T04:48:09.8006563Z ✔ a future-dated probe is never fresh, and never silently usable (0.5851ms)
gateway-web	Run pnpm test	2026-10-06T04:48:09.8007993Z ✔ the typed refusal names the blocker that actually applies (0.6493ms)
gateway-web	Run pnpm test	2026-10-06T04:48:09.8008588Z ✔ the auditable snapshot cannot be rewritten by its reader (1.3505ms)
gateway-web	Run pnpm test	2026-10-06T04:48:09.8009216Z ✔ a partial probe update leaves the fields it does not mention alone (0.912ms)
gateway-web	Run pnpm test	2026-10-06T04:48:09.8009830Z ✔ a raw credential is refused by value as well as by key name (0.9694ms)
gateway-web	Run pnpm test	2026-10-06T04:48:09.8010407Z ✔ a cyclic or over-deep record is refused, never a stack overflow (0.8751ms)
gateway-web	Run pnpm test	2026-10-06T04:48:09.8011028Z ✔ a calendar-impossible instant is refused, not merely shape-checked (0.3683ms)
gateway-web	Run pnpm test	2026-10-06T04:48:09.8011593Z ✔ a probe cannot claim to stay current indefinitely (0.4658ms)
gateway-web	Run pnpm test	2026-10-06T04:48:09.8012130Z ✔ a failed probe is visible on the instance and blocks dispatch (1.447ms)
gateway-web	Run pnpm test	2026-10-06T04:48:09.8013009Z ✔ a probe that reports not-installed cannot be a running, usable worker (0.2098ms)
gateway-web	Run pnpm test	2026-10-06T04:48:09.8013782Z ✔ an exempted reference field must still look like a reference (0.9264ms)
gateway-web	Run pnpm test	2026-10-06T04:48:09.8014513Z ✔ the evidence source travels with the answer (0.2226ms)
gateway-web	Run pnpm test	2026-10-06T04:48:09.8015059Z ✔ a remote dispatch needs an approved proposal and an eligible host (3.2263ms)
gateway-web	Run pnpm test	2026-10-06T04:48:09.8015757Z ✔ every channel returns to the current interaction surface, not to the execution device (2.305ms)
gateway-web	Run pnpm test	2026-10-06T04:48:09.8016448Z ✔ the control plane follows the user when they move to another surface (0.704ms)
gateway-web	Run pnpm test	2026-10-06T04:48:09.8017089Z ✔ stale and duplicate remote events are reconciled instead of re-applied (0.4543ms)
gateway-web	Run pnpm test	2026-10-06T04:48:09.8017993Z ✔ control is forwarded from any authorised device and applied once (0.7849ms)
gateway-web	Run pnpm test	2026-10-06T04:48:09.8019737Z ✔ a hardware-bound action is a typed blocker, never a fabricated success (0.4862ms)
gateway-web	Run pnpm test	2026-10-06T04:48:09.8021024Z ✔ context is staged semantically, and the port contract owns trust and transport elsewhere (0.7625ms)
gateway-web	Run pnpm test	2026-10-06T04:48:09.8022260Z ✔ the return path can only move onto a surface this module resolved for the same owner (0.5353ms)
gateway-web	Run pnpm test	2026-10-06T04:48:09.8023163Z ✔ a dispatch validates the executor reference and the capability list (0.6483ms)
gateway-web	Run pnpm test	2026-10-06T04:48:09.8023810Z ✔ the bridge itself refuses a second dispatch and keeps the run ledger (0.6973ms)
gateway-web	Run pnpm test	2026-10-06T04:48:09.8024881Z ✔ an execution port that refuses is never reported as success (0.8708ms)
gateway-web	Run pnpm test	2026-10-06T04:48:09.8025523Z ✔ an attention reply reaches the originating worker through the respond path (0.478ms)
gateway-web	Run pnpm test	2026-10-06T04:48:09.8026225Z ✔ a control command without an idempotency key is refused rather than swallowed (0.2642ms)
gateway-web	Run pnpm test	2026-10-06T04:48:09.8027225Z ✔ an untransferable remote payload is refused without consuming its sequence (0.3577ms)
gateway-web	Run pnpm test	2026-10-06T04:48:09.8028446Z ✔ a physical-action block is observable and blocks a fabricated success (0.3727ms)
gateway-web	Run pnpm test	2026-10-06T04:48:09.8029830Z ✔ recording instants are validated rather than stored as given (0.6125ms)
gateway-web	Run pnpm test	2026-10-06T04:48:09.8034961Z ✔ the approval gate reads the proposal itself, not its prototype (0.3227ms)
gateway-web	Run pnpm test	2026-10-06T04:48:09.8036294Z ✔ a refused replay does not move where the run returns are delivered (0.2106ms)
gateway-web	Run pnpm test	2026-10-06T04:48:09.8037421Z ✔ an envelope field is validated and used exactly once (0.5612ms)
gateway-web	Run pnpm test	2026-10-06T04:48:09.8038423Z ✔ a device field is validated and projected exactly once (0.277ms)
gateway-web	Run pnpm test	2026-10-06T04:48:09.8039887Z ✔ context staging enforces the bound and the cleanup policy it advertises (0.4305ms)
gateway-web	Run pnpm test	2026-10-06T04:48:09.8041046Z ✔ a return that reaches nobody is not normal remote-free operation (0.3306ms)
gateway-web	Run pnpm test	2026-10-06T04:48:09.8042116Z ✔ a surface is resolved only from devices belonging to that owner (0.1745ms)
gateway-web	Run pnpm test	2026-10-06T04:48:09.8043426Z ✔ authority is split: the monitor senses, the supervisor restarts, and neither can do the other (6.5856ms)
gateway-web	Run pnpm test	2026-10-06T04:48:09.8044213Z ✔ a stale or reused pid is never signalled (2.1268ms)
gateway-web	Run pnpm test	2026-10-06T04:48:09.8045058Z ✔ the restart budget ends in safe mode instead of an infinite loop (2.1365ms)
gateway-web	Run pnpm test	2026-10-06T04:48:09.8046297Z ✔ resume happens only after a checkpoint and a readiness confirmation (1.8856ms)
gateway-web	Run pnpm test	2026-10-06T04:48:09.8047656Z ✔ a terminal job does not resurrect after recovery (0.9194ms)
gateway-web	Run pnpm test	2026-10-06T04:48:09.8048395Z ✔ one crashed connector never terminates unrelated connectors (1.3878ms)
gateway-web	Run pnpm test	2026-10-06T04:48:09.8049013Z ✔ the contract is strict, frozen, and honest about stale observations (1.277ms)
gateway-web	Run pnpm test	2026-10-06T04:48:09.8049684Z ✔ pressure is the evidence the monitor recorded, not a copy the caller supplies (0.3706ms)
gateway-web	Run pnpm test	2026-10-06T04:48:09.8050854Z ✔ a policy bound that can be switched off is refused (1.0925ms)
gateway-web	Run pnpm test	2026-10-06T04:48:09.8052081Z ✔ an uninterpretable instant cannot make stale evidence fresh or release the cooldown (0.9919ms)
gateway-web	Run pnpm test	2026-10-06T04:48:09.8053491Z ✔ a throwing readiness or process hook is a typed outcome, not a half-applied restart (0.8374ms)
gateway-web	Run pnpm test	2026-10-06T04:48:09.8054547Z ✔ an absent confidence is no confidence (0.2599ms)
gateway-web	Run pnpm test	2026-10-06T04:48:09.8055598Z ✔ a caller structure that points at itself is refused, not fatal (0.6936ms)
gateway-web	Run pnpm test	2026-10-06T04:48:09.8057025Z ✔ a malformed active entry is reported rather than dropped (0.2346ms)
gateway-web	Run pnpm test	2026-10-06T04:48:09.8058121Z ✔ a minted decision is authority for one instance and one restart (0.6542ms)
gateway-web	Run pnpm test	2026-10-06T04:48:09.8059690Z ✔ an unrecordable port answer is not an untyped failure after a real restart (0.5606ms)
gateway-web	Run pnpm test	2026-10-06T04:48:09.8061030Z ✔ a readiness answer about another instance or checkpoint is not this resume (0.8596ms)
gateway-web	Run pnpm test	2026-10-06T04:48:09.8062205Z ✔ supervise refuses a malformed set instead of failing part-way (0.3713ms)
gateway-web	Run pnpm test	2026-10-06T04:48:09.8063399Z ✔ host-pass: the original contract still works and is labelled HOST_PASS (95.7584ms)
gateway-web	Run pnpm test	2026-10-06T04:48:09.8064744Z ✔ owner-override: an Owner ruling over a real blocker produces a VERIFIED episode (77.7904ms)
gateway-web	Run pnpm test	2026-10-06T04:48:09.8065975Z ✔ owner-override without a migration blocker fails (73.851ms)
gateway-web	Run pnpm test	2026-10-06T04:48:09.8066998Z ✔ owner-override without an owner ruling argument fails (91.0856ms)
gateway-web	Run pnpm test	2026-10-06T04:48:09.8068096Z ✔ owner-override whose intervention does not cite the ruling fails (68.3293ms)
gateway-web	Run pnpm test	2026-10-06T04:48:09.8069159Z ✔ owner-override without a verifier finding fails (65.6125ms)
gateway-web	Run pnpm test	2026-10-06T04:48:09.8070229Z ✔ owner-override whose verifier finding precedes the blocker fails (70.6322ms)
gateway-web	Run pnpm test	2026-10-06T04:48:09.8071286Z ✔ a final CI that is not PASS fails in owner-override too (68.1682ms)
gateway-web	Run pnpm test	2026-10-06T04:48:09.8072130Z ✔ the same host for both roles fails (145.5191ms)
gateway-web	Run pnpm test	2026-10-06T04:48:09.8073083Z ✔ an inbox that already has a host PASS cannot use owner-override (72.5613ms)
gateway-web	Run pnpm test	2026-10-06T04:48:09.8074784Z ✔ --owner-ruling is rejected in host-pass mode (66.8096ms)
gateway-web	Run pnpm test	2026-10-06T04:48:09.8076096Z ✔ owner-waived host separation: an Owner ruling lets the migration host finish verification (72.2595ms)
gateway-web	Run pnpm test	2026-10-06T04:48:09.8077289Z ✔ a strict episode records hostSeparation STRICT (71.1985ms)
gateway-web	Run pnpm test	2026-10-06T04:48:09.8078224Z ✔ owner-waived without --completing-host fails (63.6818ms)
gateway-web	Run pnpm test	2026-10-06T04:48:09.8079046Z ✔ owner-waived without --owner-ruling fails (66.7913ms)
gateway-web	Run pnpm test	2026-10-06T04:48:09.8080487Z ✔ owner-waived whose completing host produced no verification events fails (76.2177ms)
gateway-web	Run pnpm test	2026-10-06T04:48:09.8081578Z ✔ owner-waived whose record cites no ruling fails (74.9773ms)
gateway-web	Run pnpm test	2026-10-06T04:48:09.8082730Z ✔ owner-waived is refused when the completing host is already the verification host (66.8446ms)
gateway-web	Run pnpm test	2026-10-06T04:48:09.8084240Z ✔ owner-waived still refuses a verification event from a host that does not participate (66.6346ms)
gateway-web	Run pnpm test	2026-10-06T04:48:09.8085557Z ✔ --completing-host is rejected in strict host separation (62.1285ms)
gateway-web	Run pnpm test	2026-10-06T04:48:09.8086641Z ✔ strict host separation still refuses the same host for both roles (65.609ms)
gateway-web	Run pnpm test	2026-10-06T04:48:09.8087774Z ✔ a finished Action is never re-opened by a later observation (1.7177ms)
gateway-web	Run pnpm test	2026-10-06T04:48:09.8088860Z ✔ an in-flight Action still follows the City task it is reporting on (0.1955ms)
gateway-web	Run pnpm test	2026-10-06T04:48:09.8090206Z ✔ the reserved GENERAL_AI route answers a typed UNAVAILABLE and never becomes a City task (2.2497ms)
gateway-web	Run pnpm test	2026-10-06T04:48:09.8091969Z ✔ a reordered idempotency key is the same request, and a different one is refused (6.6497ms)
gateway-web	Run pnpm test	2026-10-06T04:48:09.8093402Z ✔ UXI-301 feed: real telemetry becomes a load vector, and unmeasured dimensions stay missing (2.6133ms)
gateway-web	Run pnpm test	2026-10-06T04:48:09.8094578Z ✔ UXI-301 feed: disk CAPACITY is not reported as io LOAD (0.2698ms)
gateway-web	Run pnpm test	2026-10-06T04:48:09.8095701Z ✔ UXI-301 feed: the node mapping mirrors the gateway liveness truth (0.3829ms)
gateway-web	Run pnpm test	2026-10-06T04:48:09.8097077Z ✔ UXI-391: the candidate carries an EXPLICIT enablement, and an explicit disable is honoured (1.7598ms)
gateway-web	Run pnpm test	2026-10-06T04:48:09.8098558Z ✔ UXI-301 feed: eligibility terms come from RS-202 and are all declared in the contract (1.2677ms)
gateway-web	Run pnpm test	2026-10-06T04:48:09.8100114Z ✔ UXI-301 feed: an ONLINE, healthy node must NOT present as unusable (1.866ms)
gateway-web	Run pnpm test	2026-10-06T04:48:09.8101305Z ✔ UXI-301 feed: COMPLETED is reachable ONLY from a terminal City state (0.6865ms)
gateway-web	Run pnpm test	2026-10-06T04:48:09.8102663Z ✔ UXI-301 feed: a healthy node plus a cold one offers waiting, never a forced choice (0.2417ms)
gateway-web	Run pnpm test	2026-10-06T04:48:09.8104424Z ✔ UXI-301 feed: a structurally refused fleet DOES demand a choice and withholds waiting (0.4407ms)
gateway-web	Run pnpm test	2026-10-06T04:48:09.8105774Z ✔ UXI-301 feed: the producer rejects malformed input rather than guessing (0.8017ms)
gateway-web	Run pnpm test	2026-10-06T04:48:09.8107212Z ✔ UXI-301 feed: the feed is versioned, lists its candidates, and hides finished work by default (0.9297ms)
gateway-web	Run pnpm test	2026-10-06T04:48:09.8108554Z ✔ UXI-301 feed: termsInUse reports only declared terms, so a UI can preload copy (0.4481ms)
gateway-web	Run pnpm test	2026-10-06T04:48:09.8109868Z ✔ UXI-301 feed: an empty City produces an empty feed rather than a fabricated status (0.2231ms)
gateway-web	Run pnpm test	2026-10-06T04:48:09.8111189Z ✔ UXI-301 feed: a node already running OTHER work reports real capacity pressure (0.4546ms)
gateway-web	Run pnpm test	2026-10-06T04:48:09.8112433Z ✔ UXI-301 feed: capacity pressure clears once the other work finishes (0.5359ms)
gateway-web	Run pnpm test	2026-10-06T04:48:09.8113667Z ✔ UXI-301 feed: two busy nodes and one free node is reported truthfully per node (0.5736ms)
gateway-web	Run pnpm test	2026-10-06T04:48:09.8115042Z ✔ versioned authenticated gateway rejects unsafe commands and persists history (146.3701ms)
gateway-web	Run pnpm test	2026-10-06T04:48:09.8116483Z ✔ the post-restart resume decision is owned by the migrated checkpoint gate (59.6607ms)
gateway-web	Run pnpm test	2026-10-06T04:48:09.8117962Z ✔ the gateway places work on exactly the nodes its own policy and the Core both accept (1262.863ms)
gateway-web	Run pnpm test	2026-10-06T04:48:09.8119417Z ✔ an interrupted task is never falsified as success across a gateway restart (64.9201ms)
gateway-web	Run pnpm test	2026-10-06T04:48:09.8120730Z ✔ no API network call happens before consent and budget admission (6.4049ms)
gateway-web	Run pnpm test	2026-10-06T04:48:09.8121478Z ✔ a Web failure proposes API but never grants it, and budget does not stand in for consent (1.9778ms)
gateway-web	Run pnpm test	2026-10-06T04:48:09.8122215Z ✔ rate limit, auth and provider faults stay typed and never look like success (2.7099ms)
gateway-web	Run pnpm test	2026-10-06T04:48:09.8122842Z ✔ usage the provider did not report stays unknown, never zero (0.9536ms)
gateway-web	Run pnpm test	2026-10-06T04:48:09.8123545Z ✔ streaming is supported only where the adapter says so, and secrets never reach provenance (1.259ms)
gateway-web	Run pnpm test	2026-10-06T04:48:09.8124288Z ✔ channel state stays isolated, frozen and free of ambient behaviour (0.6912ms)
gateway-web	Run pnpm test	2026-10-06T04:48:09.8124954Z ✔ budget policy limits must be real numbers, so the second gate cannot vanish (0.8432ms)
gateway-web	Run pnpm test	2026-10-06T04:48:09.8125528Z ✔ provider usage that is negative is not usage (0.1751ms)
gateway-web	Run pnpm test	2026-10-06T04:48:09.8126027Z ✔ secrets are found and redacted however they are hidden (0.5796ms)
gateway-web	Run pnpm test	2026-10-06T04:48:09.8126619Z ✔ an admitted call with no usable adapter is a typed refusal, not a crash (0.665ms)
gateway-web	Run pnpm test	2026-10-06T04:48:09.8127217Z ✔ the budget result does not claim knowledge it does not have (0.9608ms)
gateway-web	Run pnpm test	2026-10-06T04:48:09.8127910Z ✔ one conversation continues while backend thread, provider and device metadata change (7.5432ms)
gateway-web	Run pnpm test	2026-10-06T04:48:09.8128669Z ✔ backend thread loss is reported and never becomes a silent false continuation (2.5052ms)
gateway-web	Run pnpm test	2026-10-06T04:48:09.8129327Z ✔ InputBundle enforces bounds, media type, digest and provenance (3.1468ms)
gateway-web	Run pnpm test	2026-10-06T04:48:09.8131705Z ✔ temporary staging metadata always carries an explicit cleanup policy (2.5879ms)
gateway-web	Run pnpm test	2026-10-06T04:48:09.8133082Z ✔ partial events are ordered, versioned and never terminal, and RF envelopes stay non-canonical (1.5218ms)
gateway-web	Run pnpm test	2026-10-06T04:48:09.8134623Z ✔ cancellation is idempotent, works across channel changes, and reconciles late results (1.4969ms)
gateway-web	Run pnpm test	2026-10-06T04:48:09.8135980Z ✔ the conversation contract is closed, frozen and identity-independent (1.9701ms)
gateway-web	Run pnpm test	2026-10-06T04:48:09.8137099Z ✔ the canonical contract allow-list is decided by own keys (0.8206ms)
gateway-web	Run pnpm test	2026-10-06T04:48:09.8138306Z ✔ the conversation policy is a bound, and a non-boolean cannot disable verification (0.8869ms)
gateway-web	Run pnpm test	2026-10-06T04:48:09.8139779Z ✔ a cyclic caller value cannot crash the freezer, and attachments are canonical records (1.1001ms)
gateway-web	Run pnpm test	2026-10-06T04:48:09.8141399Z ✔ a malformed caller instant is refused as a typed error (1.4424ms)
gateway-web	Run pnpm test	2026-10-06T04:48:09.8142446Z ✔ a settled turn cannot accept further transport data (1.0455ms)
gateway-web	Run pnpm test	2026-10-06T04:48:09.8143787Z ✔ a refused call leaves no partial write and no poisoned projection (0.6656ms)
gateway-web	Run pnpm test	2026-10-06T04:48:09.8144816Z ✔ each late result is reconciled under its own reference (0.6936ms)
gateway-web	Run pnpm test	2026-10-06T04:48:09.8146010Z ✔ the published stream carries cancellation and a conversation-level order (0.7425ms)
gateway-web	Run pnpm test	2026-10-06T04:48:09.8147046Z ✔ every free-text field is bounded (0.8799ms)
gateway-web	Run pnpm test	2026-10-06T04:48:09.8147994Z ✔ the staging cleanup deadline is a decision, not decoration (0.893ms)
gateway-web	Run pnpm test	2026-10-06T04:48:09.8149562Z ✔ GENERAL_AI is reserved as a user-level route and the legacy routes are untouched (2.0928ms)
gateway-web	Run pnpm test	2026-10-06T04:48:09.8150508Z ✔ a historical product name is not a route, and an unknown route is refused not guessed (0.3753ms)
gateway-web	Run pnpm test	2026-10-06T04:48:09.8151227Z ✔ the gateway route vocabulary is exactly the contract vocabulary (0.2129ms)
gateway-web	Run pnpm test	2026-10-06T04:48:09.8151906Z ✔ a canonical general-AI request validates and keeps typed backend references (2.2421ms)
gateway-web	Run pnpm test	2026-10-06T04:48:09.8152821Z ✔ unknown version, channel, state and malformed input are refused (0.916ms)
gateway-web	Run pnpm test	2026-10-06T04:48:09.8154261Z ✔ no canonical envelope may carry raw credential, cookie or token bytes (0.8119ms)
gateway-web	Run pnpm test	2026-10-06T04:48:09.8155490Z ✔ provider, model, attention, usage and proposal envelopes validate strictly (0.7076ms)
gateway-web	Run pnpm test	2026-10-06T04:48:09.8156591Z ✔ partial output cannot mark an Action terminal and terminal status is final (0.5013ms)
gateway-web	Run pnpm test	2026-10-06T04:48:09.8157376Z ✔ a partial result carries in-flight status and a result envelope carries a terminal one (0.8169ms)
gateway-web	Run pnpm test	2026-10-06T04:48:09.8158125Z ✔ an idempotency key replayed for the same request returns the first result (0.5697ms)
gateway-web	Run pnpm test	2026-10-06T04:48:09.8158776Z ✔ the same idempotency key bound to a different request is refused (0.3852ms)
gateway-web	Run pnpm test	2026-10-06T04:48:09.8159440Z ✔ a deterministic local answer never reaches a general-AI channel (0.3065ms)
gateway-web	Run pnpm test	2026-10-06T04:48:09.8160301Z ✔ Web is the default channel and JEV failure degrades instead of blocking (0.1388ms)
gateway-web	Run pnpm test	2026-10-06T04:48:09.8161020Z ✔ Web failure does not silently trigger API, and API needs explicit user consent (0.1469ms)
gateway-web	Run pnpm test	2026-10-06T04:48:09.8161689Z ✔ budget policy runs after consent and can never substitute for it (0.1871ms)
gateway-web	Run pnpm test	2026-10-06T04:48:09.8162377Z ✔ another device is proposed, never chosen, and the interaction device does not move (0.3314ms)
gateway-web	Run pnpm test	2026-10-06T04:48:09.8163410Z ✔ API escalation requires a user confirmation reference, not a budget decision (1.0926ms)
gateway-web	Run pnpm test	2026-10-06T04:48:09.8164725Z ✔ a decision that needs the user becomes an attention request (0.3636ms)
gateway-web	Run pnpm test	2026-10-06T04:48:09.8165818Z ✔ JEV output is advisory and a JEV failure degrades instead of blocking (0.4787ms)
gateway-web	Run pnpm test	2026-10-06T04:48:09.8166802Z ✔ programme ports are versioned, and non-conforming subjects are refused (0.4494ms)
gateway-web	Run pnpm test	2026-10-06T04:48:09.8167920Z ✔ the deterministic remote double never fakes a completed run (0.8167ms)
gateway-web	Run pnpm test	2026-10-06T04:48:09.8168585Z ✔ the repository carries no runtime dependency on the historical product (192.5042ms)
gateway-web	Run pnpm test	2026-10-06T04:48:09.8169477Z ✔ the contract publishes its routing guarantees and error vocabulary (0.263ms)
gateway-web	Run pnpm test	2026-10-06T04:48:09.8170271Z ✔ undeclared keys inherited from Object.prototype are refused, and a prototype key never is canonical (0.8754ms)
gateway-web	Run pnpm test	2026-10-06T04:48:09.8171441Z ✔ a secret-shaped name is refused in its plural and compound spellings, and a quantity is not a secret (0.3461ms)
gateway-web	Run pnpm test	2026-10-06T04:48:09.8172264Z ✔ raw credential bytes are refused in any field, not only in a secret-shaped one (0.3173ms)
gateway-web	Run pnpm test	2026-10-06T04:48:09.8173019Z ✔ a partial result cannot claim a terminal status by relabelling or omitting its source (1.5986ms)
gateway-web	Run pnpm test	2026-10-06T04:48:09.8174087Z ✔ UNAVAILABLE is final for this action, and entering it is still allowed (0.4117ms)
gateway-web	Run pnpm test	2026-10-06T04:48:09.8174760Z ✔ an advisory assessment carries advisory fields and nothing else (0.7545ms)
gateway-web	Run pnpm test	2026-10-06T04:48:09.8175547Z ✔ the linkage scanner catches real dependency shapes it used to miss, and still ignores provenance prose (0.5949ms)
gateway-web	Run pnpm test	2026-10-06T04:48:09.8176542Z ✔ availability, health, auth, rate limit and budget stay separate signals (4.3477ms)
gateway-web	Run pnpm test	2026-10-06T04:48:09.8177441Z ✔ stale health is distinguishable from healthy and never reported as healthy (0.8547ms)
gateway-web	Run pnpm test	2026-10-06T04:48:09.8178133Z ✔ a transient technical failure follows a bounded retry and backoff policy (0.8586ms)
gateway-web	Run pnpm test	2026-10-06T04:48:09.8178823Z ✔ human-blocked and ambiguous failures never auto-resume as a technical retry (0.8644ms)
gateway-web	Run pnpm test	2026-10-06T04:48:09.8179519Z ✔ circuits are scoped so one failure cannot trip all AI or the local surfaces (2.047ms)
gateway-web	Run pnpm test	2026-10-06T04:48:09.8180184Z ✔ a Web failure degrades honestly and never silently escalates to the API (0.8636ms)
gateway-web	Run pnpm test	2026-10-06T04:48:09.8180782Z ✔ the governor is strict, frozen, and free of ambient state (1.2459ms)
gateway-web	Run pnpm test	2026-10-06T04:48:09.8181352Z ✔ the resilience policy bounds are real bounds (0.9338ms)
gateway-web	Run pnpm test	2026-10-06T04:48:09.8182357Z ✔ a malformed caller instant is refused as a typed error (1.4838ms)
gateway-web	Run pnpm test	2026-10-06T04:48:09.8183029Z ✔ a side-effecting failure is not retried without an idempotency key (0.5934ms)
gateway-web	Run pnpm test	2026-10-06T04:48:09.8183734Z ✔ a cyclic value cannot crash the freezer, and a degraded availability is named (0.5676ms)
gateway-web	Run pnpm test	2026-10-06T04:48:09.8184279Z ✔ the governor policy is a plain record (0.1946ms)
gateway-web	Run pnpm test	2026-10-06T04:48:09.8184803Z ✔ a caller instant cannot extend or shorten a circuit cooldown (0.4885ms)
gateway-web	Run pnpm test	2026-10-06T04:48:09.8185337Z ✔ an acknowledgment survives a replayed failure (0.3804ms)
gateway-web	Run pnpm test	2026-10-06T04:48:09.8185965Z ✔ a non-boolean flag cannot silently drop a proposal or an idempotency requirement (0.2516ms)
gateway-web	Run pnpm test	2026-10-06T04:48:09.8186749Z ✔ a degraded or unknown availability is never ready, and the report agrees with the query (0.7749ms)
gateway-web	Run pnpm test	2026-10-06T04:48:09.8187506Z ✔ provider, model and account identities stay distinct across multiple accounts (17.6803ms)
gateway-web	Run pnpm test	2026-10-06T04:48:09.8188424Z ✔ stale capability metadata is visible as stale and reads as unknown (1.0108ms)
gateway-web	Run pnpm test	2026-10-06T04:48:09.8189048Z ✔ WEB and API readiness are answered independently and may differ (0.8258ms)
gateway-web	Run pnpm test	2026-10-06T04:48:09.8189718Z ✔ a missing provider, model or account produces typed absence, not a throw (1.1109ms)
gateway-web	Run pnpm test	2026-10-06T04:48:09.8190380Z ✔ canonical records refuse raw secret material and keep handles only (1.4731ms)
gateway-web	Run pnpm test	2026-10-06T04:48:09.8191018Z ✔ the registry starts empty and works entirely with synthetic providers (1.556ms)
gateway-web	Run pnpm test	2026-10-06T04:48:09.8191570Z ✔ registry records are strict about their shape (2.1278ms)
gateway-web	Run pnpm test	2026-10-06T04:48:09.8192103Z ✔ undeclared keys inherited from Object.prototype are refused (1.0046ms)
gateway-web	Run pnpm test	2026-10-06T04:48:09.8192718Z ✔ a secret-shaped name is refused in its plural and compound spellings (0.3596ms)
gateway-web	Run pnpm test	2026-10-06T04:48:09.8193666Z ✔ raw credential bytes are refused in a declared text field, not only under a secret-shaped name (0.7917ms)
gateway-web	Run pnpm test	2026-10-06T04:48:09.8194854Z ✔ one reference cannot name two records, and a parent binding cannot be re-pointed (1.6818ms)
gateway-web	Run pnpm test	2026-10-06T04:48:09.8195565Z ✔ a handle reference is content-addressed and epoch-scoped (0.3377ms)
gateway-web	Run pnpm test	2026-10-06T04:48:09.8196344Z ✔ a stale or unavailable channel is not advertised as supported (0.6485ms)
gateway-web	Run pnpm test	2026-10-06T04:48:09.8197040Z ✔ a missing subject reports its own absence code, and a future observation is not fresh (0.2503ms)
gateway-web	Run pnpm test	2026-10-06T04:48:09.8197781Z ✔ RS-201: enablement is REQUIRED, so an omitted field can never read as enabled (0.4651ms)
gateway-web	Run pnpm test	2026-10-06T04:48:09.8198592Z ✔ RS-201: enablement accepts exactly the two declared states and nothing that merely looks like one (1.2836ms)
gateway-web	Run pnpm test	2026-10-06T04:48:09.8199684Z ✔ RS-201: DISABLED is a user choice, not a capability fact, and does not contaminate freshness (0.2769ms)
gateway-web	Run pnpm test	2026-10-06T04:48:09.8200410Z ✔ RS-201: region is required but explicitly nullable, and is never inferred (0.5814ms)
gateway-web	Run pnpm test	2026-10-06T04:48:09.8201124Z ✔ RS-201: the availability reason vocabulary carries all seven required categories (0.2562ms)
gateway-web	Run pnpm test	2026-10-06T04:48:09.8201777Z ✔ RS-201: disable and re-enable are reversible and destroy nothing (0.4354ms)
gateway-web	Run pnpm test	2026-10-06T04:48:09.8202636Z ✔ RS-201: setEnablement refuses a bad state and answers a bad reference with a typed absence (0.5794ms)
gateway-web	Run pnpm test	2026-10-06T04:48:09.8203416Z ✔ RS-201: a provider with dependents is REFUSED removal, and the dependents are named (0.4839ms)
gateway-web	Run pnpm test	2026-10-06T04:48:09.8204167Z ✔ RS-201: removal tombstones the reference, so RETIRED is distinguishable from UNKNOWN (0.3304ms)
gateway-web	Run pnpm test	2026-10-06T04:48:09.8205159Z ✔ RS-201: restore is the explicit act that makes a removed reference registerable again (0.4057ms)
gateway-web	Run pnpm test	2026-10-06T04:48:09.8205957Z ✔ RS-201: unavailability never removes anything - only an explicit user remove() does (0.4426ms)
gateway-web	Run pnpm test	2026-10-06T04:48:09.8206723Z ✔ RS-201: models and accounts are removable once they have no dependents of their own (0.4653ms)
gateway-web	Run pnpm test	2026-10-06T04:48:09.8207451Z ✔ RS-201: a fresh, enabled, unimpeded record is the ONLY thing that reads AVAILABLE (0.5558ms)
gateway-web	Run pnpm test	2026-10-06T04:48:09.8208299Z ✔ RS-201: staleness is NOT live truth - a stale observation is UNKNOWN, never AVAILABLE (0.2656ms)
gateway-web	Run pnpm test	2026-10-06T04:48:09.8209865Z ✔ RS-201: region is checked only against a DECLARED region, so a neutral provider never mismatches (0.3431ms)
gateway-web	Run pnpm test	2026-10-06T04:48:09.8211430Z ✔ RS-201: session and credential reasons come from the account status, and stay apart (0.5945ms)
gateway-web	Run pnpm test	2026-10-06T04:48:09.8213108Z ✔ RS-201: a channel that is UNAVAILABLE is a service fault, and neither is selectable (0.1781ms)
gateway-web	Run pnpm test	2026-10-06T04:48:09.8213912Z ✔ RS-201: precedence is ordered and the user instruction outranks every observation (0.4099ms)
gateway-web	Run pnpm test	2026-10-06T04:48:09.8214741Z ✔ RS-201: the candidate list keeps refused entries WITH their reasons rather than hiding them (0.9895ms)
gateway-web	Run pnpm test	2026-10-06T04:48:09.8215503Z ✔ RS-201: an all-refused pool and an empty pool are distinct, named conditions (0.3718ms)
gateway-web	Run pnpm test	2026-10-06T04:48:09.8216595Z ✔ RS-201: a suggestion is structurally incapable of being an execution (0.6484ms)
gateway-web	Run pnpm test	2026-10-06T04:48:09.8217385Z ✔ RS-201: when nothing is selectable the suggestion says so instead of inventing a fallback (0.9362ms)
gateway-web	Run pnpm test	2026-10-06T04:48:09.8218236Z ✔ RS-201: a probe that answers inside the bound is FRESH, and is then served from cache (0.7972ms)
gateway-web	Run pnpm test	2026-10-06T04:48:09.8218960Z ✔ RS-201: the bound HOLDS - a probe that never answers cannot block the caller (50.4747ms)
gateway-web	Run pnpm test	2026-10-06T04:48:09.8219698Z ✔ RS-201: a missed bound degrades to the last known answer, marked as degraded and aged (41.2532ms)
gateway-web	Run pnpm test	2026-10-06T04:48:09.8220483Z ✔ RS-201: when nothing was ever known, the bound yields NO_DATA and never invents availability (31.01ms)
gateway-web	Run pnpm test	2026-10-06T04:48:09.8221250Z ✔ RS-201: a probe that throws degrades instead of propagating into the calling path (0.7046ms)
gateway-web	Run pnpm test	2026-10-06T04:48:09.8222370Z ✔ RS-201: the probe reports its own bounds and refuses an unusable configuration (0.2613ms)
gateway-web	Run pnpm test	2026-10-06T04:48:09.8223147Z ✔ RS-201: the outcome vocabulary keeps a degraded answer distinguishable from a fresh one (0.1349ms)
gateway-web	Run pnpm test	2026-10-06T04:48:09.8223903Z ✔ a healthy current device is preferred, so nothing moves and nothing is interrupted (4.1552ms)
gateway-web	Run pnpm test	2026-10-06T04:48:09.8224663Z ✔ endpoints are ranked from metadata only, and stale or offline ones are never healthy (2.0994ms)
gateway-web	Run pnpm test	2026-10-06T04:48:09.8225884Z ✔ no execution begins before the V1 device-switch confirmation (1.145ms)
gateway-web	Run pnpm test	2026-10-06T04:48:09.8226920Z ✔ exactly one canonical Action exists on the execution host, and every event correlates to it (1.3782ms)
gateway-web	Run pnpm test	2026-10-06T04:48:09.8228054Z ✔ remote cancel works from any authorized device and reconciles late results (1.4375ms)
gateway-web	Run pnpm test	2026-10-06T04:48:09.8228821Z ✔ hardware-bound authentication surfaces as ATTENTION_REQUIRED, never as false success (1.1154ms)
gateway-web	Run pnpm test	2026-10-06T04:48:09.8229589Z ✔ semantic input staging carries an explicit cleanup policy, and the router is strict (1.8671ms)
gateway-web	Run pnpm test	2026-10-06T04:48:09.8230266Z ✔ the policy cannot switch off confirmation or the health ceilings (0.6177ms)
gateway-web	Run pnpm test	2026-10-06T04:48:09.8230854Z ✔ the approved endpoint must still be healthy at dispatch time (0.7452ms)
gateway-web	Run pnpm test	2026-10-06T04:48:09.8231621Z ✔ a malformed caller instant is refused as a typed error (1.0158ms)
gateway-web	Run pnpm test	2026-10-06T04:48:09.8232361Z ✔ a settled action is not regressed by a late attention request (0.5488ms)
gateway-web	Run pnpm test	2026-10-06T04:48:09.8233316Z ✔ a cancellation event is terminal because the action is (0.5052ms)
gateway-web	Run pnpm test	2026-10-06T04:48:09.8233955Z ✔ a cyclic caller value cannot crash the freezer, and stored text is typed (1.1131ms)
gateway-web	Run pnpm test	2026-10-06T04:48:09.8234526Z ✔ a non-boolean requirement cannot skip an exclusion (0.399ms)
gateway-web	Run pnpm test	2026-10-06T04:48:09.8235026Z ✔ a live action id cannot bypass the confirmation gates (0.6022ms)
gateway-web	Run pnpm test	2026-10-06T04:48:09.8235526Z ✔ an executor refusal is not recorded as a dispatch (0.5039ms)
gateway-web	Run pnpm test	2026-10-06T04:48:09.8236085Z ✔ a hardware-bound action stays addressable while it awaits the user (0.5618ms)
gateway-web	Run pnpm test	2026-10-06T04:48:09.8236721Z ✔ a success carries its result, and an exact replay is not applied twice (0.4651ms)
gateway-web	Run pnpm test	2026-10-06T04:48:09.8237321Z ✔ a cancellation is only reported when the executor accepted it (0.6077ms)
gateway-web	Run pnpm test	2026-10-06T04:48:09.8237898Z ✔ a known deterministic command consults no JEV and no provider (5.4064ms)
gateway-web	Run pnpm test	2026-10-06T04:48:09.8238942Z ✔ JEV recommends, gateway policy decides, and both are independently auditable (0.991ms)
gateway-web	Run pnpm test	2026-10-06T04:48:09.8239681Z ✔ unavailable, timed-out, malformed and low-confidence JEV is non-blocking (1.638ms)
gateway-web	Run pnpm test	2026-10-06T04:48:09.8240256Z ✔ JEV cannot execute an Action or grant permission (2.1536ms)
gateway-web	Run pnpm test	2026-10-06T04:48:09.8240848Z ✔ engineering intent routes to the Engineering programme, never to General AI (0.8181ms)
gateway-web	Run pnpm test	2026-10-06T04:48:09.8241438Z ✔ the router is strict, frozen and free of ambient state (1.6406ms)
gateway-web	Run pnpm test	2026-10-06T04:48:09.8242040Z ✔ a classification that carries an execution is refused however it is hidden (0.6769ms)
gateway-web	Run pnpm test	2026-10-06T04:48:09.8242713Z ✔ policy values are validated, so a route cannot be invented or a gate removed (0.6246ms)
gateway-web	Run pnpm test	2026-10-06T04:48:09.8243281Z ✔ command records are strict and instants are real (0.8901ms)
gateway-web	Run pnpm test	2026-10-06T04:48:09.8243825Z ✔ deterministic local commands route exactly as before (5.2071ms)
gateway-web	Run pnpm test	2026-10-06T04:48:09.8244801Z ✔ an ordinary AI request produces a GENERAL_AI Action with provenance as advanced state (2.189ms)
gateway-web	Run pnpm test	2026-10-06T04:48:09.8245695Z ✔ device-switch and API proposals never navigate the user away, and remote results return to the action (2.5656ms)
gateway-web	Run pnpm test	2026-10-06T04:48:09.8246583Z ✔ an API proposal requires explicit confirmation and shows the budget outcome before execution (1.3873ms)
gateway-web	Run pnpm test	2026-10-06T04:48:09.8247337Z ✔ attention is projected into canonical shared state, never a GAI-only store (1.2337ms)
gateway-web	Run pnpm test	2026-10-06T04:48:09.8248076Z ✔ cancel and control work from Web and Android for the same Action, with one shared history (1.1962ms)
gateway-web	Run pnpm test	2026-10-06T04:48:09.8248843Z ✔ no path claims success while the backend is unavailable, and legacy routes are refused (2.8268ms)
gateway-web	Run pnpm test	2026-10-06T04:48:09.8249995Z ✔ nothing is reported as executed without a channel, and a confirmed device is not rewritten (0.6795ms)
gateway-web	Run pnpm test	2026-10-06T04:48:09.8250862Z ✔ the first terminal result is the action truth and cannot be rewritten (0.9099ms)
gateway-web	Run pnpm test	2026-10-06T04:48:09.8251719Z ✔ the advanced view keeps real identifiers and refuses unreadable provenance (0.8902ms)
gateway-web	Run pnpm test	2026-10-06T04:48:09.8252495Z ✔ a crashing port is a typed refusal and instants are real (0.6579ms)
gateway-web	Run pnpm test	2026-10-06T04:48:09.8253105Z ✔ a cancelled action cannot be advanced, proposed to, projected, or executed (0.6065ms)
gateway-web	Run pnpm test	2026-10-06T04:48:09.8253707Z ✔ an approved API proposal is consumed by its one execution (0.462ms)
gateway-web	Run pnpm test	2026-10-06T04:48:09.8254344Z ✔ a shared Attention port that refuses is refused, not claimed as canonical state (0.7568ms)
gateway-web	Run pnpm test	2026-10-06T04:48:09.8255126Z ✔ success is refused while canonical attention is outstanding, even after a resume (0.3787ms)
gateway-web	Run pnpm test	2026-10-06T04:48:09.8256405Z ✔ the routing policy decides whether the local matcher runs first (0.2974ms)
gateway-web	Run pnpm test	2026-10-06T04:48:09.8257008Z ✔ the canonical history names the device that acted (0.3201ms)
gateway-web	Run pnpm test	2026-10-06T04:48:09.8257954Z ✔ a device-switch confirmation cannot revive a cancelled action (0.5283ms)
gateway-web	Run pnpm test	2026-10-06T04:48:09.8258671Z ✔ Web is the default execution channel and execution is bound to a profile handle (3.1524ms)
gateway-web	Run pnpm test	2026-10-06T04:48:09.8259485Z ✔ a channel state that cannot execute is a typed refusal (1.7816ms)
gateway-web	Run pnpm test	2026-10-06T04:48:09.8260217Z ✔ partial output is never reported as the final result (0.7311ms)
gateway-web	Run pnpm test	2026-10-06T04:48:09.8261108Z ✔ cancel is typed and idempotent (0.8657ms)
gateway-web	Run pnpm test	2026-10-06T04:48:09.8262185Z ✔ a persistent login survives an allowed restart when the profile handle still resolves (1.2116ms)
gateway-web	Run pnpm test	2026-10-06T04:48:09.8263288Z ✔ a profile that cannot be resolved reports AUTH_REQUIRED instead of a silent fresh login (0.2551ms)
gateway-web	Run pnpm test	2026-10-06T04:48:09.8263978Z ✔ raw cookies, storage and tokens never enter persisted City state (0.7107ms)
gateway-web	Run pnpm test	2026-10-06T04:48:09.8264567Z ✔ real-provider acceptance is recorded, never fabricated (0.3375ms)
gateway-web	Run pnpm test	2026-10-06T04:48:09.8265054Z ✔ a restore may not take over a live session (0.6927ms)
gateway-web	Run pnpm test	2026-10-06T04:48:09.8265645Z ✔ a persisted state must be this module version and cannot hide raw browser state (1.6907ms)
gateway-web	Run pnpm test	2026-10-06T04:48:09.8266209Z ✔ a persisted instant must be a real instant (0.5451ms)
gateway-web	Run pnpm test	2026-10-06T04:48:09.8266820Z ✔ a persisted state must be a bare own-property object, and accountRef a reference (0.4802ms)
gateway-web	Run pnpm test	2026-10-06T04:48:09.8267831Z ✔ a completion whose session is gone is refused, and case-variant raw state is still raw state (0.4738ms)
gateway-web	Run pnpm test	2026-10-06T04:49:43.8034276Z ✔ two installation launchers share one City across ports and recover the same identity after a crash (123762.6033ms)
gateway-web	Run pnpm test	2026-10-06T04:49:44.0983500Z ✔ forgetting migrated enrollment cannot import the legacy credential again (294.1448ms)
gateway-web	Run pnpm test	2026-10-06T04:49:46.3168195Z ✔ remote short code enrolls with a local member agent and reconnects without launching a host City (2218.8346ms)
gateway-web	Run pnpm test	2026-10-06T04:49:50.2250705Z ✔ PRIMARY launcher reports successful MEMBER transition and normal main restart preserves it (3900.0671ms)
gateway-web	Run pnpm test	2026-10-06T04:49:50.2638275Z ✔ host reservation is atomic across requested ports and retains the canonical data directory (82.0352ms)
gateway-web	Run pnpm test	2026-10-06T04:49:50.2640230Z ✔ joining only demotes the local host, saves its admission name and leaves remote City intact (145.3774ms)
gateway-web	Run pnpm test	2026-10-06T04:49:50.2693333Z ✔ failed pairing and busy local work do not demote or write a new membership (50.2362ms)
gateway-web	Run pnpm test	2026-10-06T04:49:50.2748826Z ✔ native production transition retires only local Gateway and its worker, while remote host stays primary (276.1975ms)
gateway-web	Run pnpm test	2026-10-06T04:49:50.2770392Z ✔ selected MEMBER role survives coordinator crash without replacing the original City pointer (5.126ms)
gateway-web	Run pnpm test	2026-10-06T04:49:50.2781446Z ✔ startup preflight recognizes old absolute Windows paths and refuses duplicate Cities (5.282ms)
gateway-web	Run pnpm test	2026-10-06T04:49:50.2792273Z ✔ an interrupted Windows inventory is an explicit blocking error, never an empty host (0.905ms)
gateway-web	Run pnpm test	2026-10-06T04:49:50.2799761Z ✔ a relative Gateway path with an inconclusive identity probe blocks startup (0.4058ms)
gateway-web	Run pnpm test	2026-10-06T04:49:50.2803060Z ✔ a cold Windows inventory timeout retries one complete scan before declaring the host empty (1.0712ms)
gateway-web	Run pnpm test	2026-10-06T04:49:50.2826444Z ✔ a persistent inventory timeout refuses after exactly two attempts (0.4586ms)
gateway-web	Run pnpm test	2026-10-06T04:49:50.2829663Z ✔ a non-timeout inventory error refuses without retrying (0.4182ms)
gateway-web	Run pnpm test	2026-10-06T04:49:50.2834252Z ✔ mixed timeout and non-timeout failures cannot hide a blocking inventory error (0.6114ms)
gateway-web	Run pnpm test	2026-10-06T04:49:50.2836872Z ✔ REVIEW JOIN-501 A1: when ANOTHER client replaces the canonical session, the first page stops showing a dead code (5810.0175ms)
gateway-web	Run pnpm test	2026-10-06T04:49:50.2843327Z ✔ REVIEW JOIN-501 A2: a real WebSocket drop and the product’s own reconnect neither create nor lose a session (6208.0127ms)
gateway-web	Run pnpm test	2026-10-06T04:49:50.2845657Z ✔ REVIEW JOIN-501 A3: a burst of same-task clicks can create at most one session (9418.2227ms)
gateway-web	Run pnpm test	2026-10-06T04:49:50.2849150Z ✔ REVIEW JOIN-501 A4: a code that expires while the tab is HIDDEN is not restored as ACTIVE (13673.2148ms)
gateway-web	Run pnpm test	2026-10-06T04:49:50.2853577Z ✔ JOIN-502: a join request grants nothing until an already trusted device approves it (133.6773ms)
gateway-web	Run pnpm test	2026-10-06T04:49:50.2858527Z ✔ JOIN-502: the browse is authenticated, and a nearby City never makes this City mint a pairing code (652.7705ms)
gateway-web	Run pnpm test	2026-10-06T04:49:50.2860397Z ✔ JOIN-502: a duplicate or replayed request is bounded, not a second approval card (40.4824ms)
gateway-web	Run pnpm test	2026-10-06T04:49:50.2862160Z ✔ JOIN-502: a rejected request stays rejected, and re-asking after a rejection is refused (36.7505ms)
gateway-web	Run pnpm test	2026-10-06T04:49:50.2864271Z ✔ JOIN-502: an expired request cannot be approved back into life, and expiry does not need a request to happen (36.6693ms)
gateway-web	Run pnpm test	2026-10-06T04:49:50.2866503Z ✔ JOIN-502: the request list is BOUNDED, and a decision survives a City restart (77.2168ms)
gateway-web	Run pnpm test	2026-10-06T04:49:50.2869351Z ✔ JOIN-502: the state machine refuses what it cannot honour, instead of guessing (4.4539ms)
gateway-web	Run pnpm test	2026-10-06T04:49:50.2871358Z ✔ JOIN-502: an approval reaches OTHER surfaces as a canonical event, not only the owner that made it (43.9193ms)
gateway-web	Run pnpm test	2026-10-06T04:49:50.2875256Z ✔ JOIN-502: decisions are canonical events, and their payloads carry no secret (38.7565ms)
gateway-web	Run pnpm test	2026-10-06T04:49:50.2877165Z ✔ JOIN-502 discovery adapter: a discovered City is a candidate, never a credential (2.1007ms)
gateway-web	Run pnpm test	2026-10-06T04:49:50.2880678Z ✔ JOIN-502 discovery adapter: the same City advertised twice is ONE row, and the newest address wins (0.2576ms)
gateway-web	Run pnpm test	2026-10-06T04:49:50.2882824Z ✔ JOIN-502 discovery adapter: a stale or future-dated sighting is not offered, and an unidentified one is not merged (0.9213ms)
gateway-web	Run pnpm test	2026-10-06T04:49:50.2886465Z ✔ JOIN-502 discovery adapter: a row with no reachable endpoint is refused rather than offered (0.3001ms)
gateway-web	Run pnpm test	2026-10-06T04:49:50.2888167Z ✔ JOIN-502 discovery adapter: the probe fails SOFT - no probe, no fetch or a bad answer is an empty list (0.8754ms)
gateway-web	Run pnpm test	2026-10-06T04:49:50.2892181Z ✔ JOIN-502 gateway browse: mDNS records become RF-003 advertisements, and the contract still refuses to pair from them (1.7074ms)
gateway-web	Run pnpm test	2026-10-06T04:49:50.2894053Z ✔ JOIN-502 gateway browse: the view carries the ADVERTISED address and withholds it once stale (0.299ms)
gateway-web	Run pnpm test	2026-10-06T04:49:50.2897604Z ✔ JOIN-502 capability statement: a City states what it accepts instead of a client guessing (0.2566ms)
gateway-web	Run pnpm test	2026-10-06T04:49:50.2901184Z ✔ P1-P5 discovery, request, approval and exchange hold the workbook boundaries (142.2298ms)
gateway-web	Run pnpm test	2026-10-06T04:49:50.2902372Z     OBSERVED: /pairing/info bad-version -> 200; /pairing/session bad-version -> 409
gateway-web	Run pnpm test	2026-10-06T04:49:50.2903694Z ✔ P6 REGRESSION PROBE the version check on the legacy public pairing routes (33.2267ms)
gateway-web	Run pnpm test	2026-10-06T04:49:50.2905096Z ✔ the browse is reachable WITHOUT a credential, because a joining PC has none (2104.9563ms)
gateway-web	Run pnpm test	2026-10-06T04:49:50.2907722Z ✔ the DECISION routes stay authenticated: a public read must not widen into a public write (45.6967ms)
gateway-web	Run pnpm test	2026-10-06T04:49:50.2909392Z ✔ the version check still applies to the join routes that are public (29.978ms)
gateway-web	Run pnpm test	2026-10-06T04:49:50.2910914Z ✔ JOIN-502 surface: a nearby City is offered without being trusted, and joining waits for an approval (7027.8555ms)
gateway-web	Run pnpm test	2026-10-06T04:49:50.2913275Z ✔ JOIN-502 surface: a refused browse still offers the fallbacks, and a rejected ask leaves the device untrusted (6519.862ms)
gateway-web	Run pnpm test	2026-10-06T04:49:50.2915717Z ✔ JOIN-503 (1)(2): one join enrolls an installation, and a RESTART reconnects with nothing typed (147.6806ms)
gateway-web	Run pnpm test	2026-10-06T04:49:50.2918929Z ✔ JOIN-503 (3): an EXPIRED session is replaced by an internal re-auth, with no user-visible token prompt (58.7836ms)
gateway-web	Run pnpm test	2026-10-06T04:49:50.2922366Z ✔ JOIN-503 (4)(5): REVOKE denies reconnect, and a revoked installation cannot mint new membership (44.6584ms)
gateway-web	Run pnpm test	2026-10-06T04:49:50.2925660Z ✔ JOIN-503 (6): a REINSTALL mints new identities and is unbound until an explicit rebind (48.7047ms)
gateway-web	Run pnpm test	2026-10-06T04:49:50.2928787Z ✔ JOIN-503 (7): the secret-exposure sweep - no durable secret in the snapshot, events, records or a URL (38.0665ms)
gateway-web	Run pnpm test	2026-10-06T04:49:50.2931856Z ✔ JOIN-503: a broken or foreign device file is refused rather than half-used (4.9513ms)
gateway-web	Run pnpm test	2026-10-06T04:49:50.2936147Z ✔ JOIN-503 (8): the engineering manual fallback still exists and is not the default path (33.2046ms)
gateway-web	Run pnpm test	2026-10-06T04:49:50.2939610Z ✔ JOIN-503: an invite of either shape is understood, and junk is refused instead of guessed at (0.6593ms)
gateway-web	Run pnpm test	2026-10-06T04:49:50.2941271Z ✔ JOIN-503: enrollment events are emitted on a CLONE, which is the population-level half of detection (37.1307ms)
gateway-web	Run pnpm test	2026-10-06T04:49:50.2944559Z ✔ REVIEW JOIN-503 D-1/D-2: a session may act on ITSELF and on nothing else (186.5142ms)
gateway-web	Run pnpm test	2026-10-06T04:49:50.2946117Z ✔ D-1: an enrolled session may NOT revoke another installation, and the refusal really refuses (150.6785ms)
gateway-web	Run pnpm test	2026-10-06T04:49:50.2947708Z ✔ D-2: a session sees ONLY itself - not the roster, and not the City-wide clone scan (49.4198ms)
gateway-web	Run pnpm test	2026-10-06T04:49:50.2949286Z ✔ D-1/D-2: the owner keeps FULL authority, so the repair did not break the surface it protects (50.5084ms)
gateway-web	Run pnpm test	2026-10-06T04:49:50.2954524Z ✔ D-1/D-2: the two sibling guards the review compared against are still in place (42.1037ms)
gateway-web	Run pnpm test	2026-10-06T04:49:50.2961231Z ✔ Android approval enrolls a named member; durable reconnect survives City restart and self-revoke (727.3381ms)
gateway-web	Run pnpm test	2026-10-06T04:49:50.2965425Z ✔ LINK: two independent Cities link over a pipe the main City dialled out, and a join completes across it (149.2711ms)
gateway-web	Run pnpm test	2026-10-06T04:49:50.2968684Z ✔ MESH-301 naming: a fresh machine joins as Alien-Win, and that name is persisted (1.172ms)
gateway-web	Run pnpm test	2026-10-06T04:49:50.2970113Z ✔ MESH-301 naming: RENAMING changes the label and never the physical identity (0.1733ms)
gateway-web	Run pnpm test	2026-10-06T04:49:50.2971843Z ✔ MESH-301 naming: the persisted identity beats the default even with no arguments at all (0.1681ms)
gateway-web	Run pnpm test	2026-10-06T04:49:50.2973846Z ✔ MESH-301 naming: an explicit environment identity wins and is persisted (0.204ms)
gateway-web	Run pnpm test	2026-10-06T04:49:50.2976863Z ✔ MESH-301 naming: --id wins, and the flag does NOT swallow the display name (0.2095ms)
gateway-web	Run pnpm test	2026-10-06T04:49:50.2980471Z ✔ MESH-301 naming: an unreadable identity store does not stop the node, and the default still applies (0.2801ms)
gateway-web	Run pnpm test	2026-10-06T04:49:50.2988370Z ✔ targeting: an absent or empty target means untargeted, never an error (1.1225ms)
gateway-web	Run pnpm test	2026-10-06T04:49:50.2990493Z ✔ targeting: a malformed target is a typed refusal, not a silently ignored field (0.2406ms)
gateway-web	Run pnpm test	2026-10-06T04:49:50.3001358Z ✔ targeting: the claim rule is total - untargeted always allowed, strict only for the named device (0.1932ms)
gateway-web	Run pnpm test	2026-10-06T04:49:50.3012282Z ✔ targeting: KNOWN, ONLINE and ELIGIBLE are three questions, and only the last one is claimable (0.4164ms)
gateway-web	Run pnpm test	2026-10-06T04:49:50.3014334Z ✔ targeting: a withheld task names the device it is held for and the device that asked (1.01ms)
gateway-web	Run pnpm test	2026-10-06T04:49:50.3015627Z ✔ targeting: waiting means strict, unfinished and unclaimed (0.1775ms)
gateway-web	Run pnpm test	2026-10-06T04:49:50.3017175Z ✔ MESH-301 step 3: a strict target routes to one device, waits when that device is away, and never reroutes (1514.143ms)
gateway-web	Run pnpm test	2026-10-06T04:49:50.3019289Z ✔ D-R1: a surface with two sockets is ONE surface, and only the last socket closing announces its departure (1275.1052ms)
gateway-web	Run pnpm test	2026-10-06T04:49:50.3021280Z ✔ D-R1: an ANONYMOUS surface is still recorded, and anonymous sockets do not silence each other (757.3905ms)
gateway-web	Run pnpm test	2026-10-06T04:49:50.3024436Z ✔ records mission events and finalizes a verified episode (554.8953ms)
gateway-web	Run pnpm test	2026-10-06T04:49:50.3028592Z ✔ refuses same host for migration and verification (348.9811ms)
gateway-web	Run pnpm test	2026-10-06T04:49:50.3033353Z ✔ bounded canonical projection exposes active task, binding and exact event evidence without raw secrets (266.4957ms)
gateway-web	Run pnpm test	2026-10-06T04:49:50.3038049Z ✔ overflow and missing history remain visible; fresh snapshot reflects canonical state, not cached truth (450.7069ms)
gateway-web	Run pnpm test	2026-10-06T04:49:50.3046286Z ✔ slow/disconnected observation never gates real canonical task persistence (186.8066ms)
gateway-web	Run pnpm test	2026-10-06T04:49:50.3047852Z ✔ real API claim/report projection follows persisted lifecycle and cannot execute commands (239.2384ms)
gateway-web	Run pnpm test	2026-10-06T04:49:50.3049430Z ✔ stalled HTTP monitor request and broken reader leave independent create/cancel requests working (206.6057ms)
gateway-web	Run pnpm test	2026-10-06T04:49:50.3054796Z ✔ invalid limits cannot create unbounded queries, single flight and unknown populations stay honest (179.6807ms)
gateway-web	Run pnpm test	2026-10-06T04:49:50.3056462Z ✔ deleted historical prefix and tail cannot be reported as complete history (235.2037ms)
gateway-web	Run pnpm test	2026-10-06T04:49:50.3058046Z ✔ Gateway shares outstanding observation and retains stale last view on later source failure (183.3207ms)
gateway-web	Run pnpm test	2026-10-06T04:49:50.3059536Z ✔ Alien: model OWNER_REQUIRED is an escalation, not auto-resolution (19.2685ms)
gateway-web	Run pnpm test	2026-10-06T04:49:50.3060884Z ✔ Alien: canonical observation cannot enqueue decisions after bounded close (2.4285ms)
gateway-web	Run pnpm test	2026-10-06T04:49:50.3062350Z ✔ Alien: retention restart preserves the newest decisions, not UUID lexical order (13.4596ms)
gateway-web	Run pnpm test	2026-10-06T04:49:50.3064511Z ✔ Alien: queue overflow retains canonical evidence and reports failed receipt persistence (1717.8722ms)
gateway-web	Run pnpm test	2026-10-06T04:49:50.3066328Z ✔ Alien: canonical present-but-ineligible target is escalated, not described as recovering offline (9.5861ms)
gateway-web	Run pnpm test	2026-10-06T04:49:50.3070127Z ✔ Alien: a timeout remains measurable when the critic subsequently resolves (31.706ms)
gateway-web	Run pnpm test	2026-10-06T04:49:50.3072281Z ✔ Alien Gateway: an online ineligible strict target produces an Owner decision with real event evidence (82.7997ms)
gateway-web	Run pnpm test	2026-10-06T04:49:50.3118800Z ✔ Alien browser: polling preserves opened provenance and successful retry clears an old error (3313.5824ms)
gateway-web	Run pnpm test	2026-10-06T04:49:50.3133166Z ✔ Alien browser: unavailable decision persistence is visible even before any write failure (2038.0207ms)
gateway-web	Run pnpm test	2026-10-06T04:49:50.3134693Z ✔ Alien browser: frequent City rendering cannot starve bounded decision polling (5499.2275ms)
gateway-web	Run pnpm test	2026-10-06T04:49:50.3141215Z ✔ MON903 route: a canonical failure becomes a decision receipt with canonical provenance, and the task itself is untouched (353.3166ms)
gateway-web	Run pnpm test	2026-10-06T04:49:50.3143226Z ✔ MON903 route: ordinary City activity produces no decisions at all (342.83ms)
gateway-web	Run pnpm test	2026-10-06T04:49:50.3145253Z ✔ MON903 route: reading is authenticated, asking for a decision is the owner's, and refusals are typed (239.2321ms)
gateway-web	Run pnpm test	2026-10-06T04:49:50.3306876Z ✔ MON903 route: an explicitly submitted owner-boundary trigger is recorded as owner-required and applied by nobody (2273.9532ms)
gateway-web	Run pnpm test	2026-10-06T04:49:50.3308721Z ✔ MON903 route: a decision for one task never blocks another task, and the projection carries both (1181.129ms)
gateway-web	Run pnpm test	2026-10-06T04:49:50.3310435Z ✔ MON903 triggers: only the named canonical events enter the decision path, and ordinary reports do not (139.1873ms)
gateway-web	Run pnpm test	2026-10-06T04:49:50.3312221Z ✔ MON903 ladder: a deterministic rule resolves first and the model is never consulted for it (63.3225ms)
gateway-web	Run pnpm test	2026-10-06T04:49:50.3313996Z ✔ MON903 owner boundary: scope, merge, review and owner-candidate triggers escalate WITHOUT any resolver being asked (264.6008ms)
gateway-web	Run pnpm test	2026-10-06T04:49:50.3315836Z ✔ MON903 fallback: a hanging, throwing or free-text resolver becomes a bounded fallback, never an authority (137.76ms)
gateway-web	Run pnpm test	2026-10-06T04:49:50.3317598Z ✔ MON903 queues: decisions are per-task, parallel across tasks, bounded per task, and never a global barrier (764.6856ms)
gateway-web	Run pnpm test	2026-10-06T04:49:50.3338332Z ✔ MON903 receipts: bounded contract, provenance, measured post-state, and no applied action anywhere (13.5571ms)
gateway-web	Run pnpm test	2026-10-06T04:49:50.3341440Z ✔ MON903 store: an unusable receipt store degrades the overlay and never prevents the City from starting (finding M-1) (9.3191ms)
gateway-web	Run pnpm test	2026-10-06T04:49:50.3343557Z ✔ MON903 store: the City itself starts and serves decisions when the decision store is unusable (finding M-1, City level) (1845.1446ms)
gateway-web	Run pnpm test	2026-10-06T04:49:50.3345596Z ✔ MON903 isolation: a reader that throws, a broken receipt file and a failing receipt write cannot break the caller (238.1291ms)
gateway-web	Run pnpm test	2026-10-06T04:49:50.3347381Z ✔ MON903 close: a closed overlay refuses a trigger with its OWN code, not by blaming the trigger (2.6123ms)
gateway-web	Run pnpm test	2026-10-06T04:49:50.3349097Z ✔ MON903 rules: the deterministic layer answers each kind from canonical facts, and invents no default (0.3354ms)
gateway-web	Run pnpm test	2026-10-06T04:49:50.3350885Z ✔ MON903 web: the owner sees the decision the City recorded, its provenance, and that nobody applied it (6009.1388ms)
gateway-web	Run pnpm test	2026-10-06T04:49:50.3353422Z ✔ MON903 web: an enrolled member may read what the City decided, and is told who can ask for one (4171.1751ms)
gateway-web	Run pnpm test	2026-10-06T04:49:50.3356333Z ✔ same LAN is direct, and it is chosen FIRST so the common case pays for nothing (2.3798ms)
gateway-web	Run pnpm test	2026-10-06T04:49:50.3357931Z ✔ a peer that cannot be dialled uses the outbound relay when one exists - no account, no router change (0.197ms)
gateway-web	Run pnpm test	2026-10-06T04:49:50.3359328Z ✔ an overlay the user ALREADY has beats asking them to create one (0.1559ms)
gateway-web	Run pnpm test	2026-10-06T04:49:50.3362026Z ✔ a forwarded port is offered WITH its cost, as an Owner decision rather than a silent choice (0.1703ms)
gateway-web	Run pnpm test	2026-10-06T04:49:50.3363767Z ✔ two PCs on different networks with no relay and no overlay get an HONEST none plus the Owner question (0.2572ms)
gateway-web	Run pnpm test	2026-10-06T04:49:50.3365338Z ✔ a /24 mismatch is only used to prefer a direct attempt, never to claim reachability (0.1631ms)
gateway-web	Run pnpm test	2026-10-06T04:49:50.3366622Z ✔ loopback and Bluetooth are direct, with their reasons stated (0.1966ms)
gateway-web	Run pnpm test	2026-10-06T04:49:50.3367904Z ✔ the group plan reports the HARDEST peer as what the group requires, not the easiest (1.246ms)
gateway-web	Run pnpm test	2026-10-06T04:49:50.3369410Z ✔ when every peer needs the Owner, the plan says so and lists them rather than offering a spinner (0.4538ms)
gateway-web	Run pnpm test	2026-10-06T04:49:50.3370710Z ✔ an empty group and junk input are answered, not thrown at (0.3014ms)
gateway-web	Run pnpm test	2026-10-06T04:49:50.3371994Z ✔ the preference list is exported so the order is reviewable rather than buried (0.2118ms)
gateway-web	Run pnpm test	2026-10-06T04:49:50.3373365Z ✔ real node executes file checkpoint task; cancelled task stays cancelled (1160.4954ms)
gateway-web	Run pnpm test	2026-10-06T04:49:50.3374953Z ✔ custom City lockout never directs users to an unrelated Alien host; explicit renewal remains usable (141.5114ms)
gateway-web	Run pnpm test	2026-10-06T04:49:50.3376486Z ✔ mDNS tries reachable advertised addresses instead of trusting lexical order (19.6709ms)
gateway-web	Run pnpm test	2026-10-06T04:49:50.3377841Z ✔ a multicast browse error is unavailable, not a successful empty search (0.4286ms)
gateway-web	Run pnpm test	2026-10-06T04:49:50.3380213Z ✔ Bluetooth scanning decodes the existing Android locator and reports unsupported hosts (0.5746ms)
gateway-web	Run pnpm test	2026-10-06T04:49:50.3388842Z ✔ Bluetooth discovery retains the default HTTP port and verifies the endpoint identity (0.5844ms)
gateway-web	Run pnpm test	2026-10-06T04:49:50.3390442Z ✔ N3: a pairing session offers a WEB link a second PC can open, without replacing the QR payload (24.7241ms)
gateway-web	Run pnpm test	2026-10-06T04:49:50.3394039Z ✔ N3: the session route hands the web link to the surface, so the page has something to show (96.2177ms)
gateway-web	Run pnpm test	2026-10-06T04:49:50.3395337Z ✔ N3: the pairing entry exists in BOTH states the page can be in (1.1367ms)
gateway-web	Run pnpm test	2026-10-06T04:49:50.3396972Z ✔ N3: the page can take a link from the address bar, and it asks before it connects (0.6982ms)
gateway-web	Run pnpm test	2026-10-06T04:49:50.3398298Z ✔ IDLE: no session exists until create() is called, and a read never changes that (1.587ms)
gateway-web	Run pnpm test	2026-10-06T04:49:50.3399624Z ✔ generate once: exactly one ACTIVE session with the City payload kept verbatim (1.0558ms)
gateway-web	Run pnpm test	2026-10-06T04:49:50.3401662Z ✔ ACTIVE is FINAL against re-generation: a second create() cannot rotate the code (0.9207ms)
gateway-web	Run pnpm test	2026-10-06T04:49:50.3402816Z ✔ ordinary reads keep the SAME id, code and payload (0.3511ms)
gateway-web	Run pnpm test	2026-10-06T04:49:50.3405100Z ✔ CONSUMED: the City reporting a different canonical session ends ACTIVE as USED, not as a mystery (0.266ms)
gateway-web	Run pnpm test	2026-10-06T04:49:50.3406643Z ✔ EXPIRED: the countdown tick ends the session, names it EXPIRED, and creates nothing (0.2175ms)
gateway-web	Run pnpm test	2026-10-06T04:49:50.3407993Z ✔ a second EXPLICIT generate after expiry produces a new, different session (0.2656ms)
gateway-web	Run pnpm test	2026-10-06T04:49:50.3409328Z ✔ a malformed session response creates nothing (a half-session is not rendered) (0.3288ms)
gateway-web	Run pnpm test	2026-10-06T04:49:50.3410692Z ✔ reload persistence: the SAME valid session is restored, with its original expiry (0.4292ms)
gateway-web	Run pnpm test	2026-10-06T04:49:50.3416775Z ✔ a stored session that expired while the page was away comes back EXPIRED, never as a new code (0.3547ms)
gateway-web	Run pnpm test	2026-10-06T04:49:50.3419653Z ✔ a corrupt or foreign storage record is dropped rather than half-rendered (0.3592ms)
gateway-web	Run pnpm test	2026-10-06T04:49:50.3421202Z ✔ an explicit user clear names its reason and still creates nothing (0.1885ms)
gateway-web	Run pnpm test	2026-10-06T04:49:50.3422598Z ✔ clearOnSessionChanged is a no-op while the City still reports our own session (0.2068ms)
gateway-web	Run pnpm test	2026-10-06T04:49:50.3424122Z ✔ when the City session vanished AND ours is past expiry, the reason reported is EXPIRED (0.1463ms)
gateway-web	Run pnpm test	2026-10-06T04:49:50.3425636Z ✔ a new session after a terminal state is a full fresh display, and generate stays offered only when idle (0.8195ms)
gateway-web	Run pnpm test	2026-10-06T04:49:50.3428097Z ✔ pairing input survives slow typing, refresh, navigation and a failed attempt (14851.7859ms)
gateway-web	Run pnpm test	2026-10-06T04:49:50.3429381Z ✔ a six digit code pairs to the City serving the disconnected page (2493.9854ms)
gateway-web	Run pnpm test	2026-10-06T04:49:50.3430759Z ✔ LAN search selects a peer and hands the code to its origin without a cross-origin POST (2555.01ms)
gateway-web	Run pnpm test	2026-10-06T04:49:50.3432291Z ✔ BLE_BOOTSTRAP search selects a peer and hands the code to its origin without a cross-origin POST (4199.176ms)
gateway-web	Run pnpm test	2026-10-06T04:49:50.3433645Z ✔ Bluetooth search is actionable and explains an unavailable radio (3312.4378ms)
gateway-web	Run pnpm test	2026-10-06T04:49:50.3434752Z ✔ a failed code handoff retains the target identity on retries (5083.5162ms)
gateway-web	Run pnpm test	2026-10-06T04:49:50.3436209Z ✔ JOIN-501 acceptance: no implicit generation, an ACTIVE code that cannot rotate, and both terminal states (16558.7944ms)
gateway-web	Run pnpm test	2026-10-06T04:49:50.3439457Z ✔ JOIN-501 real-endpoint receiver: a SECOND process (not the owner page) consumes the code the page shows (5964.7284ms)
gateway-web	Run pnpm test	2026-10-06T04:49:50.3441179Z ✔ JOIN-501 acceptance: expiry ends the display by itself, and the expiry path creates nothing (6630.5164ms)
gateway-web	Run pnpm test	2026-10-06T04:49:50.3443093Z ✔ JOIN-501: a fresh browser session starts with NO code, and a stored expired record is never exchanged (6323.0211ms)
gateway-web	Run pnpm test	2026-10-06T04:49:50.3444664Z ✔ short code preserves identity pinning, reports lockout, and never sends a code to the wrong City (144.434ms)
gateway-web	Run pnpm test	2026-10-06T04:49:50.3446187Z ✔ code handoff carries only a selected City, six digits and the existing transport in a fragment (0.808ms)
gateway-web	Run pnpm test	2026-10-06T04:49:50.3447735Z ✔ pairing sessions exchange once, expire and reject secret/code guesses without exposing credentials (167.9436ms)
gateway-web	Run pnpm test	2026-10-06T04:49:50.3449334Z ✔ descriptor validation rejects invalid input and conflicts, discovery TXT excludes secrets (0.8127ms)
gateway-web	Run pnpm test	2026-10-06T04:49:50.3450596Z ✔ T1: the Web shell is served from apps/web and cannot be escaped (119.4586ms)
gateway-web	Run pnpm test	2026-10-06T04:49:50.3451580Z ✔ T1: rooms are reported truthfully when the hub is up (39.3564ms)
gateway-web	Run pnpm test	2026-10-06T04:49:50.3452487Z ✔ T1: an unreachable Room Hub is a state, not an error (35.6614ms)
gateway-web	Run pnpm test	2026-10-06T04:49:50.3453481Z ✔ T2: a Room Action keeps the Room own truth and is idempotent (49.3419ms)
gateway-web	Run pnpm test	2026-10-06T04:49:50.3454557Z ✔ T2: a Capability Action carries the real invocation identity (80.2056ms)
gateway-web	Run pnpm test	2026-10-06T04:49:50.3456087Z ✔ T2: a City task is UNAVAILABLE with no node, and follows the real task when there is one (44.6463ms)
gateway-web	Run pnpm test	2026-10-06T04:49:50.3457831Z ✔ T3: Ask / Do routes deterministically, refuses to guess, and confirms side effects (565.7366ms)
gateway-web	Run pnpm test	2026-10-06T04:49:50.3458978Z ✔ scope: no BOSS or HNS route can be created, by any path (39.9928ms)
gateway-web	Run pnpm test	2026-10-06T04:49:50.3460016Z ✔ T1.1: health reflects real readiness instead of being a constant (71.2024ms)
gateway-web	Run pnpm test	2026-10-06T04:49:50.3461009Z ✔ T2: an idempotency key is bound to one request (59.0073ms)
gateway-web	Run pnpm test	2026-10-06T04:49:50.3462303Z ✔ T2: City task provenance follows the real task state (42.0871ms)
gateway-web	Run pnpm test	2026-10-06T04:49:50.3463464Z ✔ network: local beats LAN beats remote beats unknown, and latency only ever removes score (2.5177ms)
gateway-web	Run pnpm test	2026-10-06T04:49:50.3464678Z ✔ capacity: missing telemetry is EXCLUDED, never defaulted to a middle value (0.4424ms)
gateway-web	Run pnpm test	2026-10-06T04:49:50.3466176Z ✔ role: a City already carrying devices outranks an identical empty one, and a known City outranks a stranger (0.2225ms)
gateway-web	Run pnpm test	2026-10-06T04:49:50.3468601Z ✔ recommendation: the best carrier wins on network + capacity together, not on either alone (0.7606ms)
gateway-web	Run pnpm test	2026-10-06T04:49:50.3470213Z ✔ recommendation: a candidate with NO telemetry falls back to network+role rather than scoring zero capacity (0.2872ms)
gateway-web	Run pnpm test	2026-10-06T04:49:50.3471801Z ✔ recommendation: an EMPTY list recommends nothing, and says why instead of throwing (0.7364ms)
gateway-web	Run pnpm test	2026-10-06T04:49:50.3473439Z ✔ recommendation: the order is DETERMINISTIC for equal scores, so the list cannot reshuffle between renders (78.7612ms)
gateway-web	Run pnpm test	2026-10-06T04:49:50.3477745Z ✔ recommendation: a single loopback City is recommended with the honest reason that it is the only one (0.6983ms)
gateway-web	Run pnpm test	2026-10-06T04:49:50.3479328Z ✔ weights are exported and the balance is visible rather than guessed (51.146ms)
gateway-web	Run pnpm test	2026-10-06T04:49:50.3480699Z ✔ attachment: wired beats wireless for a CARRIER, and a metered link is halved (0.7353ms)
gateway-web	Run pnpm test	2026-10-06T04:49:50.3482680Z ✔ group carrier: a City nobody else can reach is NOT the carrier, however powerful the machine (0.8882ms)
gateway-web	Run pnpm test	2026-10-06T04:49:50.3484515Z ✔ group carrier: when one City is reachable by every peer it wins, even against a higher-scoring partial one (0.3761ms)
gateway-web	Run pnpm test	2026-10-06T04:49:50.3702407Z ✔ group carrier: with no peer reachability reported, it says the ranking alone decided rather than implying a check (17.2505ms)
gateway-web	Run pnpm test	2026-10-06T04:49:50.3706230Z ✔ group carrier: an empty topology answers honestly instead of throwing (0.354ms)
gateway-web	Run pnpm test	2026-10-06T04:49:50.3707734Z ✔ the old inline implementation throws on empty output, which is the regression (3.5465ms)
gateway-web	Run pnpm test	2026-10-06T04:49:50.3709239Z ✔ empty output is read as "already gone", not as an unparseable error (0.5436ms)
gateway-web	Run pnpm test	2026-10-06T04:49:50.3804061Z ✔ "null" from ConvertTo-Json is also treated as already gone (0.1519ms)
gateway-web	Run pnpm test	2026-10-06T04:49:50.3805446Z ✔ a live, matching process verifies through CIM (0.2924ms)
gateway-web	Run pnpm test	2026-10-06T04:49:50.3806814Z ✔ a live process running something else is a FATAL mismatch, as it was before (0.1765ms)
gateway-web	Run pnpm test	2026-10-06T04:49:50.3808025Z ✔ a quoting-safe array result is handled as well as a single object (0.2103ms)
gateway-web	Run pnpm test	2026-10-06T04:49:50.3809333Z ✔ a missing CommandLine field is not mistaken for a match (0.3575ms)
gateway-web	Run pnpm test	2026-10-06T04:49:50.3810747Z ✔ when CIM is unusable, tasklist still catches a plainly wrong process (0.2991ms)
gateway-web	Run pnpm test	2026-10-06T04:49:50.3812445Z ✔ tasklist reporting no match is already-gone rather than unavailable (0.422ms)
gateway-web	Run pnpm test	2026-10-06T04:49:50.3813674Z ✔ both probes failing is unavailable and aborts before stopping any process (0.5237ms)
gateway-web	Run pnpm test	2026-10-06T04:49:50.3815141Z ✔ unparseable-but-non-empty CIM output falls through to the weaker probe instead of claiming absence (0.3047ms)
gateway-web	Run pnpm test	2026-10-06T04:49:50.3816346Z ✔ a UTF-8 BOM on the output does not break parsing (0.1714ms)
gateway-web	Run pnpm test	2026-10-06T04:49:50.3817539Z ✔ every returned status is one of the declared statuses (0.4112ms)
gateway-web	Run pnpm test	2026-10-06T04:49:50.3818580Z ✔ a non-numeric PID is fatal and never reaches a command line (0.2261ms)
gateway-web	Run pnpm test	2026-10-06T04:49:50.3819616Z ✔ the CIM and tasklist filters refuse a non-numeric PID outright (0.5298ms)
gateway-web	Run pnpm test	2026-10-06T04:49:50.3820961Z ✔ only positively verified identity permits stopping a PID (0.2544ms)
gateway-web	Run pnpm test	2026-10-06T04:49:50.3822354Z ✔ runner stops file side effects when gateway has made task terminal (1.1552ms)
gateway-web	Run pnpm test	2026-10-06T04:49:50.3823499Z ✔ runner returns failed report for retry when transport is unavailable (0.6402ms)
gateway-web	Run pnpm test	2026-10-06T04:49:50.3824952Z ✔ S1: a peer that cannot be dialled registers over an OUTBOUND socket, and the City names its ref (89.4544ms)
gateway-web	Run pnpm test	2026-10-06T04:49:50.3826689Z ✔ S1: admission reuses the City’s OWN credentials - a session ref comes from the registry, and a bad one is refused (73.4389ms)
gateway-web	Run pnpm test	2026-10-06T04:49:50.3828527Z ✔ S3: a real join completes over the pipe - the CITY runs the payload, the owner approves, the claim is spent once (53.5546ms)
gateway-web	Run pnpm test	2026-10-06T04:49:50.3830151Z ✔ S3: without approval the pipe grants nothing - the City is not joined just because a path exists (35.9659ms)
gateway-web	Run pnpm test	2026-10-06T04:49:50.3831664Z ✔ S2/S3: the relay refuses to be an open proxy - no path outside the list, and no widening by method (51.1787ms)
gateway-web	Run pnpm test	2026-10-06T04:49:50.3833836Z ✔ S3: a City refusal travels back as its OWN status, so the surface can say why instead of "unreachable" (21.3764ms)
gateway-web	Run pnpm test	2026-10-06T04:49:50.3835531Z ✔ S2: the dialling peer also SERVES the City - a payload the City PUSHES runs on the City it was dialled to (26.5366ms)
gateway-web	Run pnpm test	2026-10-06T04:49:50.3837079Z ✔ N2: the whole cross-network join runs over the pipe - capability, ask, decision, credential (87.33ms)
gateway-web	Run pnpm test	2026-10-06T04:49:50.3838462Z ✔ N2: a rejection is reported AS a rejection and never retried; the flow stops there (81.6398ms)
gateway-web	Run pnpm test	2026-10-06T04:49:50.3839727Z ✔ N2: a pipe that answers for ANOTHER City is refused before an ask is created (69.8582ms)
gateway-web	Run pnpm test	2026-10-06T04:49:50.3841050Z ✔ N2: the reach decision sends the same link to navigation and the far network to the pipe (2.8624ms)
gateway-web	Run pnpm test	2026-10-06T04:49:50.3842782Z ✔ S1: a pipe that never stops is rate-limited, and the version check still applies to the handshake (964.5682ms)
gateway-web	Run pnpm test	2026-10-06T04:49:50.3844225Z ✔ an admitted peer registers and is listed; a refused one is refused WITH a reason (4.0001ms)
gateway-web	Run pnpm test	2026-10-06T04:49:50.3845503Z ✔ a forwarded request reaches the peer and its answer comes back to the caller (0.6536ms)
gateway-web	Run pnpm test	2026-10-06T04:49:50.3846676Z ✔ forwarding to a peer that is not connected is a typed 404, not a hang (0.2239ms)
gateway-web	Run pnpm test	2026-10-06T04:49:50.3847844Z ✔ a peer that never answers produces a TIMEOUT rather than an unbounded wait (52.8583ms)
gateway-web	Run pnpm test	2026-10-06T04:49:50.3848821Z ✔ the in-flight cap is a REFUSAL, not a queue (0.9554ms)
gateway-web	Run pnpm test	2026-10-06T04:49:50.3850038Z ✔ an answer nobody is waiting for is dropped, and an answer from the WRONG peer is not accepted (0.4553ms)
gateway-web	Run pnpm test	2026-10-06T04:49:50.3851399Z ✔ a peer answering with an error rejects the caller with that error, typed (0.6755ms)
gateway-web	Run pnpm test	2026-10-06T04:49:50.3853040Z ✔ a re-dial REPLACES the old connection for that peer rather than leaving two live pipes (0.4169ms)
gateway-web	Run pnpm test	2026-10-06T04:49:50.3854311Z ✔ the peer cap and close() are both refusals rather than silent behaviour (0.97ms)
gateway-web	Run pnpm test	2026-10-06T04:49:50.3855472Z ✔ a write that throws fails THAT request instead of corrupting the hub (0.8636ms)
gateway-web	Run pnpm test	2026-10-06T04:49:50.3856599Z ✔ a bootstrap payload is a pointer to the pairing path, never trust (3.4378ms)
gateway-web	Run pnpm test	2026-10-06T04:49:50.3857550Z ✔ a MAC address is never consulted for a decision (0.3706ms)
gateway-web	Run pnpm test	2026-10-06T04:49:50.3858565Z ✔ an expired or replayed bootstrap is refused without partial state (0.552ms)
gateway-web	Run pnpm test	2026-10-06T04:49:50.3859815Z ✔ the IP handoff requires trust and re-verifies the fingerprint on the new path (0.8804ms)
gateway-web	Run pnpm test	2026-10-06T04:49:50.3860848Z ✔ scanning is bounded and payloads are strict (1.1639ms)
gateway-web	Run pnpm test	2026-10-06T04:49:50.3861770Z ✔ a bootstrap window is bounded and a junk clock is a refusal (0.6644ms)
gateway-web	Run pnpm test	2026-10-06T04:49:50.3862887Z ✔ an expired bootstrap cannot be handed off (0.3859ms)
gateway-web	Run pnpm test	2026-10-06T04:49:50.3863859Z ✔ a payload must carry a real nonce, real candidates and its own fields (1.149ms)
gateway-web	Run pnpm test	2026-10-06T04:49:50.3864972Z ✔ a bootstrap payload is strict, and replay protection is auditable (0.7669ms)
gateway-web	Run pnpm test	2026-10-06T04:49:50.3866585Z ✔ two heterogeneous devices advertise different implementations of one logical capability (5.7831ms)
gateway-web	Run pnpm test	2026-10-06T04:49:50.3867948Z ✔ callers resolve a compatible version without knowing the device class (3.0738ms)
gateway-web	Run pnpm test	2026-10-06T04:49:50.3869038Z ✔ an unsupported version fails explicitly instead of being coerced (0.8947ms)
gateway-web	Run pnpm test	2026-10-06T04:49:50.3870500Z ✔ capability loss invalidates new invocations and stays visible in state (1.3879ms)
gateway-web	Run pnpm test	2026-10-06T04:49:50.3892272Z ✔ exclusive/shared/background and live/queue metadata survive serialization and versioning (1.5564ms)
gateway-web	Run pnpm test	2026-10-06T04:49:50.3964414Z ✔ an advertised capability is availability metadata, never permission (1.2245ms)
gateway-web	Run pnpm test	2026-10-06T04:49:50.3965536Z ✔ the registry is strict, frozen and free of ambient state (0.892ms)
gateway-web	Run pnpm test	2026-10-06T04:49:50.3966702Z ✔ canonical execution metadata is decided by own keys, not the prototype chain (0.4875ms)
gateway-web	Run pnpm test	2026-10-06T04:49:50.3967937Z ✔ a malformed or impossible caller instant is refused as a typed error (1.0901ms)
gateway-web	Run pnpm test	2026-10-06T04:49:50.3969414Z ✔ an expired advertisement cannot be invoked by naming an earlier instant (0.492ms)
gateway-web	Run pnpm test	2026-10-06T04:49:50.3970458Z ✔ a refused wire payload leaves the registry untouched (0.338ms)
gateway-web	Run pnpm test	2026-10-06T04:49:50.3971539Z ✔ a wire snapshot may not replace newer state or silently clear a recorded loss (0.7999ms)
gateway-web	Run pnpm test	2026-10-06T04:49:50.3973300Z ✔ the wire path enforces the same validation as direct advertisement (0.7843ms)
gateway-web	Run pnpm test	2026-10-06T04:49:50.3974433Z ✔ a capability id whose major is not a safe integer is not addressable (0.2377ms)
gateway-web	Run pnpm test	2026-10-06T04:49:50.3975534Z ✔ a declared canonical execution field is never silently downgraded (0.408ms)
gateway-web	Run pnpm test	2026-10-06T04:49:50.3976599Z ✔ the advertisement TTL ceiling cannot be lifted by the caller (0.5413ms)
gateway-web	Run pnpm test	2026-10-06T04:49:50.3977777Z ✔ the advertisements() surface is frozen like every other descriptor surface (0.3462ms)
gateway-web	Run pnpm test	2026-10-06T04:49:50.3979032Z ✔ the public surface is frozen and a mock or real adapter satisfies it unchanged (5.8077ms)
gateway-web	Run pnpm test	2026-10-06T04:49:50.3980246Z ✔ policy denial stays a denial even on a perfect authenticated session (1.6903ms)
gateway-web	Run pnpm test	2026-10-06T04:49:50.3981390Z ✔ an advertised capability without effective permission cannot execute (0.4935ms)
gateway-web	Run pnpm test	2026-10-06T04:49:50.3982720Z ✔ foreground-sensitive resources are enforced locally without Fabric deciding ownership (0.8404ms)
gateway-web	Run pnpm test	2026-10-06T04:49:50.3984448Z ✔ Fabric holds no task graph, no assistant state and no competing identity namespace (1.0784ms)
gateway-web	Run pnpm test	2026-10-06T04:49:50.3985662Z ✔ integration seams are recorded without importing a sibling branch (1.0002ms)
gateway-web	Run pnpm test	2026-10-06T04:49:50.3986979Z ✔ the resource class and the local confirmation requirement cannot be dodged by the request (0.9138ms)
gateway-web	Run pnpm test	2026-10-06T04:49:50.3988103Z ✔ a session authorizes only the device it was opened for (0.5552ms)
gateway-web	Run pnpm test	2026-10-06T04:49:50.3989142Z ✔ the adapter cannot hand back a colliding or unauthenticated session (0.4199ms)
gateway-web	Run pnpm test	2026-10-06T04:49:50.3990258Z ✔ a Fabric with no policy port refuses rather than granting every axis (0.4175ms)
gateway-web	Run pnpm test	2026-10-06T04:49:50.3991822Z ✔ revocation reports the presence it can actually observe and releases the foreground claim (0.4223ms)
gateway-web	Run pnpm test	2026-10-06T04:49:50.3993024Z ✔ a failed transport invoke leaves no foreground claim behind (0.4912ms)
gateway-web	Run pnpm test	2026-10-06T04:49:50.3993921Z ✔ subscription and stream inputs are bounded (0.4356ms)
gateway-web	Run pnpm test	2026-10-06T04:49:50.3994808Z ✔ a malformed caller instant is refused as a typed error (0.584ms)
gateway-web	Run pnpm test	2026-10-06T04:49:50.3995988Z ✔ the foreground policy config and the adapter port are validated rather than trusted (0.5206ms)
gateway-web	Run pnpm test	2026-10-06T04:49:50.3997053Z ✔ a stream runs the same gates as an invocation (0.6396ms)
gateway-web	Run pnpm test	2026-10-06T04:49:50.3998011Z ✔ an exclusive foreground resource needs the action that owns it (0.2811ms)
gateway-web	Run pnpm test	2026-10-06T04:49:50.3998966Z ✔ the adapter interface and its failures are typed (0.5122ms)
gateway-web	Run pnpm test	2026-10-06T04:49:50.3999798Z ✔ a cyclic policy config cannot crash the freezer (0.226ms)
gateway-web	Run pnpm test	2026-10-06T04:49:50.4000811Z ✔ the advertised capability version is normalized before it is compared (0.2844ms)
gateway-web	Run pnpm test	2026-10-06T04:49:50.4002065Z ✔ the emitted denial reason is part of the exported vocabulary (0.1222ms)
gateway-web	Run pnpm test	2026-10-06T04:49:50.4002957Z ✔ a calendar-impossible instant is refused (0.2745ms)
gateway-web	Run pnpm test	2026-10-06T04:49:50.4004511Z ✔ one invite renders as code, deep link, web link and QR payload without creating trust records (3.8535ms)
gateway-web	Run pnpm test	2026-10-06T04:49:50.4005991Z ✔ expired, cancelled and already-used invites fail with one indistinguishable generic error (2.1508ms)
gateway-web	Run pnpm test	2026-10-06T04:49:50.4007267Z ✔ guessing is rate-limited and never reveals whether a device exists (0.7977ms)
gateway-web	Run pnpm test	2026-10-06T04:49:50.4008616Z ✔ entering an invite reaches pairing preview but cannot invoke capabilities before confirmation (1.1175ms)
gateway-web	Run pnpm test	2026-10-06T04:49:50.4010061Z ✔ an invite is a one-time rendezvous, and after trust it can no longer reconnect anything (1.6126ms)
gateway-web	Run pnpm test	2026-10-06T04:49:50.4011288Z ✔ the rendezvous service stays independent of the eventual data path (1.4361ms)
gateway-web	Run pnpm test	2026-10-06T04:49:50.4012414Z ✔ invite policy values are bounded, so a locator cannot be eternal (0.6071ms)
gateway-web	Run pnpm test	2026-10-06T04:49:50.4013329Z ✔ a hostile link is a bad link, never a crash (0.2801ms)
gateway-web	Run pnpm test	2026-10-06T04:49:50.4014322Z ✔ a consumed invite keeps its outcome, and an impossible instant is typed (0.6161ms)
gateway-web	Run pnpm test	2026-10-06T04:49:50.4015723Z ✔ enumeration is throttled even without a client reference, and an unparseable instant is refused (1.0395ms)
gateway-web	Run pnpm test	2026-10-06T04:49:50.4017020Z ✔ an adapter discovers a peer on the LAN without manual address entry (3.8945ms)
gateway-web	Run pnpm test	2026-10-06T04:49:50.4018128Z ✔ wired and Wi-Fi sightings normalize to the same device abstraction (0.559ms)
gateway-web	Run pnpm test	2026-10-06T04:49:50.4019302Z ✔ duplicate and stale advertisements never create duplicate logical devices (10.8543ms)
gateway-web	Run pnpm test	2026-10-06T04:49:50.4020306Z ✔ an untrusted candidate cannot invoke anything (0.3773ms)
gateway-web	Run pnpm test	2026-10-06T04:49:50.4021423Z ✔ only a trusted node with the right fingerprint upgrades to an encrypted direct path (0.576ms)
gateway-web	Run pnpm test	2026-10-06T04:49:50.4022815Z ✔ a local network change re-resolves addresses without changing logical identity (1.5292ms)
gateway-web	Run pnpm test	2026-10-06T04:49:50.4025272Z ✔ discovery and fallback scanning stay bounded (3.0758ms)
gateway-web	Run pnpm test	2026-10-06T04:49:50.4027324Z ✔ advertisements are strict, and metadata is never a required identity (0.3973ms)
gateway-web	Run pnpm test	2026-10-06T04:49:50.4028593Z ✔ freshness is a two-sided bound: a replayed future sighting is never current (0.4847ms)
gateway-web	Run pnpm test	2026-10-06T04:49:50.4030346Z ✔ an impossible calendar instant is refused, not read as "not stale" (0.3298ms)
gateway-web	Run pnpm test	2026-10-06T04:49:50.4032994Z ✔ an advertisement must carry its fields as own properties on a bare object (0.4453ms)
gateway-web	Run pnpm test	2026-10-06T04:49:50.4034067Z ✔ the per-round advertisement cap is two-sided (4.1061ms)
gateway-web	Run pnpm test	2026-10-06T04:49:50.4038296Z ✔ two different unidentified devices never collapse on a display name (1.1141ms)
gateway-web	Run pnpm test	2026-10-06T04:49:50.4039412Z ✔ one address has exactly one canonical spelling (0.3721ms)
gateway-web	Run pnpm test	2026-10-06T04:49:50.4040439Z ✔ a stale freshness snapshot is never re-emitted as a current verdict (0.5006ms)
gateway-web	Run pnpm test	2026-10-06T04:49:50.4041803Z ✔ logical identity preservation is computed, not asserted (0.3726ms)
gateway-web	Run pnpm test	2026-10-06T04:49:50.4043051Z ✔ native and browser invites retain the target address rather than falling back to this host (1.3768ms)
gateway-web	Run pnpm test	2026-10-06T04:49:50.4044733Z ✔ remote reconnect stays on the recorded origin and rejects a different City response (2.1539ms)
gateway-web	Run pnpm test	2026-10-06T04:49:50.4047636Z ✔ callers use one Fabric surface while the transport implementation is swapped underneath (4.7212ms)
gateway-web	Run pnpm test	2026-10-06T04:49:50.4050988Z ✔ path selection prefers a usable direct route and falls back to relay honestly (0.9863ms)
gateway-web	Run pnpm test	2026-10-06T04:49:50.4052418Z ✔ an unauthenticated or unencrypted path is never adopted, not even on the LAN (0.9837ms)
gateway-web	Run pnpm test	2026-10-06T04:49:50.4054619Z ✔ a relay forwards opaque payloads and can never authorize a peer (1.4171ms)
gateway-web	Run pnpm test	2026-10-06T04:49:50.4056499Z ✔ path loss migrates without a new logical device or a duplicated command (1.2538ms)
gateway-web	Run pnpm test	2026-10-06T04:49:50.4057777Z ✔ one exclusive action can never end up with two authoritative sessions (0.6848ms)
gateway-web	Run pnpm test	2026-10-06T04:49:50.4059114Z ✔ path metadata is bounded, secret-free and frozen (0.9632ms)
gateway-web	Run pnpm test	2026-10-06T04:49:50.4060034Z ✔ a caller-supplied instant is validated on every path (0.608ms)
gateway-web	Run pnpm test	2026-10-06T04:49:50.4061126Z ✔ the preference list may narrow the canonical order but never promote relay (0.5487ms)
gateway-web	Run pnpm test	2026-10-06T04:49:50.4062174Z ✔ a path descriptor reports what the adapter measured (0.5611ms)
gateway-web	Run pnpm test	2026-10-06T04:49:50.4063184Z ✔ a transport fault during send is typed and records no command (0.4912ms)
gateway-web	Run pnpm test	2026-10-06T04:49:50.4064194Z ✔ the secret scan sees hidden own keys and survives a cycle (0.357ms)
gateway-web	Run pnpm test	2026-10-06T04:49:50.4065271Z ✔ presence is honest, distinct and never collapses into ONLINE or FAILED (4.5758ms)
gateway-web	Run pnpm test	2026-10-06T04:49:50.4066403Z ✔ a silent node becomes UNREACHABLE rather than ONLINE or FAILED (1.5168ms)
gateway-web	Run pnpm test	2026-10-06T04:49:50.4067457Z ✔ queueable work expires and live-only actions never run late (1.48ms)
gateway-web	Run pnpm test	2026-10-06T04:49:50.4068548Z ✔ an unknown transport outcome stays UNKNOWN until it is reconciled (0.8194ms)
gateway-web	Run pnpm test	2026-10-06T04:49:50.4069930Z ✔ reconnect revalidates identity, trust, capability, presence and authority before resuming (1.7263ms)
gateway-web	Run pnpm test	2026-10-06T04:49:50.4071295Z ✔ a stale replay after reconnect cannot duplicate a completed side effect (1.0388ms)
gateway-web	Run pnpm test	2026-10-06T04:49:50.4072568Z ✔ the audit log carries causal identifiers and no secrets, and state is isolated (1.6972ms)
gateway-web	Run pnpm test	2026-10-06T04:49:50.4073769Z ✔ the audit sequence stays monotonic and retention is reported honestly (0.4899ms)
gateway-web	Run pnpm test	2026-10-06T04:49:50.4075487Z ✔ the audit secret-freedom claim is checked, not asserted (0.6452ms)
gateway-web	Run pnpm test	2026-10-06T04:49:50.4076429Z ✔ a malformed caller instant is refused as a typed error (1.2319ms)
gateway-web	Run pnpm test	2026-10-06T04:49:50.4077360Z ✔ an observation instant may not lie in the future (0.3371ms)
gateway-web	Run pnpm test	2026-10-06T04:49:50.4078236Z ✔ a backdated instant cannot make a silent node reachable (0.5484ms)
gateway-web	Run pnpm test	2026-10-06T04:49:50.4079233Z ✔ a backdated instant cannot revive an expired queued action (0.4378ms)
gateway-web	Run pnpm test	2026-10-06T04:49:50.4080202Z ✔ a replayed enqueue cannot clear an unknown outcome (0.9313ms)
gateway-web	Run pnpm test	2026-10-06T04:49:50.4081080Z ✔ a settled outcome is never regressed to UNKNOWN (0.4304ms)
gateway-web	Run pnpm test	2026-10-06T04:49:50.4082088Z ✔ identifiers are text, so a cyclic object cannot reach the freezer (0.5509ms)
gateway-web	Run pnpm test	2026-10-06T04:49:50.4083087Z ✔ the presence policy is a bound, so it is validated (0.5027ms)
gateway-web	Run pnpm test	2026-10-06T04:49:50.4084139Z ✔ an impossible queue deadline is refused rather than never expiring (0.3799ms)
gateway-web	Run pnpm test	2026-10-06T04:49:50.4085356Z ✔ a duplicate check needs a subject and does not match one it was not given (0.3377ms)
gateway-web	Run pnpm test	2026-10-06T04:49:50.4088816Z ✔ a refusal that protects new work is audited (0.2836ms)
gateway-web	Run pnpm test	2026-10-06T04:49:50.4089741Z ✔ refreshed reconnect state is a plain record (0.2256ms)
gateway-web	Run pnpm test	2026-10-06T04:49:50.4090844Z ✔ an effect confirmed without an in-flight command still suppresses its replay (0.4042ms)
gateway-web	Run pnpm test	2026-10-06T04:49:50.4093270Z ✔ a presence record may not be rebound to another logical identity (0.3977ms)
gateway-web	Run pnpm test	2026-10-06T04:49:50.4095212Z ✔ a live action cannot be downgraded by a non-boolean flag (0.4498ms)
gateway-web	Run pnpm test	2026-10-06T04:49:50.4096256Z ✔ a measurement is validated before any state changes (0.3387ms)
gateway-web	Run pnpm test	2026-10-06T04:49:50.4097424Z ✔ RPC, EVENT and STREAM are separate versioned envelopes with opaque domain payloads (4.8347ms)
gateway-web	Run pnpm test	2026-10-06T04:49:50.4098983Z ✔ a retried idempotent command does not repeat the effect, and a new command id is a new action (2.0531ms)
gateway-web	Run pnpm test	2026-10-06T04:49:50.4100614Z ✔ delivery, acceptance, running and completion are observably distinct, and ack is never success (0.8227ms)
gateway-web	Run pnpm test	2026-10-06T04:49:50.4101987Z ✔ a deadline stops a stale interactive command from executing later (0.7883ms)
gateway-web	Run pnpm test	2026-10-06T04:49:50.4103297Z ✔ event subscriptions reconnect and replay with ordering, causation and gap reporting (1.6753ms)
gateway-web	Run pnpm test	2026-10-06T04:49:50.4104728Z ✔ stream lifecycle, backpressure and cancellation are independent of RPC (1.523ms)
gateway-web	Run pnpm test	2026-10-06T04:49:50.4106081Z ✔ the data plane is strict, frozen, and keeps task truth outside the transport session (0.805ms)
gateway-web	Run pnpm test	2026-10-06T04:49:50.4107636Z ✔ canonical envelopes are decided by own keys on a plain record (0.5194ms)
gateway-web	Run pnpm test	2026-10-06T04:49:50.4108877Z ✔ reference fields are text, so a cyclic object cannot reach the freezer (0.6694ms)
gateway-web	Run pnpm test	2026-10-06T04:49:50.4110165Z ✔ an object-valued action reference cannot turn a retry into a different action (0.5659ms)
gateway-web	Run pnpm test	2026-10-06T04:49:50.4111390Z ✔ a malformed caller instant is refused as a typed error (1.1761ms)
gateway-web	Run pnpm test	2026-10-06T04:49:50.4112500Z ✔ a deadline is judged at the registry clock and bounded by policy (0.9563ms)
gateway-web	Run pnpm test	2026-10-06T04:49:50.4116151Z ✔ a sweep cannot expire a command before its deadline by naming a later instant (0.2388ms)
gateway-web	Run pnpm test	2026-10-06T04:49:50.4117479Z ✔ a contiguous replay never reports a phantom gap, and its resume point is validated (0.5075ms)
gateway-web	Run pnpm test	2026-10-06T04:49:50.4118701Z ✔ an execution result must be terminal and must carry a real result reference (0.5787ms)
gateway-web	Run pnpm test	2026-10-06T04:49:50.4120079Z ✔ a retry may only replay the result its own command produced (0.3889ms)
gateway-web	Run pnpm test	2026-10-06T04:49:50.4121530Z ✔ a reused command id may not silently change the subject it addresses (0.4262ms)
gateway-web	Run pnpm test	2026-10-06T04:49:50.4122875Z ✔ stream accounting cannot run backwards or exceed the configured window (0.4744ms)
gateway-web	Run pnpm test	2026-10-06T04:49:50.4124074Z ✔ a replayed setup envelope cannot clobber live state (0.5735ms)
gateway-web	Run pnpm test	2026-10-06T04:49:50.4125231Z ✔ data and control paths declare their arguments instead of swallowing envelope tags (0.328ms)
gateway-web	Run pnpm test	2026-10-06T04:49:50.4126820Z ✔ Alien independently constructs all workbook negative cases and restart seed consistency (347.3563ms)
gateway-web	Run pnpm test	2026-10-06T04:49:50.4128440Z ✔ a manifest with only a movable branch must not pass exact software provenance validation (179.2985ms)
gateway-web	Run pnpm test	2026-10-06T04:49:50.4129890Z ✔ two equal host references are one physical host, not a TWO_HOST_MESH (185.9792ms)
gateway-web	Run pnpm test	2026-10-06T04:49:50.4131362Z ✔ an experiment can be listed, validated, registered, inspected, seeded — without ever being run (130.2525ms)
gateway-web	Run pnpm test	2026-10-06T04:49:50.4133059Z ✔ the research routes require the control credential: a worker cannot certify the experiment it runs (26.9046ms)
gateway-web	Run pnpm test	2026-10-06T04:49:50.4134807Z ✔ an invalid manifest is refused with every issue at once, and the rejection is stored as evidence (31.2893ms)
gateway-web	Run pnpm test	2026-10-06T04:49:50.4136417Z ✔ manifests survive a gateway restart, and a broken file is reported instead of silently dropped (44.2421ms)
gateway-web	Run pnpm test	2026-10-06T04:49:50.4137918Z ✔ the registry itself refuses task-domain keys and never offers an update (2.7137ms)
gateway-web	Run pnpm test	2026-10-06T04:49:50.4139575Z ✔ Web Research discovers imports validates registers and inspects canonical experiments without running (5276.9845ms)
gateway-web	Run pnpm test	2026-10-06T04:49:50.4141478Z ✔ a failed list refresh cannot hide a successful canonical registration (9103.1568ms)
gateway-web	Run pnpm test	2026-10-06T04:49:50.4142898Z ✔ REX802 a delayed response cannot remove offline guidance or replace another page (3076.5328ms)
gateway-web	Run pnpm test	2026-10-06T04:49:50.4143812Z Error: CONTROLLED_COMMIT_FAILURE
gateway-web	Run pnpm test	2026-10-06T04:49:50.4144449Z     at file:///D:/a/utopia/utopia/tests/rex802-gateway.test.mjs:4:360
gateway-web	Run pnpm test	2026-10-06T04:49:50.4146590Z     at Store.atomic (file:///D:/a/utopia/utopia/services/dev-gateway/store.mjs:59:62)
gateway-web	Run pnpm test	2026-10-06T04:49:50.4147690Z     at app.store.atomic (file:///D:/a/utopia/utopia/tests/rex802-gateway.test.mjs:4:337)
gateway-web	Run pnpm test	2026-10-06T04:49:50.4148798Z     at atomicWithTrace (file:///D:/a/utopia/utopia/services/dev-gateway/server.mjs:191:93)
gateway-web	Run pnpm test	2026-10-06T04:49:50.4149917Z     at createCityTask (file:///D:/a/utopia/utopia/services/dev-gateway/server.mjs:466:12)
gateway-web	Run pnpm test	2026-10-06T04:49:50.4151063Z     at Server.<anonymous> (file:///D:/a/utopia/utopia/services/dev-gateway/server.mjs:892:13)
gateway-web	Run pnpm test	2026-10-06T04:49:50.4152248Z     at process.processTicksAndRejections (node:internal/process/task_queues:104:5)
gateway-web	Run pnpm test	2026-10-06T04:49:50.4153499Z ✔ REX802 rolled-back canonical events never enter the trace (42.6186ms)
gateway-web	Run pnpm test	2026-10-06T04:49:50.4154717Z ✔ REX802 member Web surface exposes explicit owner-required guidance (4491.7048ms)
gateway-web	Run pnpm test	2026-10-06T04:49:50.4157309Z ✔ REX802 records only supplied resource samples, preserves zero and declared source time (30.2135ms)
gateway-web	Run pnpm test	2026-10-06T04:49:50.4159319Z ✔ REX802 real Gateway records task references and Web Advanced exposes recording/provenance without secrets (2689.3227ms)
gateway-web	Run pnpm test	2026-10-06T04:49:50.4161251Z ✔ REX802 failing collector cannot break real Gateway task/health and reports partial failure (31.4684ms)
gateway-web	Run pnpm test	2026-10-06T04:49:50.4162777Z ✔ REX802 external resource clocks cannot change canonical sequence time ordering (5.1178ms)
gateway-web	Run pnpm test	2026-10-06T04:49:50.4164054Z ✔ REX802 broken observation clock remains a contained failure (0.6757ms)
gateway-web	Run pnpm test	2026-10-06T04:49:50.4165235Z ✔ REX802 rejects an oversized existing file before rotating or modifying it (11.3878ms)
gateway-web	Run pnpm test	2026-10-06T04:49:50.4166738Z ✔ REX802 rotation remains explicit after restart and restores bounded previous records (17.4815ms)
gateway-web	Run pnpm test	2026-10-06T04:49:50.4168224Z ✔ REX802 pure normalization binds clocks/provenance and retains unknown metrics (1.098ms)
gateway-web	Run pnpm test	2026-10-06T04:49:50.4169707Z ✔ REX802 canonical tap drops arbitrary payload and credentials; explicit measured zero remains zero (0.3126ms)
gateway-web	Run pnpm test	2026-10-06T04:49:50.4171181Z ✔ REX802 recognizes missing, duplicate, reordered and stale timestamp observations (0.4371ms)
gateway-web	Run pnpm test	2026-10-06T04:49:50.4172714Z ✔ REX802 storage raw-to-normalized replay is reproducible and restart starts new epoch (7.1559ms)
gateway-web	Run pnpm test	2026-10-06T04:49:50.4174198Z ✔ REX802 collector failures and queue bounds are explicit without throwing into callers (1.854ms)
gateway-web	Run pnpm test	2026-10-06T04:49:50.4175636Z ✔ REX802 hung storage is bounded; queue drop and close do not block indefinitely (48.5448ms)
gateway-web	Run pnpm test	2026-10-06T04:49:50.4176974Z ✔ REX802 early capture waits for restored watermark before normalization (5.0615ms)
gateway-web	Run pnpm test	2026-10-06T04:49:50.4178984Z ✔ REX802 supports rule lifecycle, supervision quality and semantic integration without invented defaults (0.7904ms)
gateway-web	Run pnpm test	2026-10-06T04:49:50.4184510Z ✔ RS-203: the correlation carries BOTH devices and asserts that they may differ (1.8306ms)
gateway-web	Run pnpm test	2026-10-06T04:49:50.4188003Z ✔ RS-203: a handoff moves the execution device and never the interaction device (0.2617ms)
gateway-web	Run pnpm test	2026-10-06T04:49:50.4190717Z ✔ RS-203: DUPLICATE messages are ignored rather than applied twice (0.5427ms)
gateway-web	Run pnpm test	2026-10-06T04:49:50.4192491Z ✔ RS-203: OUT-OF-ORDER progress is refused and cannot move the state backwards (0.1801ms)
gateway-web	Run pnpm test	2026-10-06T04:49:50.4195314Z ✔ RS-203: an event after a terminal state is LATE and does not resurrect the run (0.3006ms)
gateway-web	Run pnpm test	2026-10-06T04:49:50.4196804Z ✔ RS-203: every kind maps to a DECLARED canonical state and a DECLARED return channel (0.3364ms)
gateway-web	Run pnpm test	2026-10-06T04:49:50.4198651Z ✔ RS-203: canonical state advances for each terminal kind, and terminal is sticky (0.2432ms)
gateway-web	Run pnpm test	2026-10-06T04:49:50.4200135Z ✔ RS-203: a result that CANNOT reach the user is never reported as truthful success (0.3281ms)
gateway-web	Run pnpm test	2026-10-06T04:49:50.4202071Z ✔ RS-203: a resolver that THROWS degrades rather than propagating into the caller (0.3942ms)
gateway-web	Run pnpm test	2026-10-06T04:49:50.4203886Z ✔ RS-203: a projected success reports where it landed (0.2852ms)
gateway-web	Run pnpm test	2026-10-06T04:49:50.4205291Z ✔ RS-203: unknown correlations, unknown kinds and bad sequences are refused with typed codes (0.6027ms)
gateway-web	Run pnpm test	2026-10-06T04:49:50.4208056Z ✔ RS-203: the bridge refuses to be constructed without an injected surface resolver (0.2068ms)
gateway-web	Run pnpm test	2026-10-06T04:49:50.4209289Z ✔ RS-203: a STATUS event reports without moving the state (0.1297ms)
gateway-web	Run pnpm test	2026-10-06T04:49:50.4210197Z ✔ RS-203: the contract version is declared (0.0861ms)
gateway-web	Run pnpm test	2026-10-06T04:49:50.4211290Z ✔ RS-203 scenario 1: remote execution START is correlated before anything is returned (0.155ms)
gateway-web	Run pnpm test	2026-10-06T04:49:50.4212705Z ✔ RS-203 scenario 2: PROGRESS returns on the PROGRESS channel and moves the run to RUNNING (0.1365ms)
gateway-web	Run pnpm test	2026-10-06T04:49:50.4214159Z ✔ RS-203 scenario 3: WAITING FOR USER is reachable, and is cleared the same way it is set (0.1278ms)
gateway-web	Run pnpm test	2026-10-06T04:49:50.4215600Z ✔ RS-203 scenario 3b: attention on a non-STATUS kind is REFUSED rather than guessed (0.1546ms)
gateway-web	Run pnpm test	2026-10-06T04:49:50.4219078Z ✔ RS-203 scenario 4: SUCCESS lands truthfully only when it actually reached the user (0.1643ms)
gateway-web	Run pnpm test	2026-10-06T04:49:50.4220605Z ✔ RS-203 scenario 5: FAILURE is terminal and reports no success (0.1032ms)
gateway-web	Run pnpm test	2026-10-06T04:49:50.4222846Z ✔ RS-203 scenario 6: CANCEL is terminal and sticky against later events (0.1281ms)
gateway-web	Run pnpm test	2026-10-06T04:49:50.4224576Z ✔ RS-203 scenario 7: DEVICE DISCONNECT degrades knowledge without moving the run or claiming success (0.1853ms)
gateway-web	Run pnpm test	2026-10-06T04:49:50.4226966Z ✔ RS-203 scenario 8: RECOVERY clears the degraded state and the run can still finish (0.1253ms)
gateway-web	Run pnpm test	2026-10-06T04:49:50.4228365Z ✔ RS-203 scenario 8b: a disconnect AFTER a terminal result changes nothing about it (0.1151ms)
gateway-web	Run pnpm test	2026-10-06T04:49:50.4230674Z ✔ RS-203: the full eight-situation walk leaves the counters consistent (0.1788ms)
gateway-web	Run pnpm test	2026-10-06T04:49:50.4232712Z ✔ RS-203 step 3: a request is delivered to the CURRENT authorized surface (0.301ms)
gateway-web	Run pnpm test	2026-10-06T04:49:50.4233968Z ✔ RS-203 step 3: an answer from the current authorized surface is accepted (0.3086ms)
gateway-web	Run pnpm test	2026-10-06T04:49:50.4236341Z ✔ RS-203 step 3: an answer from ANY OTHER device is REFUSED, however well-informed it is (0.1702ms)
gateway-web	Run pnpm test	2026-10-06T04:49:50.4238141Z ✔ RS-203 step 3: when the surface MOVED, the answer must come from where the user now is (0.205ms)
gateway-web	Run pnpm test	2026-10-06T04:49:50.4240134Z ✔ RS-203 step 3: an answer cannot arrive when NO surface is authorized (0.2335ms)
gateway-web	Run pnpm test	2026-10-06T04:49:50.4241494Z ✔ RS-203 step 3: OFFLINE asks are HELD with a reason and a recovery path, not dropped or failed (0.16ms)
gateway-web	Run pnpm test	2026-10-06T04:49:50.4243668Z ✔ RS-203 step 3: TIMEOUT is explained and recoverable, and is NEVER a failure (0.2675ms)
gateway-web	Run pnpm test	2026-10-06T04:49:50.4245081Z ✔ RS-203 step 3: a timeout cannot retract an answer that already arrived (0.2092ms)
gateway-web	Run pnpm test	2026-10-06T04:49:50.4246354Z ✔ RS-203 step 3: a double answer is refused rather than silently overwriting the first (0.2278ms)
gateway-web	Run pnpm test	2026-10-06T04:49:50.4247561Z ✔ RS-203 step 3: only RESPOND is accepted, and only APPROVE or DENY decide (0.387ms)
gateway-web	Run pnpm test	2026-10-06T04:49:50.4249489Z ✔ RS-203 step 3: a HANDOFF does not move where the user is asked (0.1391ms)
gateway-web	Run pnpm test	2026-10-06T04:49:50.4250880Z ✔ RS-203 step 3: the codes are declared, not invented at the throw site (0.106ms)
gateway-web	Run pnpm test	2026-10-06T04:49:50.4253006Z ✔ RS-203 step 4: the flat EXCLUSION_REASONS list is CLASSIFIED, and every reason has an axis (0.6565ms)
gateway-web	Run pnpm test	2026-10-06T04:49:50.4254524Z ✔ RS-203 step 4: a DEVICE outage is classified as DEVICE and nothing else (0.3183ms)
gateway-web	Run pnpm test	2026-10-06T04:49:50.4256594Z ✔ RS-203 step 4: a PROVIDER outage is classified as PROVIDER and nothing else (0.1218ms)
gateway-web	Run pnpm test	2026-10-06T04:49:50.4257794Z ✔ RS-203 step 4: an INPUT problem is NEITHER a device nor a provider fault (0.1464ms)
gateway-web	Run pnpm test	2026-10-06T04:49:50.4260465Z ✔ RS-203 step 4: an UNKNOWN reason is reported, not silently dropped (0.2292ms)
gateway-web	Run pnpm test	2026-10-06T04:49:50.4261785Z ✔ RS-203 step 4: a DEVICE fallback does NOT implicate the provider (0.3356ms)
gateway-web	Run pnpm test	2026-10-06T04:49:50.4262917Z ✔ RS-203 step 4: a PROVIDER fallback does NOT implicate the device (0.1466ms)
gateway-web	Run pnpm test	2026-10-06T04:49:50.4264313Z ✔ RS-203 step 4: an eligible alternate is offered for a DEVICE outage, but the cause is still named (0.1897ms)
gateway-web	Run pnpm test	2026-10-06T04:49:50.4267638Z ✔ RS-203 step 4: MIXED causes are NOT collapsed to one, and no single cause is claimed (0.1704ms)
gateway-web	Run pnpm test	2026-10-06T04:49:50.4269455Z ✔ RS-203 step 4: the reason codes SURVIVE into the plan rather than being paraphrased away (0.1556ms)
gateway-web	Run pnpm test	2026-10-06T04:49:50.4270784Z ✔ RS-203 step 4: with nothing unavailable the plan claims no cause at all (0.1144ms)
gateway-web	Run pnpm test	2026-10-06T04:49:50.4271946Z ✔ RS-203 step 4: planning against an unknown correlation is refused (0.135ms)
gateway-web	Run pnpm test	2026-10-06T04:49:50.4273637Z ✔ RS-203 step 5: a remote result is bound to its provenance, including WHICH device produced it (0.2047ms)
gateway-web	Run pnpm test	2026-10-06T04:49:50.4275116Z ✔ RS-203 step 5: the provenance is IMMUTABLE once bound, so a result cannot be re-attributed (0.1653ms)
gateway-web	Run pnpm test	2026-10-06T04:49:50.4278835Z ✔ RS-203 step 5: the summary key set is EXACTLY the declared set - stability by construction (0.1876ms)
gateway-web	Run pnpm test	2026-10-06T04:49:50.4281868Z ✔ RS-203 step 5: the summary NEVER carries the evidence, the digests or the routing identifiers (0.2446ms)
gateway-web	Run pnpm test	2026-10-06T04:49:50.4286001Z ✔ RS-203 step 5: whether evidence EXISTS is presentable, without saying what it is (0.1307ms)
gateway-web	Run pnpm test	2026-10-06T04:49:50.4287460Z ✔ RS-203 step 5: the summary is STABLE across state changes - same shape, always (0.1306ms)
gateway-web	Run pnpm test	2026-10-06T04:49:50.4290074Z ✔ RS-203 step 5: the summary still tells the truth about a degraded and a finished run (0.1116ms)
gateway-web	Run pnpm test	2026-10-06T04:49:50.4291972Z ✔ RS-203 step 5: binding against an unknown correlation is refused (0.8622ms)
gateway-web	Run pnpm test	2026-10-06T04:49:50.4294780Z ✔ RS-203 step 5: the declared field list is frozen, so it cannot be widened at runtime (0.1139ms)
gateway-web	Run pnpm test	2026-10-06T04:49:50.4296562Z ✔ RS-290: the mapping COVERS every source vocabulary exactly - no gap and no stale extra (2.2673ms)
gateway-web	Run pnpm test	2026-10-06T04:49:50.4305080Z ✔ RS-290: the presentation vocabulary is CLOSED - every target is a declared term with a class (0.3389ms)
gateway-web	Run pnpm test	2026-10-06T04:49:50.4306982Z ✔ RS-290: the four UNKNOWN senses stay FOUR distinct terms - the polysemy fix (0.226ms)
gateway-web	Run pnpm test	2026-10-06T04:49:50.4310757Z ✔ RS-290: the SAME meaning reached through different components MERGES to one term (0.2526ms)
gateway-web	Run pnpm test	2026-10-06T04:49:50.4314031Z ✔ RS-290: the STRUCTURAL and RESOURCE partition is PRESERVED, which a naive merge would destroy (0.4202ms)
gateway-web	Run pnpm test	2026-10-06T04:49:50.4315515Z ✔ RS-290: an unmapped or unknown source THROWS rather than yielding undefined (0.4605ms)
gateway-web	Run pnpm test	2026-10-06T04:49:50.4318331Z ✔ RS-290: presentState always yields a declared presentation state (0.297ms)
gateway-web	Run pnpm test	2026-10-06T04:49:50.4319676Z ✔ RS-290: the action and state vocabularies are closed sets of the shapes step 3 names (0.1631ms)
gateway-web	Run pnpm test	2026-10-06T04:49:50.4322545Z ✔ RS-290: a selectable provider renders RUNNING with CANCEL and no choice demanded (0.6609ms)
gateway-web	Run pnpm test	2026-10-06T04:49:50.4324082Z ✔ RS-290: a pool that is only BUSY does NOT demand a choice, because waiting can help (0.5497ms)
gateway-web	Run pnpm test	2026-10-06T04:49:50.4327154Z ✔ RS-290: a structurally refused pool DOES demand a choice, and does not offer waiting (0.3236ms)
gateway-web	Run pnpm test	2026-10-06T04:49:50.4328705Z ✔ RS-290 F1: a raw word that COLLIDES with a term name is still mapped by its VOCABULARY (0.4667ms)
gateway-web	Run pnpm test	2026-10-06T04:49:50.4331255Z ✔ RS-290 F1: the guard needs PROVENANCE - bare words and bare terms are both refused (0.8674ms)
gateway-web	Run pnpm test	2026-10-06T04:49:50.4333000Z ✔ RS-290 F2: a terminal outcome OUTRANKS waitingUser, so a failure is never masked (0.3773ms)
gateway-web	Run pnpm test	2026-10-06T04:49:50.4335197Z ✔ RS-290 F3: FRESHNESS.STALE and FRESHNESS.UNKNOWN stay DISTINCT terms (0.1891ms)
gateway-web	Run pnpm test	2026-10-06T04:49:50.4337920Z ✔ RS-290 F3: NO collapse of two meanings onto one term goes UNDECLARED - quantified over the table (0.5435ms)
gateway-web	Run pnpm test	2026-10-06T04:49:50.4339956Z ✔ RS-290: no path FABRICATES success - COMPLETED needs an explicit terminal flag (0.2489ms)
gateway-web	Run pnpm test	2026-10-06T04:49:50.4342878Z ✔ RS-290: the route stage drives the state through its own vocabulary, and only where it should (0.2694ms)
gateway-web	Run pnpm test	2026-10-06T04:49:50.4344244Z ✔ RS-290: every DTO output is inside the declared vocabularies (0.3494ms)
gateway-web	Run pnpm test	2026-10-06T04:49:50.4347157Z ✔ RS-290 matrix: concurrent submissions cannot double-execute, and the pool still reports a reason (1.1535ms)
gateway-web	Run pnpm test	2026-10-06T04:49:50.4351851Z ✔ RS-290 matrix: a saturated device is routed around, and the projection says WAITING not CHOOSE (0.9598ms)
gateway-web	Run pnpm test	2026-10-06T04:49:50.4355477Z ✔ RS-290 matrix: lease transfer is holder-only and the old holder cannot resume reassigned work (0.2578ms)
gateway-web	Run pnpm test	2026-10-06T04:49:50.4357181Z ✔ RS-290 matrix: a disconnect degrades truthfully and recovery restores, through the projection (0.5185ms)
gateway-web	Run pnpm test	2026-10-06T04:49:50.4361439Z ✔ RS-290 matrix: a flapping pool does not move the work, and the rescan is event-driven (0.6423ms)
gateway-web	Run pnpm test	2026-10-06T04:49:50.4363060Z ✔ RS-290 matrix: availability, routing and return compose into ONE stable presentation contract (13.0677ms)
gateway-web	Run pnpm test	2026-10-06T04:49:50.4364492Z ✔ successful live transport cannot mask broken offline product behavior (0.9582ms)
gateway-web	Run pnpm test	2026-10-06T04:49:50.4365647Z ✔ CPU uses elapsed counters and unavailable disk remains null (3.4096ms)
gateway-web	Run pnpm test	2026-10-06T04:49:50.4366842Z ✔ disabled sampler never reads host counters (0.2585ms)
gateway-web	Run pnpm test	2026-10-06T04:49:50.4368185Z ✔ counter reset does not fabricate CPU load and cached sample keeps its timestamp (0.3458ms)
gateway-web	Run pnpm test	2026-10-06T04:49:50.4369539Z ✔ native filesystem volume measurement is finite and internally consistent (5.5542ms)
gateway-web	Run pnpm test	2026-10-06T04:49:50.4370955Z ✔ validator accepts unavailable sampler metrics but rejects invalid numeric measurements (1.3634ms)
gateway-web	Run pnpm test	2026-10-06T04:50:04.1544494Z ✔ theme artifact retention is bounded and restart removes abandoned sandbox work (41.1912ms)
gateway-web	Run pnpm test	2026-10-06T04:50:04.1546480Z ✔ D9 Bridge builds retained sandbox artifacts with canonical bounded results and typed refusal (22168.1457ms)
gateway-web	Run pnpm test	2026-10-06T04:50:16.0788426Z ✔ Windows Theme Build uses real prompt, observation, fallback controls and digest summary (16227.4363ms)
gateway-web	Run pnpm test	2026-10-06T04:50:16.1817013Z ✔ unavailable artifact storage yields a terminal typed failure, not orphaned RUNNING history (650.6229ms)
gateway-web	Run pnpm test	2026-10-06T04:50:16.1972903Z ✔ the redesigned-shell fixture really is the zero-sized-label shape (2.2817ms)
gateway-web	Run pnpm test	2026-10-06T04:50:16.1975644Z ✔ a bare first-match label lookup selects a zero-bounds node, which is the original defect (0.3147ms)
gateway-web	Run pnpm test	2026-10-06T04:50:16.1977277Z ✔ no sized nav label exists on the shipped shell, so a size filter ALONE would leave nothing to tap (0.8176ms)
gateway-web	Run pnpm test	2026-10-06T04:50:16.1978760Z ✔ the active tab has no clickable node, so clickable ordinal alone is unstable (0.5544ms)
gateway-web	Run pnpm test	2026-10-06T04:50:16.1980144Z ✔ targets are paired to labels in document order, giving a page-independent index (0.3513ms)
gateway-web	Run pnpm test	2026-10-06T04:50:16.1981493Z ✔ resolveRoute reaches Home from the Devices page via the paired target (0.2575ms)
gateway-web	Run pnpm test	2026-10-06T04:50:16.1982720Z ✔ the nav band excludes page content that happens to be clickable (0.3402ms)
gateway-web	Run pnpm test	2026-10-06T04:50:16.1983767Z ✔ a sized heading is not mistaken for a nav target (0.9244ms)
gateway-web	Run pnpm test	2026-10-06T04:50:16.1984992Z ✔ resolveRoute prefers a sized label inside the band, preserving the earlier shell (0.4899ms)
gateway-web	Run pnpm test	2026-10-06T04:50:16.1986626Z ✔ the two shells are distinguished rather than one being assumed (0.5916ms)
gateway-web	Run pnpm test	2026-10-06T04:50:16.1987849Z ✔ an unresolvable tree returns null rather than a zero-bounds node (0.2359ms)
gateway-web	Run pnpm test	2026-10-06T04:50:16.1989071Z ✔ the task pilot creates its evidence directory before writing into it (0.255ms)
gateway-web	Run pnpm test	2026-10-06T04:50:16.1990202Z ✔ task pilot imports a usable sized nodeByLabel selector (0.3513ms)
gateway-web	Run pnpm test	2026-10-06T04:50:16.1991452Z ✔ UXI-390: every supported action is bound to a handler branch AND a client method (1.226ms)
gateway-web	Run pnpm test	2026-10-06T04:50:16.1992844Z ✔ UXI-390: no handler branch is unreachable dead code that looks like a handler (0.8758ms)
gateway-web	Run pnpm test	2026-10-06T04:50:16.1994388Z ✔ UXI-390: the per-provider Choose control sends THAT row ref, and cannot send a blank one (0.317ms)
gateway-web	Run pnpm test	2026-10-06T04:50:16.1995867Z ✔ UXI-390: CHOOSE_PROVIDER is NOT an action-row action - that is the trap Mech named (0.2088ms)
gateway-web	Run pnpm test	2026-10-06T04:50:16.1997336Z ✔ UXI-390 C-1: the Advanced disclosure is named with the Web pack's own words on Android (1.8411ms)
gateway-web	Run pnpm test	2026-10-06T04:50:16.1999135Z ✔ UXI-390 C-2: a disabled control states its reason in the Web pack's own words (0.6157ms)
gateway-web	Run pnpm test	2026-10-06T04:50:16.2000654Z ✔ UXI-391: the City really has FIVE requestable task types - the premise the old record denied (2.2765ms)
gateway-web	Run pnpm test	2026-10-06T04:50:16.2002140Z ✔ UXI-391: a MISSING load dimension is not zero, and one observed dimension is enough (0.4992ms)
gateway-web	Run pnpm test	2026-10-06T04:50:16.2003559Z ✔ UXI-391: the BINDING dimension is the maximum OBSERVED one, not an average over five (0.1928ms)
gateway-web	Run pnpm test	2026-10-06T04:50:16.2005238Z ✔ UXI-391: telemetry produces the vector honestly - measured dimensions only, null when nothing is measured (0.3566ms)
gateway-web	Run pnpm test	2026-10-06T04:50:16.2007135Z ✔ UXI-391: the bridge transfers ONLY on ALTERNATE_DEVICE, and moves ownership once (0.6914ms)
gateway-web	Run pnpm test	2026-10-06T04:50:16.2008577Z ✔ UXI-391: a stale holder cannot hand on work it no longer owns, and a disabled path refuses (0.241ms)
gateway-web	Run pnpm test	2026-10-06T04:50:16.2009685Z ✔ UXI-391: only the reserved device - and never a stale holder - may claim a moved task (0.2497ms)
gateway-web	Run pnpm test	2026-10-06T04:50:16.2010734Z ✔ UXI-391: a pending handoff is REMOTE_HANDOFF on the surface, from the task record (2.1383ms)
gateway-web	Run pnpm test	2026-10-06T04:50:16.2011567Z ✔ UXI-391: the planner decision is exposed WITH the chosen device, and routeStageFor stays a thin read (1.2286ms)
gateway-web	Run pnpm test	2026-10-06T04:50:16.2012423Z ✔ UXI-391: the term and the route agree about the SAME candidate - the defect this task is about (0.6346ms)
gateway-web	Run pnpm test	2026-10-06T04:50:16.2013236Z ✔ a City with no Workbench starts, serves and executes: the seam adds no startup dependency (132.371ms)
gateway-web	Run pnpm test	2026-10-06T04:50:16.2013970Z ✔ the port and the live route reach the same claim decision on the same facts (49.6486ms)
gateway-web	Run pnpm test	2026-10-06T04:50:16.2014677Z ✔ an offline named device is withheld by the port exactly as the route withholds it (64.6413ms)
gateway-web	Run pnpm test	2026-10-06T04:50:16.2015653Z ✔ the City exposes which backend placed the work, and only STANDARD_DEVICES is ever enabled (24.7152ms)
gateway-web	Run pnpm test	2026-10-06T04:50:16.2017020Z ✔ STANDARD_DEVICES is the enabled long-term default and claims exactly the profile it wraps (2.8041ms)
gateway-web	Run pnpm test	2026-10-06T04:50:16.2017942Z ✔ fleet readiness distinguishes "no device at all" from "devices present, none accepting work" (2.1111ms)
gateway-web	Run pnpm test	2026-10-06T04:50:16.2018779Z ✔ an endpoint row is a truthful view: offline, capability-less and sharing-off are different facts (0.6901ms)
gateway-web	Run pnpm test	2026-10-06T04:50:16.2019599Z ✔ claim reproduces the frozen decision for every negative control the pre-seam route covered (1.9099ms)
gateway-web	Run pnpm test	2026-10-06T04:50:16.2020364Z ✔ report keeps the same transitions, the same refusals and the same event names (1.1229ms)
gateway-web	Run pnpm test	2026-10-06T04:50:16.2021088Z ✔ dispatch and control refuse honestly instead of pretending the endpoint is ready (1.174ms)
gateway-web	Run pnpm test	2026-10-06T04:50:16.2021849Z ✔ a probe failure is reported as UNKNOWN rather than being allowed to crash a status read (0.3229ms)
gateway-web	Run pnpm test	2026-10-06T04:50:16.2022551Z ✔ the port refuses to be constructed without the facts it must not invent (0.4921ms)
gateway-web	Run pnpm test	2026-10-06T04:50:16.2023187Z ✔ review: dispatch cannot bypass strict target or handoff reservation (0.5721ms)
gateway-web	Run pnpm test	2026-10-06T04:50:16.2023921Z ✔ review: dispatch cannot transfer an already running task to a different free endpoint (0.5144ms)
gateway-web	Run pnpm test	2026-10-06T04:50:16.2024693Z ✔ review: claim readiness does not say ready when sharing is disabled or endpoint busy (0.4376ms)
gateway-web	Run pnpm test	2026-10-06T04:50:16.2025709Z ✔ review: endpoint readiness and dispatch honor injected canonical Core acceptance (0.3853ms)
gateway-web	Run pnpm test	2026-10-06T04:50:16.2026592Z ✔ a node registered with the old payload still registers, claims and completes, and gains a descriptor (124.5517ms)
gateway-web	Run pnpm test	2026-10-06T04:50:16.2027718Z ✔ the descriptor is computed at read time, so a sharing change and fresh telemetry are reflected at once (43.8498ms)
gateway-web	Run pnpm test	2026-10-06T04:50:16.2028592Z ✔ an unknown node has no descriptor, and a control surface is never among the node descriptors (34.9935ms)
gateway-web	Run pnpm test	2026-10-06T04:50:16.2029268Z ✔ strict target still outranks every generic descriptor fact (38.9014ms)
gateway-web	Run pnpm test	2026-10-06T04:50:16.2029938Z ✔ WBC602 review: explicit malformed roles cannot manufacture an execution identity (1.9111ms)
gateway-web	Run pnpm test	2026-10-06T04:50:16.2030867Z ✔ WBC602 review: absent GPU/network observations are unknown, not hardware absence (0.5846ms)
gateway-web	Run pnpm test	2026-10-06T04:50:16.2031670Z ✔ WBC602 review: platform mismatch and measured zero accelerators are distinguished from unknown (0.5987ms)
gateway-web	Run pnpm test	2026-10-06T04:50:16.2032428Z ✔ WBC602 review: malformed requirement arrays yield typed contract refusals (0.2455ms)
gateway-web	Run pnpm test	2026-10-06T04:50:16.2033063Z ✔ WBC602 review: busy endpoint cannot advertise accepting work (107.4656ms)
gateway-web	Run pnpm test	2026-10-06T04:50:16.2033800Z ✔ WBC602 review: explicitly declared multiple worker roles survive real registration and restart (56.2851ms)
gateway-web	Run pnpm test	2026-10-06T04:50:16.2034646Z ✔ agent construction has no I/O; drain prevents new claim; canary uses canonical state and result (131.4523ms)
gateway-web	Run pnpm test	2026-10-06T04:50:16.2035448Z ✔ crash and restart use canonical interruption refusal rather than duplicate execution (60.8161ms)
gateway-web	Run pnpm test	2026-10-06T04:50:16.2036214Z ✔ unknown protocol and unavailable adapter are typed refusals without a startup loop (1.1395ms)
gateway-web	Run pnpm test	2026-10-06T04:50:16.2037127Z ✔ executor failure after progress remains canonical FAILED and drain permits held completion (59.2139ms)
gateway-web	Run pnpm test	2026-10-06T04:50:16.2037873Z ✔ cancel aborts held executor and late result never replaces terminal state (38.8302ms)
gateway-web	Run pnpm test	2026-10-06T04:50:16.2038611Z ✔ delayed old-task cancel cannot abort a later task or admit work while control pending (12.1273ms)
gateway-web	Run pnpm test	2026-10-06T04:50:16.2039394Z ✔ stop during unresolved claim refuses busy and preserves assignment for subsequent stop (16.0376ms)
gateway-web	Run pnpm test	2026-10-06T04:50:16.2040251Z ✔ explicit bounded pool adapter executes canonical canary, then absent pool leaves standard work usable (62.7656ms)
gateway-web	Run pnpm test	2026-10-06T04:50:16.2041062Z ✔ pool registers dormant without adapter or I/O and refuses direct or registry work (3.403ms)
gateway-web	Run pnpm test	2026-10-06T04:50:16.2041819Z ✔ explicit pool narrows canonical endpoints by membership, role and descriptor readiness (1.4502ms)
gateway-web	Run pnpm test	2026-10-06T04:50:16.2042520Z ✔ enabled pool with missing canonical adapter fails typed unavailable (0.3867ms)
gateway-web	Run pnpm test	2026-10-06T04:50:16.2043174Z ✔ pool control must not cancel work held by an unrelated standard endpoint (0.2997ms)
gateway-web	Run pnpm test	2026-10-06T04:50:16.2043878Z ✔ WBC604 profile: STANDARD_DEVICES is the default and is always an available rollback (8.6758ms)
gateway-web	Run pnpm test	2026-10-06T04:50:16.2044641Z ✔ WBC604 profile: a not-ready switch is REFUSED with a typed code and writes nothing at all (3.682ms)
gateway-web	Run pnpm test	2026-10-06T04:50:16.2045576Z ✔ WBC604 profile: a ready switch activates, persists, and survives a restart (4.2104ms)
gateway-web	Run pnpm test	2026-10-06T04:50:16.2046382Z ✔ WBC604 profile: an untrustworthy persisted value recovers to the safe default instead of being obeyed (4.4094ms)
gateway-web	Run pnpm test	2026-10-06T04:50:16.2047413Z ✔ WBC604 profile: unknown profiles and no-op changes are answered distinctly, never silently (1.4568ms)
gateway-web	Run pnpm test	2026-10-06T04:50:16.2048192Z ✔ WBC604 profile: rollback returns to STANDARD_DEVICES even after the pool disappears (2.9446ms)
gateway-web	Run pnpm test	2026-10-06T04:50:16.2049005Z ✔ WBC604 hybrid: an explicit strict target outranks every general rule and is never reinterpreted (0.4524ms)
gateway-web	Run pnpm test	2026-10-06T04:50:16.2049913Z ✔ WBC604 hybrid: a hard capability requirement outranks load, and validation work goes to a validation node (0.4305ms)
gateway-web	Run pnpm test	2026-10-06T04:50:16.2050716Z ✔ WBC604 hybrid: a legacy task that declares nothing keeps the compatible default (0.4283ms)
gateway-web	Run pnpm test	2026-10-06T04:50:16.2051420Z ✔ WBC604 hybrid: an untrusted node is never a candidate, whatever its capacity (0.3423ms)
gateway-web	Run pnpm test	2026-10-06T04:50:16.2052223Z ✔ WBC604 fail-safe: a persisted profile whose backend is no longer ready degrades to the rollback profile (8.5174ms)
gateway-web	Run pnpm test	2026-10-06T04:50:16.2053094Z ✔ WBC604 fail-safe: a change never leaves the persisted file disagreeing with the running profile (5.3809ms)
gateway-web	Run pnpm test	2026-10-06T04:50:16.2053933Z ✔ WBC604 fail-safe: changing or rolling back the profile never rewrites canonical task truth (112.2865ms)
gateway-web	Run pnpm test	2026-10-06T04:50:16.2054732Z ✔ WBC604 fail-safe: readiness is re-read on every question, never cached into a stale answer (3.2531ms)
gateway-web	Run pnpm test	2026-10-06T04:50:16.2055704Z ✔ WBC604 route: the City reports its profile, refuses an absent pool, and can always roll back (114.4433ms)
gateway-web	Run pnpm test	2026-10-06T04:50:16.2056424Z ✔ WBC604 route: a persisted selection is what the restarted City runs (41.3714ms)
gateway-web	Run pnpm test	2026-10-06T04:50:16.2057065Z ✔ locale contract: supported tokens, fallback and first-run detection (2.7631ms)
gateway-web	Run pnpm test	2026-10-06T04:50:16.2057710Z ✔ both language packs cover every message key with matching placeholders (4.0745ms)
gateway-web	Run pnpm test	2026-10-06T04:50:16.2058319Z ✔ every fixed Web UI string is present in the language packs (2.0177ms)
gateway-web	Run pnpm test	2026-10-06T04:50:16.2058918Z ✔ protocol tokens and City Control state names are never translated (17.4428ms)
gateway-web	Run pnpm test	2026-10-06T04:50:16.2059490Z ✔ web assets only use message keys that exist in the packs (3.6667ms)
gateway-web	Run pnpm test	2026-10-06T04:50:16.2060034Z ✔ badge state and display label stay separate in every locale (2.2342ms)
gateway-web	Run pnpm test	2026-10-06T04:50:16.2060735Z ✔ applyTranslations and setLocale update the document without touching storage contracts (0.6174ms)
gateway-web	Run pnpm test	2026-10-06T04:50:16.2061573Z ✔ translation fills placeholders and time formatting follows the locale (29.3552ms)
gateway-web	Run pnpm test	2026-10-06T04:50:16.2062300Z ✔ Web Settings language switch, persistence and protocol stability (real browser) (4940.6979ms)
gateway-web	Run pnpm test	2026-10-06T04:50:16.2063012Z ✔ an invite names the City it belongs to, which is the whole point of the form (1.5124ms)
gateway-web	Run pnpm test	2026-10-06T04:50:16.2063680Z ✔ a bare credential is NOT an invite - it cannot say which City it belongs to (0.2003ms)
gateway-web	Run pnpm test	2026-10-06T04:50:16.2064197Z ✔ junk does not throw, it returns null (1.2041ms)
gateway-web	Run pnpm test	2026-10-06T04:50:16.2064696Z ✔ an invite without a host is refused rather than half-understood (0.2368ms)
gateway-web	Run pnpm test	2026-10-06T04:50:16.2065427Z ✔ trailing slashes and origins compare cleanly (0.5649ms)
gateway-web	Run pnpm test	2026-10-06T04:50:16.2065943Z ✔ the invite survives a round trip through a URL fragment (0.3724ms)
gateway-web	Run pnpm test	2026-10-06T04:50:16.2066648Z ✔ REGRESSION: a PARSED invite handed back in must still resolve, not become "[object Object]" (0.2269ms)
gateway-web	Run pnpm test	2026-10-06T04:50:16.2067607Z ✔ UXI-301: the adapter table agrees with the contract EXACTLY, in both directions (2.6516ms)
gateway-web	Run pnpm test	2026-10-06T04:50:16.2068369Z ✔ UXI-301: severity cannot contradict the contract class where the class carries meaning (0.5667ms)
gateway-web	Run pnpm test	2026-10-06T04:50:16.2069026Z ✔ UXI-301: every referenced key exists in BOTH locale packs (1.9007ms)
gateway-web	Run pnpm test	2026-10-06T04:50:16.2069636Z ✔ UXI-301: every state and every action renders real copy, not a fallback key (1.1071ms)
gateway-web	Run pnpm test	2026-10-06T04:50:16.2070318Z ✔ UXI-301: zh-CN renders different copy from en, so the locale is really applied (0.4349ms)
gateway-web	Run pnpm test	2026-10-06T04:50:16.2070981Z ✔ UXI-301: a non-permitted provider is never selectable or interactive (0.4915ms)
gateway-web	Run pnpm test	2026-10-06T04:50:16.2071672Z ✔ UXI-301: the adapter forces unselectable even when the DTO LIES about selectable (0.2614ms)
gateway-web	Run pnpm test	2026-10-06T04:50:16.2072358Z ✔ UXI-301: NO raw scheduler vocabulary leaks into the default view model (1.1073ms)
gateway-web	Run pnpm test	2026-10-06T04:50:16.2073018Z ✔ UXI-301: the leak rule survives every provider term the contract can produce (0.8767ms)
gateway-web	Run pnpm test	2026-10-06T04:50:16.2073748Z ✔ UXI-301: raw vocabulary IS reachable, but only through the explicit advanced block (0.6834ms)
gateway-web	Run pnpm test	2026-10-06T04:50:16.2074460Z ✔ UXI-301: the adapter never fabricates success and never claims to have chosen (0.3709ms)
gateway-web	Run pnpm test	2026-10-06T04:50:16.2075108Z ✔ UXI-301: an unknown state or term THROWS rather than rendering blank (0.8219ms)
gateway-web	Run pnpm test	2026-10-06T04:50:16.2075848Z ✔ UXI-301: the adapter does not recompute selection - it reports the contract decision unchanged (0.2515ms)
gateway-web	Run pnpm test	2026-10-06T04:50:16.2076610Z ✔ UXI-301: the view model is frozen, so a renderer cannot mutate presentation truth (0.2179ms)
gateway-web	Run pnpm test	2026-10-06T04:50:16.2077271Z ✔ UXI-301: real registry vocabulary flows end to end into user language (0.1987ms)
gateway-web	Run pnpm test	2026-10-06T04:50:16.2077878Z ✔ UXI-301 panel: a state renders in user language, not as a token (5.2159ms)
gateway-web	Run pnpm test	2026-10-06T04:50:16.2078489Z ✔ UXI-301 panel: NO raw scheduler vocabulary appears in the default HTML (2.3689ms)
gateway-web	Run pnpm test	2026-10-06T04:50:16.2079210Z ✔ UXI-301 panel: an unavailable provider is visible with its reason and is NOT a control (0.919ms)
gateway-web	Run pnpm test	2026-10-06T04:50:16.2080162Z ✔ UXI-301 panel: a submitting action carries its token for wiring and its LABEL in user language (1.0526ms)
gateway-web	Run pnpm test	2026-10-06T04:50:16.2080973Z ✔ UXI-301 panel: the provider choice lives on the ROW and names a candidate the feed offered (1.1887ms)
gateway-web	Run pnpm test	2026-10-06T04:50:16.2081699Z ✔ UXI-301 panel: with nothing available to switch to, the instruction says so (0.5789ms)
gateway-web	Run pnpm test	2026-10-06T04:50:16.2082347Z ✔ UXI-301 panel: a decision is asked for only when the feed requires one (0.9241ms)
gateway-web	Run pnpm test	2026-10-06T04:50:16.2083048Z ✔ UXI-301 panel: technical detail appears ONLY behind the explicit Advanced disclosure (0.6671ms)
gateway-web	Run pnpm test	2026-10-06T04:50:16.2083743Z ✔ UXI-301 panel: an unreported feed never looks like a healthy or idle one (0.8248ms)
gateway-web	Run pnpm test	2026-10-06T04:50:16.2084354Z ✔ UXI-301 panel: all text is escaped, including ids from the feed (0.5787ms)
gateway-web	Run pnpm test	2026-10-06T04:50:16.2084902Z ✔ UXI-301 panel: the panel renders in zh-CN as well as en (0.731ms)
gateway-web	Run pnpm test	2026-10-06T04:50:16.2086373Z ✔ UXI-301 panel: every copy key the panel uses exists in both locale packs (2.822ms)
gateway-web	Run pnpm test	2026-10-06T04:50:16.2087397Z ✔ Windows history loads detail explicitly, retains it across snapshots and fences late selections (6242.3285ms)
gateway-web	Run pnpm test	2026-10-06T04:50:16.2088278Z ✖ Windows Services invokes real document, knowledge, skill, evidence and theme adapters (16111.4274ms)
gateway-web	Run pnpm test	2026-10-06T04:50:16.2088994Z ✔ renderTerminal returns the terminal controller, not a boolean (2.1881ms)
gateway-web	Run pnpm test	2026-10-06T04:50:16.2089611Z ✔ every terminal page renders, and the page actually follows the shell (1.6054ms)
gateway-web	Run pnpm test	2026-10-06T04:50:16.2090213Z ✔ the Ask / Do page does not duplicate any id owned by the shell (1.3651ms)
gateway-web	Run pnpm test	2026-10-06T04:50:16.2090738Z ✔ no id is duplicated anywhere in the shell document (0.2681ms)
gateway-web	Run pnpm test	2026-10-06T04:50:16.2091328Z ✔ the terminal module never attaches a second submit path to the shell bar (0.5334ms)
gateway-web	Run pnpm test	2026-10-06T04:50:16.2091945Z ✔ the shell bar is a real form so Enter submits it once, natively (0.2718ms)
gateway-web	Run pnpm test	2026-10-06T04:51:06.7704312Z ✔ Web Devices and ephemeral pairing share the authoritative Gateway (75455.9315ms)
gateway-web	Run pnpm test	2026-10-06T04:51:18.1698705Z ✔ Web freshness, device detail, node offline and pairing expiry (11399.5875ms)
gateway-web	Run pnpm test	2026-10-06T04:51:58.5811871Z ✔ Web control creates a real task and shows durable result (107303.7573ms)
gateway-web	Run pnpm test	2026-10-06T04:51:58.6124338Z ℹ tests 1378
gateway-web	Run pnpm test	2026-10-06T04:51:58.6124812Z ℹ suites 0
gateway-web	Run pnpm test	2026-10-06T04:51:58.6125178Z ℹ pass 1377
gateway-web	Run pnpm test	2026-10-06T04:51:58.6125519Z ℹ fail 1
gateway-web	Run pnpm test	2026-10-06T04:51:58.6125821Z ℹ cancelled 0
gateway-web	Run pnpm test	2026-10-06T04:51:58.6126155Z ℹ skipped 0
gateway-web	Run pnpm test	2026-10-06T04:51:58.6126468Z ℹ todo 0
gateway-web	Run pnpm test	2026-10-06T04:51:58.6126822Z ℹ duration_ms 306237.4363
gateway-web	Run pnpm test	2026-10-06T04:51:58.6135426Z 
gateway-web	Run pnpm test	2026-10-06T04:51:58.6135839Z ✖ failing tests:
gateway-web	Run pnpm test	2026-10-06T04:51:58.6136089Z 
gateway-web	Run pnpm test	2026-10-06T04:51:58.6136389Z test at tests\web-services.test.mjs:39:1
gateway-web	Run pnpm test	2026-10-06T04:51:58.6137633Z ✖ Windows Services invokes real document, knowledge, skill, evidence and theme adapters (16111.4274ms)
gateway-web	Run pnpm test	2026-10-06T04:51:58.6139400Z   AssertionError [ERR_ASSERTION]: late result stays in shared history, not a different view
gateway-web	Run pnpm test	2026-10-06T04:51:58.6140284Z   
gateway-web	Run pnpm test	2026-10-06T04:51:58.6140596Z   'RUNNING' !== ''
gateway-web	Run pnpm test	2026-10-06T04:51:58.6140921Z   
gateway-web	Run pnpm test	2026-10-06T04:51:58.6141597Z       at TestContext.<anonymous> (file:///D:/a/utopia/utopia/tests/web-services.test.mjs:62:10)
gateway-web	Run pnpm test	2026-10-06T04:51:58.6142606Z       at async Test.run (node:internal/test_runner/test:1409:7)
gateway-web	Run pnpm test	2026-10-06T04:51:58.6143520Z       at async Test.processPendingSubtests (node:internal/test_runner/test:974:7) {
gateway-web	Run pnpm test	2026-10-06T04:51:58.6144316Z     generatedMessage: false,
gateway-web	Run pnpm test	2026-10-06T04:51:58.6144768Z     code: 'ERR_ASSERTION',
gateway-web	Run pnpm test	2026-10-06T04:51:58.6145166Z     actual: 'RUNNING',
gateway-web	Run pnpm test	2026-10-06T04:51:58.6145527Z     expected: '',
gateway-web	Run pnpm test	2026-10-06T04:51:58.6145877Z     operator: 'strictEqual',
gateway-web	Run pnpm test	2026-10-06T04:51:58.6146273Z     diff: 'simple'
gateway-web	Run pnpm test	2026-10-06T04:51:58.6146585Z   }
gateway-web	Run pnpm test	2026-10-06T04:51:58.6593108Z [ELIFECYCLE] Test failed. See above for more details.
gateway-web	Run pnpm test	2026-10-06T04:51:58.7772302Z ##[error]Process completed with exit code 1.
