gateway-web	Run pnpm test	﻿2026-10-06T04:54:47.1032049Z ##[group]Run pnpm test
gateway-web	Run pnpm test	2026-10-06T04:54:47.1032371Z ^[[36;1mpnpm test^[[0m
gateway-web	Run pnpm test	2026-10-06T04:54:47.1102459Z shell: C:\Program Files\PowerShell\7\pwsh.EXE -command ". '{0}'"
gateway-web	Run pnpm test	2026-10-06T04:54:47.1102818Z env:
gateway-web	Run pnpm test	2026-10-06T04:54:47.1103086Z   PNPM_HOME: C:\Users\runneradmin\setup-pnpm\node_modules\.bin
gateway-web	Run pnpm test	2026-10-06T04:54:47.1103429Z ##[endgroup]
gateway-web	Run pnpm test	2026-10-06T04:54:47.9424334Z $ node --test tests/*.test.mjs
gateway-web	Run pnpm test	2026-10-06T04:54:48.1650026Z ✔ UXI-301 android: the Kotlin term table equals the contract EXACTLY, in both directions (8.6665ms)
gateway-web	Run pnpm test	2026-10-06T04:54:48.1652287Z ✔ UXI-301 android: the Kotlin state and action tables equal the contract (0.4709ms)
gateway-web	Run pnpm test	2026-10-06T04:54:48.1654216Z ✔ UXI-301 android: Kotlin severity agrees with the contract class wherever the class carries meaning (0.3678ms)
gateway-web	Run pnpm test	2026-10-06T04:54:48.1663500Z ✔ UXI-301 android: the parity guard would actually fail on drift (0.2938ms)
gateway-web	Run pnpm test	2026-10-06T04:54:48.1664856Z ✔ UXI-390: Android action wiring equals the web surface wiring map (0.773ms)
gateway-web	Run pnpm test	2026-10-06T04:54:48.1824251Z ✔ Android UI evidence parser preserves single-quoted JSON and double-quoted attributes (2.2932ms)
gateway-web	Run pnpm test	2026-10-06T04:54:48.2049862Z ✔ a committed record from one embodiment is visible to another embodiment of the same assistant (5.3332ms)
gateway-web	Run pnpm test	2026-10-06T04:54:48.2057343Z ✔ two embodiments keep different local context while sharing one authoritative identity (1.7111ms)
gateway-web	Run pnpm test	2026-10-06T04:54:48.2063710Z ✔ disconnecting one embodiment does not terminate the assistant while another remains (0.6636ms)
gateway-web	Run pnpm test	2026-10-06T04:54:48.2090089Z ✔ embodiment-local transient state never leaks into shared state unless promoted (1.7706ms)
gateway-web	Run pnpm test	2026-10-06T04:54:48.2100695Z ✔ concurrent promotion attempts are settled by revision checks, not last-writer-wins (0.8711ms)
gateway-web	Run pnpm test	2026-10-06T04:54:48.2103980Z ✔ promotion is idempotent and rejects key reuse with a different payload (0.5674ms)
gateway-web	Run pnpm test	2026-10-06T04:54:48.2127435Z ✔ authoritative state never holds user identity, authority or raw secrets (0.9072ms)
gateway-web	Run pnpm test	2026-10-06T04:54:48.2138606Z ✔ disclosure is limited by audience and requested scopes (1.0501ms)
gateway-web	Run pnpm test	2026-10-06T04:54:48.2141874Z ✔ recovery keeps the logical assistant and its durable records across a restart (1.1593ms)
gateway-web	Run pnpm test	2026-10-06T04:54:48.2147083Z ✔ a process restart refuses old sessions and stale local scratch as authority (1.473ms)
gateway-web	Run pnpm test	2026-10-06T04:54:48.2152104Z ✔ in-process recovery expires live sessions until the device re-fetches authority (1.1922ms)
gateway-web	Run pnpm test	2026-10-06T04:54:48.2154403Z ✔ one expired embodiment does not disturb the other embodiments of the same assistant (1.9978ms)
gateway-web	Run pnpm test	2026-10-06T04:54:48.2155933Z ✔ the assistant profile port is a versioned seam with a deterministic double (0.7582ms)
gateway-web	Run pnpm test	2026-10-06T04:54:48.2157825Z ✔ core contract flags state the one-identity-many-projections invariant (0.3778ms)
gateway-web	Run pnpm test	2026-10-06T04:54:48.2160132Z ✔ authority and user-identity state cannot be promoted under a different spelling (0.802ms)
gateway-web	Run pnpm test	2026-10-06T04:54:48.2175186Z ✔ a raw secret cannot be promoted under a plural or camelCase spelling (0.4277ms)
gateway-web	Run pnpm test	2026-10-06T04:54:48.2184235Z ✔ an embodiment reference from a previous epoch never names a live embodiment (2.619ms)
gateway-web	Run pnpm test	2026-10-06T04:54:48.2198649Z ✔ a tampered snapshot cannot install authority, a secret, an unpromotable scope or an unknown audience as truth (1.8026ms)
gateway-web	Run pnpm test	2026-10-06T04:54:48.2200446Z ✔ a retry carrying a different payload is refused, not silently replayed (0.4993ms)
gateway-web	Run pnpm test	2026-10-06T04:54:48.3012122Z ✔ two assistants hold different duties and proactivity over one authorized user context (6.8066ms)
gateway-web	Run pnpm test	2026-10-06T04:54:48.3027341Z ✔ out-of-duty requests are refused or delegated without changing permissions (1.2308ms)
gateway-web	Run pnpm test	2026-10-06T04:54:48.3042648Z ✔ effective permission is the four-axis intersection and a lease never substitutes for it (2.6179ms)
gateway-web	Run pnpm test	2026-10-06T04:54:48.3044540Z ✔ a handoff to a less-privileged assistant stays less privileged (1.0199ms)
gateway-web	Run pnpm test	2026-10-06T04:54:48.3083787Z ✔ permission is recomputed after handoff, device change, reconnect and capability change (1.6715ms)
gateway-web	Run pnpm test	2026-10-06T04:54:48.3085341Z ✔ proactivity levels bound initiative and notification audiences (1.2459ms)
gateway-web	Run pnpm test	2026-10-06T04:54:48.3140876Z ✔ the policy engine is strict, frozen, observable and independent (1.9333ms)
gateway-web	Run pnpm test	2026-10-06T04:54:48.3142505Z ✔ the deployment policy is validated and its ceiling cannot be removed (0.782ms)
gateway-web	Run pnpm test	2026-10-06T04:54:48.3143906Z ✔ the confirmation floor comes from the deployment policy, not from the assistant (0.9665ms)
gateway-web	Run pnpm test	2026-10-06T04:54:48.3145247Z ✔ notification audiences are a list of references, not a substring match (0.8244ms)
gateway-web	Run pnpm test	2026-10-06T04:54:48.3146433Z ✔ a handoff payload cannot carry authority whatever its shape (1.6547ms)
gateway-web	Run pnpm test	2026-10-06T04:54:48.3149593Z ✔ the assistant axis is the registry own duty policy and the Core axes say so (0.738ms)
gateway-web	Run pnpm test	2026-10-06T04:54:48.3150910Z ✔ an uninterpretable instant is refused rather than recorded (1.0649ms)
gateway-web	Run pnpm test	2026-10-06T04:54:48.3152538Z ✔ the duty gate is about the action, and a named duty only narrows it (0.5662ms)
gateway-web	Run pnpm test	2026-10-06T04:54:48.3165530Z ✔ a handoff carries the capability factor and reports relative privilege honestly (0.6833ms)
gateway-web	Run pnpm test	2026-10-06T04:54:48.3172310Z ✔ a lease must be unexpired and held here to count as execution safety (0.6485ms)
gateway-web	Run pnpm test	2026-10-06T04:54:48.3184135Z ✔ a recomputation supersedes the decisions it replaces, and ids are registry scoped (0.6172ms)
gateway-web	Run pnpm test	2026-10-06T04:54:48.3343010Z ✔ embodiment events are the canonical Assistant model and transport stays non-canonical (5.4583ms)
gateway-web	Run pnpm test	2026-10-06T04:54:48.3345022Z ✔ contradictory commands from two devices cannot produce two exclusive side effects (3.3221ms)
gateway-web	Run pnpm test	2026-10-06T04:54:48.3348673Z ✔ retries and replays with the same action key never duplicate the external side effect (1.215ms)
gateway-web	Run pnpm test	2026-10-06T04:54:48.3350821Z ✔ lease expiry, revocation and reassignment are authoritative and observable (2.4454ms)
gateway-web	Run pnpm test	2026-10-06T04:54:48.3352258Z ✔ after a disconnect nothing resumes on a stale local lease (2.6013ms)
gateway-web	Run pnpm test	2026-10-06T04:54:48.3354007Z ✔ output routing respects availability, foreground and privacy without broadcasting (1.3982ms)
gateway-web	Run pnpm test	2026-10-06T04:54:48.3355628Z ✔ the bus is strict, frozen and free of ambient state (0.8649ms)
gateway-web	Run pnpm test	2026-10-06T04:54:48.3356730Z ✔ the canonical contract allow-list is decided by own keys (0.4806ms)
gateway-web	Run pnpm test	2026-10-06T04:54:48.3358496Z ✔ a caller instant must be real, not merely well shaped (0.7844ms)
gateway-web	Run pnpm test	2026-10-06T04:54:48.3359798Z ✔ the bus policy bounds are validated rather than trusted (0.7304ms)
gateway-web	Run pnpm test	2026-10-06T04:54:48.3361190Z ✔ a reconnecting device never revives a lease another holder has taken over (0.8979ms)
gateway-web	Run pnpm test	2026-10-06T04:54:48.3364530Z ✔ an action key stays the same action across renewal and reassignment (0.6214ms)
gateway-web	Run pnpm test	2026-10-06T04:54:48.3368665Z ✔ renewal retires the previous lease reference instead of aliasing it (0.6429ms)
gateway-web	Run pnpm test	2026-10-06T04:54:48.3373367Z ✔ authority is never anonymous: acting on a lease needs the holder it names (0.7405ms)
gateway-web	Run pnpm test	2026-10-06T04:54:48.3377884Z ✔ an expired lease cannot be revived with a backdated instant (0.9492ms)
gateway-web	Run pnpm test	2026-10-06T04:54:48.3379809Z ✔ reconciliation requires an authoritative lease inventory (0.9419ms)
gateway-web	Run pnpm test	2026-10-06T04:54:48.3405615Z ✔ routing never delivers to a device the bus knows is disconnected (0.4167ms)
gateway-web	Run pnpm test	2026-10-06T04:54:48.3410562Z ✔ staleness and replay absorption do not depend on an optional command reference (0.7251ms)
gateway-web	Run pnpm test	2026-10-06T04:54:48.3412704Z ✔ a refused reconciliation grants no authority (0.8496ms)
gateway-web	Run pnpm test	2026-10-06T04:54:48.3414193Z ✔ the canonical event carries the declared identity and transport correlation (0.5534ms)
gateway-web	Run pnpm test	2026-10-06T04:54:48.3416447Z ✔ an envelope field is validated and used exactly once (0.452ms)
gateway-web	Run pnpm test	2026-10-06T04:54:48.3417829Z ✔ exclusivity is a boolean grant, not a truthy flag (0.7045ms)
gateway-web	Run pnpm test	2026-10-06T04:54:48.3419182Z ✔ an instant helper that guards decisions is not shape-only (0.1786ms)
gateway-web	Run pnpm test	2026-10-06T04:54:48.3977778Z ✔ an embodiment descriptor references Remote Fabric identity and never mints its own (6.8505ms)
gateway-web	Run pnpm test	2026-10-06T04:54:48.4005863Z ✔ a device without cross-device identity is representable, and says so (0.8065ms)
gateway-web	Run pnpm test	2026-10-06T04:54:48.4008015Z ✔ descriptor vocabularies are closed and unknown values are refused (1.2631ms)
gateway-web	Run pnpm test	2026-10-06T04:54:48.4017718Z ✔ one logical assistant inhabits PC and Android at the same time (1.7433ms)
gateway-web	Run pnpm test	2026-10-06T04:54:48.4023703Z ✔ a device refuses a second simultaneous foreground assistant (2.4276ms)
gateway-web	Run pnpm test	2026-10-06T04:54:48.4027536Z ✔ detaching the foreground assistant releases the binding (0.4184ms)
gateway-web	Run pnpm test	2026-10-06T04:54:48.4029991Z ✔ foreground A->B switches cleanly and releases the outgoing local context (1.548ms)
gateway-web	Run pnpm test	2026-10-06T04:54:48.4055113Z ✔ a stale foreground view cannot take the device over (1.0055ms)
gateway-web	Run pnpm test	2026-10-06T04:54:48.4078586Z ✔ a foreground switch leaves an unrelated background task owned, executing and uncancelled (14.9449ms)
gateway-web	Run pnpm test	2026-10-06T04:54:48.4083152Z ✔ device-local context stays per-device and never becomes authoritative (1.0341ms)
gateway-web	Run pnpm test	2026-10-06T04:54:48.4087245Z ✔ binding reconstructs from authoritative state after a restart (2.385ms)
gateway-web	Run pnpm test	2026-10-06T04:54:48.4090706Z ✔ a reconnecting device is refused when its local belief disagrees with authority (1.5576ms)
gateway-web	Run pnpm test	2026-10-06T04:54:48.4095418Z ✔ one assistant on many devices keeps each device independent (0.7605ms)
gateway-web	Run pnpm test	2026-10-06T04:54:48.4097262Z ✔ duplicate device identity and unknown embodiments are refused (1.6215ms)
gateway-web	Run pnpm test	2026-10-06T04:54:48.4100040Z ✔ undeclared keys inherited from Object.prototype are refused, and a prototype key never is a descriptor field (0.9553ms)
gateway-web	Run pnpm test	2026-10-06T04:54:48.4106131Z ✔ a competing physical-device identity is refused in every spelling (2.2242ms)
gateway-web	Run pnpm test	2026-10-06T04:54:48.4107810Z ✔ a foreground binding reference is never re-issued across a restart (3.7094ms)
gateway-web	Run pnpm test	2026-10-06T04:54:48.4111138Z ✔ a physical device cannot be claimed twice, including by refreshing an unidentified embodiment (0.6773ms)
gateway-web	Run pnpm test	2026-10-06T04:54:48.4113586Z ✔ the single-foreground invariant is derived from physical device identity (0.6919ms)
gateway-web	Run pnpm test	2026-10-06T04:54:48.4116186Z ✔ a restored binding keeps its recovery provenance on every later read (0.7096ms)
gateway-web	Run pnpm test	2026-10-06T04:54:48.4117928Z ✔ the foreground compare-and-set token is the binding reference, not the assistant (0.471ms)
gateway-web	Run pnpm test	2026-10-06T04:54:48.4129825Z ✔ re-attaching with a different session is a session change, not an idempotent repeat (0.3423ms)
gateway-web	Run pnpm test	2026-10-06T04:54:48.4693007Z ✔ switching the foreground assistant touches no task (3.5538ms)
gateway-web	Run pnpm test	2026-10-06T04:54:48.4700522Z ✔ a handoff carries responsibility and never authority (3.0529ms)
gateway-web	Run pnpm test	2026-10-06T04:54:48.4710544Z ✔ a true transfer needs acceptance and leaves exactly one authoritative owner (3.1254ms)
gateway-web	Run pnpm test	2026-10-06T04:54:48.4712187Z ✔ an explicit executor move is carried by the handoff and recorded separately (0.884ms)
gateway-web	Run pnpm test	2026-10-06T04:54:48.4718623Z ✔ a rejected or expired handoff leaves the authoritative owner unchanged (1.2337ms)
gateway-web	Run pnpm test	2026-10-06T04:54:48.4724445Z ✔ a consultation transfers nothing even when accepted (0.5781ms)
gateway-web	Run pnpm test	2026-10-06T04:54:48.4730458Z ✔ the handoff package is strict, idempotent and refuses terminal or foreign tasks (2.4709ms)
gateway-web	Run pnpm test	2026-10-06T04:54:48.4735057Z ✔ unknown fields are refused even when named after Object.prototype members (1.2318ms)
gateway-web	Run pnpm test	2026-10-06T04:54:48.4739530Z ✔ a non-enumerable own authority field cannot evade the authority scan (4.3669ms)
gateway-web	Run pnpm test	2026-10-06T04:54:48.4750001Z ✔ a stale concurrent handoff cannot take ownership from a new owner (2.1209ms)
gateway-web	Run pnpm test	2026-10-06T04:54:48.4754787Z ✔ recipient authority is recomputed at takeover, not reused from proposal time (0.7553ms)
gateway-web	Run pnpm test	2026-10-06T04:54:48.4758480Z ✔ a policy lookup is own-key only, never through the prototype chain (1.0178ms)
gateway-web	Run pnpm test	2026-10-06T04:54:48.4760303Z ✔ a re-proposal under a live id is only a duplicate when it says the same thing (1.0918ms)
gateway-web	Run pnpm test	2026-10-06T04:54:48.4763075Z ✔ transition timestamps must be real instants at or after the proposal (0.7346ms)
gateway-web	Run pnpm test	2026-10-06T04:54:48.4768519Z ✔ a cyclic or over-deep handoff is refused, never a stack overflow (0.9816ms)
gateway-web	Run pnpm test	2026-10-06T04:54:48.4771477Z ✔ a calendar-impossible instant is refused, not merely shape-checked (0.3025ms)
gateway-web	Run pnpm test	2026-10-06T04:54:48.4772758Z ✔ the switch report does not invent the outgoing assistant's presence (0.2243ms)
gateway-web	Run pnpm test	2026-10-06T04:54:48.4777010Z ✔ a refusal that cannot be explained is not half-applied (0.8071ms)
gateway-web	Run pnpm test	2026-10-06T04:54:48.4779920Z ✔ a transfer must declare the capabilities the recipient is judged against (0.7067ms)
gateway-web	Run pnpm test	2026-10-06T04:54:48.4781410Z ✔ the task store double does not leak or alias canonical state (0.3004ms)
gateway-web	Run pnpm test	2026-10-06T04:54:48.4786298Z ✔ a versioned task refuses a handoff built against another version (1.2468ms)
gateway-web	Run pnpm test	2026-10-06T04:54:48.4958097Z ✔ assistants are listed and selected, with the five identity roles kept distinct (7.0377ms)
gateway-web	Run pnpm test	2026-10-06T04:54:48.4959813Z ✔ profile changes propagate as committed shared state and never touch Digital-Me or tasks (3.2473ms)
gateway-web	Run pnpm test	2026-10-06T04:54:48.4961161Z ✔ foreground switching is a UI operation that transfers nothing (1.7197ms)
gateway-web	Run pnpm test	2026-10-06T04:54:48.4962783Z ✔ stale, offline and reconnecting embodiments are surfaced and never shown as authority (1.6362ms)
gateway-web	Run pnpm test	2026-10-06T04:54:48.4964323Z ✔ reserved voice/avatar adapters exist as adapters without being required now (1.5346ms)
gateway-web	Run pnpm test	2026-10-06T04:54:48.4966957Z ✔ the surface is strict, frozen and independent of ambient state (2.7064ms)
gateway-web	Run pnpm test	2026-10-06T04:54:48.4979880Z ✔ an editable field carries the kind of value its name promises (1.3821ms)
gateway-web	Run pnpm test	2026-10-06T04:54:48.4981138Z ✔ a change the surface cannot read is refused rather than dropped (0.7435ms)
gateway-web	Run pnpm test	2026-10-06T04:54:48.4984601Z ✔ the version guard is not switchable off by policy (0.7685ms)
gateway-web	Run pnpm test	2026-10-06T04:54:48.4985768Z ✔ re-registering a device never discards the binding the user chose (1.3177ms)
gateway-web	Run pnpm test	2026-10-06T04:54:48.5010444Z ✔ a task the surface cannot read is reported, not hidden (0.7793ms)
gateway-web	Run pnpm test	2026-10-06T04:54:48.5012438Z ✔ the committed-update cursor must be a version and the instants must be real (0.9991ms)
gateway-web	Run pnpm test	2026-10-06T04:54:48.5015634Z ✔ freshness needs a recent observation, not only a declared state (0.9947ms)
gateway-web	Run pnpm test	2026-10-06T04:54:48.5017777Z ✔ every projection of a device gives the same freshness answer (0.505ms)
gateway-web	Run pnpm test	2026-10-06T04:54:48.5019174Z ✔ a committed update carries the change, the previous values and the actor (0.8906ms)
gateway-web	Run pnpm test	2026-10-06T04:54:48.5020772Z ✔ a handoff or a provisional switch is never taken from a cached view (0.6995ms)
gateway-web	Run pnpm test	2026-10-06T04:54:48.5022182Z ✔ a task foreground flag is a boolean and its role reflects the data (0.5807ms)
gateway-web	Run pnpm test	2026-10-06T04:54:48.5026300Z ✔ an untypeable value is refused before anything is recorded (0.7341ms)
gateway-web	Run pnpm test	2026-10-06T04:54:48.5584165Z ✔ one authoritative task is shared by every embodiment — never duplicated per device (6.8667ms)
gateway-web	Run pnpm test	2026-10-06T04:54:48.5593043Z ✔ ownership is logical, execution is physical — sessions and devices are never the owner (5.383ms)
gateway-web	Run pnpm test	2026-10-06T04:54:48.5595689Z ✔ mutations are versioned and typed, and conflicting updates keep a causal audit trail (1.2777ms)
gateway-web	Run pnpm test	2026-10-06T04:54:48.5606247Z ✔ foreground switching never changes owner, coordinator or executor (0.9438ms)
gateway-web	Run pnpm test	2026-10-06T04:54:48.5617452Z ✔ ownership moves only through an explicit accepted handoff, and never restarts the executor (3.5788ms)
gateway-web	Run pnpm test	2026-10-06T04:54:48.5633118Z ✔ an exclusive side effect can never have two simultaneous valid executors (1.6067ms)
gateway-web	Run pnpm test	2026-10-06T04:54:48.5635311Z ✔ device release suspends the lease, never orphans a task and never moves ownership (2.097ms)
gateway-web	Run pnpm test	2026-10-06T04:54:48.5643879Z ✔ every contract surface is closed, frozen and free of ambient state (0.9662ms)
gateway-web	Run pnpm test	2026-10-06T04:54:48.5645174Z ✔ the canonical contract allow-list is decided by own keys (1.1518ms)
gateway-web	Run pnpm test	2026-10-06T04:54:48.5650322Z ✔ a hidden authority field in a handoff is found, and a cycle does not crash the scan (1.1898ms)
gateway-web	Run pnpm test	2026-10-06T04:54:48.5655691Z ✔ a caller instant must be real, not merely well shaped (0.8894ms)
gateway-web	Run pnpm test	2026-10-06T04:54:48.5671545Z ✔ a refused patch changes nothing (0.4182ms)
gateway-web	Run pnpm test	2026-10-06T04:54:48.5676000Z ✔ a released executor must revalidate its lease instead of re-issuing it (0.8688ms)
gateway-web	Run pnpm test	2026-10-06T04:54:48.5686446Z ✔ an exclusive side effect cannot complete without a lease (0.5804ms)
gateway-web	Run pnpm test	2026-10-06T04:54:48.5688144Z ✔ a refused foreground change leaves the binding untouched (0.5547ms)
gateway-web	Run pnpm test	2026-10-06T04:54:48.5691362Z ✔ a device release never rewrites a settled task, and a handoff checkpoint is text (1.6085ms)
gateway-web	Run pnpm test	2026-10-06T04:54:48.6003724Z ✔ Windows manufacturer payload prefixes locator with canonical UUID bytes (1.8582ms)
gateway-web	Run pnpm test	2026-10-06T04:54:48.6010434Z ✔ BLE locator contains exactly version IPv4 and big-endian port (2.3077ms)
gateway-web	Run pnpm test	2026-10-06T04:54:48.6011830Z ✔ non-Windows adapter reports software platform error rather than hardware evidence (1.6277ms)
gateway-web	Run pnpm test	2026-10-06T04:54:48.6628716Z ✔ a fresh profile is fully normalized, descriptive and authority-free (5.8475ms)
gateway-web	Run pnpm test	2026-10-06T04:54:48.6642663Z ✔ partially specified ports receive safe defaults (1.1841ms)
gateway-web	Run pnpm test	2026-10-06T04:54:48.6644620Z ✔ two assistant identities hold independent profiles and relationship modes at the same time (18.1361ms)
gateway-web	Run pnpm test	2026-10-06T04:54:48.6656531Z ✔ a relationship change on one assistant never leaks into another assistant or its bundle (1.136ms)
gateway-web	Run pnpm test	2026-10-06T04:54:48.6678301Z ✔ several assistant identities can be online at once and presence is idempotent (0.9751ms)
gateway-web	Run pnpm test	2026-10-06T04:54:48.6687947Z ✔ a duplicate assistant id is refused and leaves state untouched (0.6106ms)
gateway-web	Run pnpm test	2026-10-06T04:54:48.6691424Z ✔ minted assistant ids are stable, unique and honestly labelled (0.5949ms)
gateway-web	Run pnpm test	2026-10-06T04:54:48.6706608Z ✔ profiles reject embedded permission grants, execution leases and authority fields (1.137ms)
gateway-web	Run pnpm test	2026-10-06T04:54:48.6711096Z ✔ extension namespaces cannot smuggle Digital-Me or authority namespaces (2.3718ms)
gateway-web	Run pnpm test	2026-10-06T04:54:48.6713032Z ✔ schema version and port shape are validated instead of silently accepted (3.0022ms)
gateway-web	Run pnpm test	2026-10-06T04:54:48.6725792Z ✔ unknown future attributes migrate forward without losing data (3.1133ms)
gateway-web	Run pnpm test	2026-10-06T04:54:48.6734448Z ✔ a rejected write is a no-op and schema_version cannot be patched (1.8845ms)
gateway-web	Run pnpm test	2026-10-06T04:54:48.6740170Z ✔ a stale profile write is refused instead of silently overwriting (0.7266ms)
gateway-web	Run pnpm test	2026-10-06T04:54:48.6753427Z ✔ export and import restore durable assistant state after a simulated restart (1.8667ms)
gateway-web	Run pnpm test	2026-10-06T04:54:48.6757466Z ✔ replace import touches only the target assistant and bumps its revision (0.83ms)
gateway-web	Run pnpm test	2026-10-06T04:54:48.6762169Z ✔ import rejects Digital-Me data, authority fields and malformed bundles atomically (2.3885ms)
gateway-web	Run pnpm test	2026-10-06T04:54:48.6765316Z ✔ reset restores safe defaults for one assistant without touching the others (2.4103ms)
gateway-web	Run pnpm test	2026-10-06T04:54:48.6766761Z ✔ duty labels describe a role and never grant the corresponding action (1.2628ms)
gateway-web	Run pnpm test	2026-10-06T04:54:48.6774688Z ✔ the personalization surface never writes Digital-Me state (0.701ms)
gateway-web	Run pnpm test	2026-10-06T04:54:48.6782728Z ✔ identity lifecycle errors are typed and presence is cleaned up (1.7486ms)
gateway-web	Run pnpm test	2026-10-06T04:54:48.6805088Z ✔ applyProfilePatch merges one port level and replaces arrays (1.1114ms)
gateway-web	Run pnpm test	2026-10-06T04:54:48.6811261Z ✔ the published schema matches the runtime contract (0.7787ms)
gateway-web	Run pnpm test	2026-10-06T04:54:48.6825877Z ✔ a profile patch cannot rewrite a prototype or inject a hidden property (0.739ms)
gateway-web	Run pnpm test	2026-10-06T04:54:48.6848513Z ✔ the Zone patch path is closed to prototype injection and leaves state untouched (0.466ms)
gateway-web	Run pnpm test	2026-10-06T04:54:48.6851235Z ✔ a rejected patch leaves the stored profile byte-identical (0.6291ms)
gateway-web	Run pnpm test	2026-10-06T04:54:48.6878941Z ✔ inherited property names are not declared port fields (3.4504ms)
gateway-web	Run pnpm test	2026-10-06T04:54:48.6884993Z ✔ reserved keys are refused at every depth of a stored profile document (0.4324ms)
gateway-web	Run pnpm test	2026-10-06T04:54:48.6889399Z ✔ a bundle refuses a reserved key anywhere, including inside an extension value (0.6125ms)
gateway-web	Run pnpm test	2026-10-06T04:54:48.6891292Z ✔ a reserved key cannot be registered as a personalization port (0.4346ms)
gateway-web	Run pnpm test	2026-10-06T04:54:48.6894031Z ✔ the published schema states the reserved-prototype-key rule the runtime enforces (0.542ms)
gateway-web	Run pnpm test	2026-10-06T04:55:05.4351784Z ✔ document bytes flow through real readers and into temporary knowledge (16426.4605ms)
gateway-web	Run pnpm test	2026-10-06T04:55:05.4356086Z ✔ evidence review is deterministic and tampering never gets rehashed (6.709ms)
gateway-web	Run pnpm test	2026-10-06T04:55:05.4360934Z ✔ theme generation returns a reproducible PNG and validation (241.7429ms)
gateway-web	Run pnpm test	2026-10-06T04:55:05.4365620Z ✔ future promoted module stays pending and all five existing adapters still execute (33.1939ms)
gateway-web	Run pnpm test	2026-10-06T04:55:05.4368786Z ✔ malformed and oversized inputs have explicit refusals (27.7376ms)
gateway-web	Run pnpm test	2026-10-06T04:55:05.4592346Z ✔ dependency failure degrades the same descriptor used to gate invocations (503.8959ms)
gateway-web	Run pnpm test	2026-10-06T04:55:05.4593300Z ✔ capabilities use control auth, canonical results, typed refusal and durable history (1462.8097ms)
gateway-web	Run pnpm test	2026-10-06T04:55:05.4594172Z ✔ the per-capability degradation latch is owned by the migrated provider-resilience breaker (532.8148ms)
gateway-web	Run pnpm test	2026-10-06T04:55:23.8119151Z ✔ old SQLite results migrate without changing identity, digest or metadata, including restart (526.2464ms)
gateway-web	Run pnpm test	2026-10-06T04:55:23.8121225Z ✔ migration fails closed and rolls back earlier rows when legacy history is corrupt (388.9988ms)
gateway-web	Run pnpm test	2026-10-06T04:55:23.8123653Z ✔ 560 large legacy results keep 500 summaries and 50 details; new saves remain bounded (33948.5917ms)
gateway-web	Run pnpm test	2026-10-06T04:55:29.5419100Z ✔ city and list APIs send summaries only, enforce limits and retrieve individual details (5730.4133ms)
gateway-web	Run pnpm test	2026-10-06T04:55:51.9751585Z ✔ a long running invocation survives pruning and its completion remains readable (22433.5589ms)
gateway-web	Run pnpm test	2026-10-06T04:55:51.9913503Z ✔ qualified identities keep duplicate names independent and cannot replace missing dependencies (4.8141ms)
gateway-web	Run pnpm test	2026-10-06T04:55:51.9916419Z ✔ registry restricts mixed module lifecycle and exposes every dependency lifecycle (2.8491ms)
gateway-web	Run pnpm test	2026-10-06T04:55:51.9919102Z ✔ unbridged duplicate module names receive different qualified capability IDs (1.1496ms)
gateway-web	Run pnpm test	2026-10-06T04:55:51.9922037Z ✔ Theme advertises implemented generate and build operations and refuses validate (1.2096ms)
gateway-web	Run pnpm test	2026-10-06T04:55:51.9924254Z ✔ infrastructure modules are never advertised as capabilities (0.834ms)
gateway-web	Run pnpm test	2026-10-06T04:55:51.9926032Z ✔ CEX701 owner sees canonical clone findings and explicitly recovers unbound installation without deleting other devices (9858.2907ms)
gateway-web	Run pnpm test	2026-10-06T04:55:51.9928267Z ✔ CEX701 session sees only own installation and actionable owner guidance; rebind and cross-revoke stay forbidden (2866.1125ms)
gateway-web	Run pnpm test	2026-10-06T04:55:51.9930160Z ✔ CEX701 recovery selection and owner confirmation do not survive credential changes (3922.4839ms)
gateway-web	Run pnpm test	2026-10-06T04:55:51.9931923Z ✔ CEX702 ordinary Web choice records a single decline, hands off and returns actual result to same surface (4302.3796ms)
gateway-web	Run pnpm test	2026-10-06T04:55:51.9933745Z ✔ CEX702 strict target and no alternate have explicit canonical refusal without conflicting mutation (142.8409ms)
gateway-web	Run pnpm test	2026-10-06T04:55:51.9935502Z ✔ CEX702 backend rejects stale decisions and withdrawn/offline alternates using current City truth (49.4955ms)
gateway-web	Run pnpm test	2026-10-06T04:55:51.9937042Z ✔ CEX702 legacy decline does not authorize a stale explicit alternate replay (47.3359ms)
gateway-web	Run pnpm test	2026-10-06T04:55:51.9938533Z ✔ CEX703 fresh user opens live catalog without failed Ask and selection never executes (3060.3072ms)
gateway-web	Run pnpm test	2026-10-06T04:55:51.9940055Z ✔ CEX703 catalog action follows existing confirmation before any City task exists (4856.2942ms)
gateway-web	Run pnpm test	2026-10-06T04:55:51.9941608Z ✔ CEX703 uncertain selected-request retry preserves exact selection and idempotency key (3220.5574ms)
gateway-web	Run pnpm test	2026-10-06T04:55:51.9943286Z ✔ CEX704 guarded native generation keeps active session fixed and requires fresh terminal state (149.2824ms)
gateway-web	Run pnpm test	2026-10-06T04:55:51.9945149Z ✔ CEX705 canonical scoped management preserves rename/sharing/message/revoke authority and reconnect identity (246.1439ms)
gateway-web	Run pnpm test	2026-10-06T04:55:51.9947064Z ✔ each member sees itself first and all City devices by admission name, with real message receipt (6760.5981ms)
gateway-web	Run pnpm test	2026-10-06T04:55:51.9948719Z ✔ real joined devices retain names, appear beside the host and may register only their own worker (198.3545ms)
gateway-web	Run pnpm test	2026-10-06T04:55:51.9950516Z ✔ two members exchange messages with explicit receipt and sender identity cannot be forged (95.63ms)
gateway-web	Run pnpm test	2026-10-06T04:55:51.9952417Z ✔ member B actually computes a task from A; disabling sharing and revoke prevents further claims (226.7127ms)
gateway-web	Run pnpm test	2026-10-06T04:55:51.9954018Z ✔ new admission cannot take the host or an existing member identity, even with a valid short code (74.2235ms)
gateway-web	Run pnpm test	2026-10-06T04:55:51.9955636Z ✔ an active browser session refresh actually extends expiry while preserving its installation scope (53.4848ms)
gateway-web	Run pnpm test	2026-10-06T04:55:51.9957184Z ✔ local primary control surface can switch only its own computing resources (63.3492ms)
gateway-web	Run pnpm test	2026-10-06T04:55:51.9958722Z ✔ custom City name is canonical across snapshot, pairing, discovery descriptor and restart (139.223ms)
gateway-web	Run pnpm test	2026-10-06T04:55:51.9960281Z ✔ Settings changes the visible City name and keeps editing stable across snapshots (6267.5105ms)
gateway-web	Run pnpm test	2026-10-06T04:55:51.9961767Z ✔ Road rejects missing array elements instead of producing null serialized entries (3.5934ms)
gateway-web	Run pnpm test	2026-10-06T04:55:51.9963344Z ✔ Road preserves section order, deterministic IDs and explicit temporary unverified ownership (1.4859ms)
gateway-web	Run pnpm test	2026-10-06T04:55:51.9965199Z ✔ Road accepts empty documents and preserves empty heading and text without coercion (0.2748ms)
gateway-web	Run pnpm test	2026-10-06T04:55:51.9966730Z ✔ Road refuses malformed document boundaries and never accepts caller trust injection (0.6268ms)
gateway-web	Run pnpm test	2026-10-06T04:55:51.9968213Z ✔ Road output validation rejects permanence, trust escalation and reordered IDs (0.3688ms)
gateway-web	Run pnpm test	2026-10-06T04:55:51.9969662Z ✔ Bridge Road extraction preserves all six published document retrieval digests (658.7544ms)
gateway-web	Run pnpm test	2026-10-06T04:55:51.9971635Z ✔ scope: local, lan, remote and unknown are distinguished, and an address we hold is never called "nearby" (1.4433ms)
gateway-web	Run pnpm test	2026-10-06T04:55:51.9973077Z ✔ the list always contains this machine, and offers to use it (1.5821ms)
gateway-web	Run pnpm test	2026-10-06T04:55:51.9974291Z ✔ the list is NOT fixed at two: any number of PCs is listed, in one list (11.005ms)
gateway-web	Run pnpm test	2026-10-06T04:55:51.9975579Z ✔ each PC offers the actions that make sense for it, and none that do not (1.1778ms)
gateway-web	Run pnpm test	2026-10-06T04:55:51.9977204Z ✔ a remembered PC that discovery did NOT find is still listed, because that is when the address matters (0.6151ms)
gateway-web	Run pnpm test	2026-10-06T04:55:51.9978728Z ✔ discovery and memory overlap constantly, and a PC is never listed twice (0.3488ms)
gateway-web	Run pnpm test	2026-10-06T04:55:51.9980203Z ✔ the recommendation is attached to a row, so the list and the recommendation cannot disagree (0.3514ms)
gateway-web	Run pnpm test	2026-10-06T04:55:51.9981884Z ✔ a machine with no telemetry is marked as thin evidence rather than being scored as if it were measured (0.4067ms)
gateway-web	Run pnpm test	2026-10-06T04:55:51.9983531Z ✔ row count is bounded and the discarded overlap is stated rather than silently dropped (2.1321ms)
gateway-web	Run pnpm test	2026-10-06T04:55:51.9985179Z ✔ the fallback channels are DESCRIBED, not moved: the entry controls stay where the app renders them (1.4322ms)
gateway-web	Run pnpm test	2026-10-06T04:55:51.9986530Z ✔ rendering is escaped and carries its action as data (0.3984ms)
gateway-web	Run pnpm test	2026-10-06T04:55:51.9987636Z ✔ an empty world renders an honest sentence, not an empty list (0.1644ms)
gateway-web	Run pnpm test	2026-10-06T04:55:51.9989018Z ✔ capability summaries report only what was measured, and say unknown when nothing was (0.1828ms)
gateway-web	Run pnpm test	2026-10-06T04:55:51.9990910Z ✔ different assistants receive different authorized scopes from the same Digital-Me (5.6584ms)
gateway-web	Run pnpm test	2026-10-06T04:55:51.9992237Z ✔ a denied scope is a typed refusal with no partial leakage (0.5128ms)
gateway-web	Run pnpm test	2026-10-06T04:55:51.9993494Z ✔ assistant profile and relationship changes never change canonical records (0.6994ms)
gateway-web	Run pnpm test	2026-10-06T04:55:51.9994985Z ✔ a private fact is not surfaced through another audience without disclosure authorization (1.6131ms)
gateway-web	Run pnpm test	2026-10-06T04:55:51.9996411Z ✔ cross-assistant private memory is never visible to another assistant (0.4704ms)
gateway-web	Run pnpm test	2026-10-06T04:55:51.9997662Z ✔ least data by default, with values only when the purpose needs them (0.7585ms)
gateway-web	Run pnpm test	2026-10-06T04:55:51.9999148Z ✔ stale context is reported rather than served, and device-ephemeral context is never durable (0.8816ms)
gateway-web	Run pnpm test	2026-10-06T04:55:52.0000525Z ✔ every projection carries provenance, and the surface is strict (1.4378ms)
gateway-web	Run pnpm test	2026-10-06T04:55:52.0026867Z ✔ record fields named after Object.prototype members are refused (0.886ms)
gateway-web	Run pnpm test	2026-10-06T04:55:52.0028735Z ✔ a replayed or future-dated record is never served as current (0.929ms)
gateway-web	Run pnpm test	2026-10-06T04:55:52.0030005Z ✔ a policy grant is read from the policy itself, never from the prototype chain (3.16ms)
gateway-web	Run pnpm test	2026-10-06T04:55:52.0031170Z ✔ a SENSITIVE record is not released like an ordinary one (1.4384ms)
gateway-web	Run pnpm test	2026-10-06T04:55:52.0032601Z ✔ a cyclic or over-deep record is a typed refusal, not a stack overflow (0.822ms)
gateway-web	Run pnpm test	2026-10-06T04:55:52.0033564Z ✔ a calendar-impossible instant is refused, not merely shape-checked (0.738ms)
gateway-web	Run pnpm test	2026-10-06T04:55:52.0034153Z ✔ a record must be a bare own-property object (0.395ms)
gateway-web	Run pnpm test	2026-10-06T04:55:52.0034721Z ✔ assistant-private memory belongs to the assistant that owns it (0.8199ms)
gateway-web	Run pnpm test	2026-10-06T04:55:52.0035348Z ✔ the port hands out copies, and refuses two records under one id (0.7379ms)
gateway-web	Run pnpm test	2026-10-06T04:55:52.0036004Z ✔ a malformed record refuses the whole query before anything is assembled (0.6818ms)
gateway-web	Run pnpm test	2026-10-06T04:55:52.0036941Z ✔ the gateway does not read authority from a live policy object (0.4147ms)
gateway-web	Run pnpm test	2026-10-06T04:55:52.0037579Z ✔ values are released only for an explicit includeValues boolean (1.5727ms)
gateway-web	Run pnpm test	2026-10-06T04:55:52.0038297Z ✔ device-ephemeral context cannot smuggle durable or sensitive facts (1.3645ms)
gateway-web	Run pnpm test	2026-10-06T04:55:52.0039437Z ✔ one attention_id is one logical question however many projections it carries (3.9024ms)
gateway-web	Run pnpm test	2026-10-06T04:55:52.0040913Z ✔ the current interaction device always carries the actionable projection (1.3762ms)
gateway-web	Run pnpm test	2026-10-06T04:55:52.0042116Z ✔ only the configured 2-3 recent eligible devices receive auxiliary projections (0.7982ms)
gateway-web	Run pnpm test	2026-10-06T04:55:52.0043373Z ✔ recent devices are ranked by user interaction, never by uptime or heartbeat (10.7218ms)
gateway-web	Run pnpm test	2026-10-06T04:55:52.0044747Z ✔ the first valid acknowledgement closes the question globally and withdraws the rest (0.6977ms)
gateway-web	Run pnpm test	2026-10-06T04:55:52.0046129Z ✔ a response routes back to the originating connector whichever device answered (1.5564ms)
gateway-web	Run pnpm test	2026-10-06T04:55:52.0047510Z ✔ reconnect, refresh and repeated delivery never ring the same epoch twice (0.6531ms)
gateway-web	Run pnpm test	2026-10-06T04:55:52.0049844Z ✔ quiet, full-screen and protected use suppress sound but keep the notification (0.3972ms)
gateway-web	Run pnpm test	2026-10-06T04:55:52.0051196Z ✔ a non-blocking informational event is delivered visibly without ringing (1.409ms)
gateway-web	Run pnpm test	2026-10-06T04:55:52.0052296Z ✔ withdrawal closes a question, and the envelope is strict (1.0703ms)
gateway-web	Run pnpm test	2026-10-06T04:55:52.0053012Z ✔ attention fields named after Object.prototype members are refused (0.4487ms)
gateway-web	Run pnpm test	2026-10-06T04:55:52.0053677Z ✔ a "recent" device is bounded on both sides, and never duplicated (0.4048ms)
gateway-web	Run pnpm test	2026-10-06T04:55:52.0054281Z ✔ a different question under a live attention id is refused (0.4316ms)
gateway-web	Run pnpm test	2026-10-06T04:55:52.0054842Z ✔ a malformed instant cannot half-apply a transition (0.6114ms)
gateway-web	Run pnpm test	2026-10-06T04:55:52.0055297Z ✔ a response routes exactly once (0.4807ms)
gateway-web	Run pnpm test	2026-10-06T04:55:52.0055886Z ✔ a response that cannot be stored is refused before the routing is committed (0.4563ms)
gateway-web	Run pnpm test	2026-10-06T04:55:52.0056611Z ✔ canonical state holds handle references, never plaintext secrets (5.4693ms)
gateway-web	Run pnpm test	2026-10-06T04:55:52.0057281Z ✔ each auth mode maps to exactly one reference kind, and NONE needs no handle (1.6455ms)
gateway-web	Run pnpm test	2026-10-06T04:55:52.0057980Z ✔ secret values are absent from logs and errors even when the secure store fails (0.8284ms)
gateway-web	Run pnpm test	2026-10-06T04:55:52.0058726Z ✔ an expired session becomes EXPIRED/NEEDS_USER with a job-scoped AttentionEnvelope (1.0681ms)
gateway-web	Run pnpm test	2026-10-06T04:55:52.0059452Z ✔ restart restores permitted persistent session references, and only those (1.7148ms)
gateway-web	Run pnpm test	2026-10-06T04:55:52.0060164Z ✔ missing secure-store support degrades honestly with no plaintext fallback (0.9526ms)
gateway-web	Run pnpm test	2026-10-06T04:55:52.0060978Z ✔ legacy DeepSeek env discovery is consumable through the abstraction without becoming the schema (1.3113ms)
gateway-web	Run pnpm test	2026-10-06T04:55:52.0061726Z ✔ the profile contract is declarative, versioned and lifecycle-honest (2.1201ms)
gateway-web	Run pnpm test	2026-10-06T04:55:52.0062648Z ✔ a handle reference that is secret material never reaches canonical state (1.3027ms)
gateway-web	Run pnpm test	2026-10-06T04:55:52.0063256Z ✔ binding refuses an ambiguous secret-or-handle request (0.8791ms)
gateway-web	Run pnpm test	2026-10-06T04:55:52.0063840Z ✔ an uninterpretable instant is never fresh, READY or recorded (0.7262ms)
gateway-web	Run pnpm test	2026-10-06T04:55:52.0064421Z ✔ a user-action requirement is a boolean, not a truthy flag (0.7495ms)
gateway-web	Run pnpm test	2026-10-06T04:55:52.0064936Z ✔ canonical records are plain own-key objects (0.6324ms)
gateway-web	Run pnpm test	2026-10-06T04:55:52.0065476Z ✔ a cyclic caller value is refused instead of crashing the scan (0.9836ms)
gateway-web	Run pnpm test	2026-10-06T04:55:52.0066086Z ✔ restore validates a snapshot entry as strictly as a registration (0.7193ms)
gateway-web	Run pnpm test	2026-10-06T04:55:52.0066695Z ✔ revocation stays observable after the handle is cleared (0.3828ms)
gateway-web	Run pnpm test	2026-10-06T04:55:52.0067302Z ✔ a rotation revokes the handle it replaces instead of abandoning it (0.6416ms)
gateway-web	Run pnpm test	2026-10-06T04:55:52.0068165Z ✔ a well-shaped record may not carry a secret in a legitimate field (0.5744ms)
gateway-web	Run pnpm test	2026-10-06T04:55:52.0069999Z ✔ everything the scan calls a secret is redacted (0.9877ms)
gateway-web	Run pnpm test	2026-10-06T04:55:52.0070624Z ✔ a hidden own field on a snapshot entry is not copied into canonical state (0.5339ms)
gateway-web	Run pnpm test	2026-10-06T04:55:52.0071298Z ✔ legacy discovery never binds the key into a foreign default profile (0.4847ms)
gateway-web	Run pnpm test	2026-10-06T04:55:52.0071916Z ✔ a caller field is validated and stored as the same value (0.2939ms)
gateway-web	Run pnpm test	2026-10-06T04:55:52.0072534Z ✔ a refused restore installs nothing and never replaces a live profile (0.4903ms)
gateway-web	Run pnpm test	2026-10-06T04:55:52.0073119Z ✔ revoke reports whether the store released the secret (0.5526ms)
gateway-web	Run pnpm test	2026-10-06T04:55:52.0073641Z ✔ freshness cannot be rewound behind the layer clock (0.4263ms)
gateway-web	Run pnpm test	2026-10-06T04:55:52.0074214Z ✔ carrying a stale expiry over a new credential is observable (0.8364ms)
gateway-web	Run pnpm test	2026-10-06T04:55:52.0074869Z ✔ the SDK validates a definition and documents what an author must supply (3.6656ms)
gateway-web	Run pnpm test	2026-10-06T04:55:52.0075579Z ✔ a synthetic third connector passes the conformance harness without core edits (2.8333ms)
gateway-web	Run pnpm test	2026-10-06T04:55:52.0076401Z ✔ adapter exceptions, timeouts and malformed results are isolated to the faulting adapter (2.3223ms)
gateway-web	Run pnpm test	2026-10-06T04:55:52.0077211Z ✔ optional provider absence is a typed state that blocks nothing and fabricates nothing (1.4444ms)
gateway-web	Run pnpm test	2026-10-06T04:55:52.0078039Z ✔ Claude Code and WorkBuddy adapters use the SDK path, and acceptance needs real host evidence (1.3358ms)
gateway-web	Run pnpm test	2026-10-06T04:55:52.0078861Z ✔ adding an adapter alters neither the EngineeringManagerPort nor the scheduling core (0.475ms)
gateway-web	Run pnpm test	2026-10-06T04:55:52.0079526Z ✔ the SDK surface is strict, frozen and free of ambient state (1.0458ms)
gateway-web	Run pnpm test	2026-10-06T04:55:52.0080222Z ✔ a definition cannot be declared with mistyped policy fields or an impossible instant (0.4342ms)
gateway-web	Run pnpm test	2026-10-06T04:55:52.0081026Z ✔ a cyclic port result crosses the boundary as a frozen cycle, not as the adapter own object (0.3901ms)
gateway-web	Run pnpm test	2026-10-06T04:55:52.0081772Z ✔ a non-cloneable port result is a typed refusal instead of a live object (0.7094ms)
gateway-web	Run pnpm test	2026-10-06T04:55:52.0082551Z ✔ the harness does not certify a connector that silently accepts an unsupported capability (0.5642ms)
gateway-web	Run pnpm test	2026-10-06T04:55:52.0083345Z ✔ the harness does not certify a connector that silently accepts an unsupported control (0.4191ms)
gateway-web	Run pnpm test	2026-10-06T04:55:52.0084165Z ✔ an enabled adapter whose product is not installed is not usable, not selected and not accepted (0.4095ms)
gateway-web	Run pnpm test	2026-10-06T04:55:52.0084949Z ✔ only a faulted adapter can be cleared, and the fault record survives the clearing (0.6246ms)
gateway-web	Run pnpm test	2026-10-06T04:55:52.0085602Z ✔ re-declaring availability cannot revive a faulted adapter (0.4033ms)
gateway-web	Run pnpm test	2026-10-06T04:55:52.0086290Z ✔ the registry refuses an adapter the SDK did not wrap, so isolation cannot be bypassed (0.2447ms)
gateway-web	Run pnpm test	2026-10-06T04:55:52.0087044Z ✔ a caller-declared acceptance says so instead of implying the SDK verified a host (0.4277ms)
gateway-web	Run pnpm test	2026-10-06T04:55:52.0087727Z ✔ an error whose code getter throws is still an isolated, typed fault (0.3502ms)
gateway-web	Run pnpm test	2026-10-06T04:55:52.0089701Z ✔ the harness refuses a connector that reports a state outside the vocabulary (0.4624ms)
gateway-web	Run pnpm test	2026-10-06T04:55:52.0090444Z ✔ the harness refuses a declared capability the connector does not report (0.9442ms)
gateway-web	Run pnpm test	2026-10-06T04:55:52.0091788Z ✔ the harness proves the unsupported-control expectation instead of skipping it (0.4429ms)
gateway-web	Run pnpm test	2026-10-06T04:55:52.0093284Z ✔ a definition whose handlers are only inherited is refused, not claimed as satisfied (0.1527ms)
gateway-web	Run pnpm test	2026-10-06T04:55:52.0094743Z ✔ a definition stores the methods it validated, including non-enumerable ones (0.2474ms)
gateway-web	Run pnpm test	2026-10-06T04:55:52.0095483Z ✔ a non-conformant connector is given no core-edit certificate (0.342ms)
gateway-web	Run pnpm test	2026-10-06T04:55:52.0096185Z ✔ a runtime that throws is not evidence and does not break the acceptance summary (0.2579ms)
gateway-web	Run pnpm test	2026-10-06T04:55:52.0096929Z ✔ fault identities are unique across adapters of the same kind in one process (0.4002ms)
gateway-web	Run pnpm test	2026-10-06T04:55:52.0097650Z ✔ a connector manifest declares runtime, capabilities, needs and budgets (5.1829ms)
gateway-web	Run pnpm test	2026-10-06T04:55:52.0098589Z ✔ a connector manifest has no credential slot, and raw secrets are refused (0.5508ms)
gateway-web	Run pnpm test	2026-10-06T04:55:52.0099276Z ✔ policy decides permissions and an adapter can never grant itself one (0.8547ms)
gateway-web	Run pnpm test	2026-10-06T04:55:52.0099864Z ✔ undeclared capability or method calls are refused (0.8647ms)
gateway-web	Run pnpm test	2026-10-06T04:55:52.0100489Z ✔ the pipeline runs detect, select, adapt, validate, standardize and unify (0.9722ms)
gateway-web	Run pnpm test	2026-10-06T04:55:52.0101175Z ✔ one malformed connector cannot prevent another connector from loading (1.1079ms)
gateway-web	Run pnpm test	2026-10-06T04:55:52.0101926Z ✔ loading two synthetic connectors with different capabilities needs no core change (1.4033ms)
gateway-web	Run pnpm test	2026-10-06T04:55:52.0102646Z ✔ the runtime hosts two synthetic connectors with different capabilities (1.8562ms)
gateway-web	Run pnpm test	2026-10-06T04:55:52.0103365Z ✔ startup is bounded and a process that never becomes ready is stopped, not awaited (0.6453ms)
gateway-web	Run pnpm test	2026-10-06T04:55:52.0104090Z ✔ a failing spawn is data, and a failing invocation does not crash the runtime (1.4373ms)
gateway-web	Run pnpm test	2026-10-06T04:55:52.0104732Z ✔ heartbeat freshness is bounded by the manifest interval (0.8143ms)
gateway-web	Run pnpm test	2026-10-06T04:55:52.0105312Z ✔ restarts are bounded and exhaustion is a terminal safe mode (1.3257ms)
gateway-web	Run pnpm test	2026-10-06T04:55:52.0105908Z ✔ logs are bounded by the manifest and redactable by caller policy (1.1561ms)
gateway-web	Run pnpm test	2026-10-06T04:55:52.0106503Z ✔ runtime lifecycle is honest about state and unknown instances (0.8419ms)
gateway-web	Run pnpm test	2026-10-06T04:55:52.0107167Z ✔ undeclared keys inherited from Object.prototype are refused at every level (2.3365ms)
gateway-web	Run pnpm test	2026-10-06T04:55:52.0107848Z ✔ a secret-shaped name is refused in its plural and compound spellings (0.4002ms)
gateway-web	Run pnpm test	2026-10-06T04:55:52.0108796Z ✔ raw credential bytes are refused in any field, not only a secret-shaped one (0.9144ms)
gateway-web	Run pnpm test	2026-10-06T04:55:52.0109402Z ✔ a connector cannot forge the runtime kind it won (0.7608ms)
gateway-web	Run pnpm test	2026-10-06T04:55:52.0110164Z ✔ a nullish adapter cannot stop the other connectors from loading (1.5811ms)
gateway-web	Run pnpm test	2026-10-06T04:55:52.0110805Z ✔ a manifest carrying a reserved prototype key is refused at unify (0.3882ms)
gateway-web	Run pnpm test	2026-10-06T04:55:52.0111461Z ✔ heartbeat freshness is measured in one unit, whatever the clock returns (0.4112ms)
gateway-web	Run pnpm test	2026-10-06T04:55:52.0112097Z ✔ a heartbeat cannot resurrect a process that was killed (0.5458ms)
gateway-web	Run pnpm test	2026-10-06T04:55:52.0112740Z ✔ start persists the mediated intersection and bounds the spawn request (0.8343ms)
gateway-web	Run pnpm test	2026-10-06T04:55:52.0113430Z ✔ one adapter producing un-copyable output cannot stop the others loading (0.4962ms)
gateway-web	Run pnpm test	2026-10-06T04:55:52.0114049Z ✔ a connector entry reference is confined to its own root (0.5371ms)
gateway-web	Run pnpm test	2026-10-06T04:55:52.0114690Z ✔ one canonical job is observed by Web and Android without duplicate execution (6.8727ms)
gateway-web	Run pnpm test	2026-10-06T04:55:52.0115333Z ✔ the interaction device may differ from the execution device (0.6081ms)
gateway-web	Run pnpm test	2026-10-06T04:55:52.0116011Z ✔ remote fallback requires explicit approval and local allowed work stays local (1.1363ms)
gateway-web	Run pnpm test	2026-10-06T04:55:52.0116797Z ✔ attention comes from shared state and one acknowledgement reconciles every projection (1.882ms)
gateway-web	Run pnpm test	2026-10-06T04:55:52.0117651Z ✔ user-visible success comes only from a terminal accepted result (1.2036ms)
gateway-web	Run pnpm test	2026-10-06T04:55:52.0118656Z ✔ advanced provenance exposes identifiers without leaking secrets, and the surface is strict (2.3233ms)
gateway-web	Run pnpm test	2026-10-06T04:55:52.0119536Z ✔ the surface policy cannot be used to switch the canonical binding or the attention source off (0.5113ms)
gateway-web	Run pnpm test	2026-10-06T04:55:52.0120269Z ✔ an impossible instant is refused everywhere it could become evidence (0.5147ms)
gateway-web	Run pnpm test	2026-10-06T04:55:52.0120936Z ✔ a hidden, symbol-keyed or header-shaped secret is still secret material (0.8655ms)
gateway-web	Run pnpm test	2026-10-06T04:55:52.0121556Z ✔ a cancelled job is finished even though it carries no result (0.606ms)
gateway-web	Run pnpm test	2026-10-06T04:55:52.0122131Z ✔ control authority is bound to the job, not to whoever calls (0.6452ms)
gateway-web	Run pnpm test	2026-10-06T04:55:52.0122798Z ✔ a retry re-queues failed work only and never revives or duplicates execution (0.5437ms)
gateway-web	Run pnpm test	2026-10-06T04:55:52.0123784Z ✔ the first terminal result is the job truth and malformed artifacts are refused, not dropped (0.6303ms)
gateway-web	Run pnpm test	2026-10-06T04:55:52.0124470Z ✔ an attention-required backend is not rendered as success (0.5657ms)
gateway-web	Run pnpm test	2026-10-06T04:55:52.0125116Z ✔ the surface reports the execution device it was given and never invents one (0.4282ms)
gateway-web	Run pnpm test	2026-10-06T04:55:52.0125813Z ✔ owner and executor separation is about the owner and the executor connector (0.247ms)
gateway-web	Run pnpm test	2026-10-06T04:55:52.0126434Z ✔ canonical refs are unique across surfaces in one process (0.3356ms)
gateway-web	Run pnpm test	2026-10-06T04:55:52.0127711Z ✔ an attention acknowledgement records the subject it answers and the read views are frozen (0.652ms)
gateway-web	Run pnpm test	2026-10-06T04:55:52.0129192Z ✔ a finished job is not re-opened for attention and an answered question is not reset (1.14ms)
gateway-web	Run pnpm test	2026-10-06T04:55:52.0130775Z ✔ a blocking canonical question gates progress and resume (0.4412ms)
gateway-web	Run pnpm test	2026-10-06T04:55:52.0131857Z ✔ attention and approvals answer only to devices connected to the job (0.6042ms)
gateway-web	Run pnpm test	2026-10-06T04:55:52.0133094Z ✔ an object is not a provenance reference, and a nested payload is refused (0.4904ms)
gateway-web	Run pnpm test	2026-10-06T04:55:52.0134256Z ✔ the secret scan reads maps, sets and records it cannot read (0.2543ms)
gateway-web	Run pnpm test	2026-10-06T04:55:52.0135539Z ✔ a lease belongs to one job and a shared task core confirms the binding when one is wired in (0.6868ms)
gateway-web	Run pnpm test	2026-10-06T04:55:52.0137133Z ✔ a result that is not a success is not accepted as one, and an uncloneable artifact is a typed refusal (0.4966ms)
gateway-web	Run pnpm test	2026-10-06T04:55:52.0138564Z ✔ the surface names where control came from and scopes its structural claims (0.2261ms)
gateway-web	Run pnpm test	2026-10-06T04:55:52.0139667Z ✔ a DAG is validated and only dependency-satisfied work is runnable (8.0644ms)
gateway-web	Run pnpm test	2026-10-06T04:55:52.0140945Z ✔ two writers cannot hold the same protected scope at once, and conflicts are reported not merged (1.1915ms)
gateway-web	Run pnpm test	2026-10-06T04:55:52.0142449Z ✔ resource pressure scales workers down and pauses new work without failing completed work (1.3856ms)
gateway-web	Run pnpm test	2026-10-06T04:55:52.0143747Z ✔ one-worker serial mode uses the same lifecycle and acceptance path (0.9797ms)
gateway-web	Run pnpm test	2026-10-06T04:55:52.0144821Z ✔ bounded retry and reassignment never duplicate a terminal result or an external effect (1.9656ms)
gateway-web	Run pnpm test	2026-10-06T04:55:52.0145847Z ✔ worker selection is capability and placement based with no provider-name branching (0.7719ms)
gateway-web	Run pnpm test	2026-10-06T04:55:52.0170337Z ✔ a controlled restart keeps completed work and never resumes stale state as success (2.5509ms)
gateway-web	Run pnpm test	2026-10-06T04:55:52.0171864Z ✔ a terminal result is immutable against late and out-of-order reports (0.7425ms)
gateway-web	Run pnpm test	2026-10-06T04:55:52.0172942Z ✔ a stall or crash report cannot re-open completed work (0.5609ms)
gateway-web	Run pnpm test	2026-10-06T04:55:52.0173999Z ✔ the attempt budget is a bound at dispatch, not only in the stall path (0.6855ms)
gateway-web	Run pnpm test	2026-10-06T04:55:52.0176839Z ✔ a running node cannot be dispatched twice into two concurrent attempts (0.6149ms)
gateway-web	Run pnpm test	2026-10-06T04:55:52.0178263Z ✔ a named worker is a choice, not a bypass of capability, readiness or capacity (0.9938ms)
gateway-web	Run pnpm test	2026-10-06T04:55:52.0179759Z ✔ every foreman bound is validated rather than trusted (0.7946ms)
gateway-web	Run pnpm test	2026-10-06T04:55:52.0180767Z ✔ a worker with running attempts cannot be re-registered (0.5144ms)
gateway-web	Run pnpm test	2026-10-06T04:55:52.0182310Z ✔ a node declaration is validated where it is used (0.7312ms)
gateway-web	Run pnpm test	2026-10-06T04:55:52.0183477Z ✔ a refused resume leaves the live queue intact, and a cyclic entry cannot overflow (0.6182ms)
gateway-web	Run pnpm test	2026-10-06T04:55:52.0184617Z ✔ an uninterpretable instant is refused rather than recorded (0.3921ms)
gateway-web	Run pnpm test	2026-10-06T04:55:52.0185616Z ✔ a handover or a cancel releases the worker slot it abandons (0.6643ms)
gateway-web	Run pnpm test	2026-10-06T04:55:52.0186838Z ✔ a restart keeps the completed-effect memory and a dependency list must be readable (0.7133ms)
gateway-web	Run pnpm test	2026-10-06T04:55:52.0188025Z ✔ a node no worker can staff is reported instead of vanishing (0.8664ms)
gateway-web	Run pnpm test	2026-10-06T04:55:52.0189118Z ✔ a declaration the module cannot clone is a typed refusal, not a crash (0.4833ms)
gateway-web	Run pnpm test	2026-10-06T04:55:52.0190228Z ✔ an autonomous job needs an objective and bounded constraints, not an operation list (4.4082ms)
gateway-web	Run pnpm test	2026-10-06T04:55:52.0192100Z ✔ a scripted job without an executable specification is refused honestly, not admitted (0.6417ms)
gateway-web	Run pnpm test	2026-10-06T04:55:52.0193465Z ✔ the job envelope is strict about route, vocabulary and secrets (1.1228ms)
gateway-web	Run pnpm test	2026-10-06T04:55:52.0194500Z ✔ a partial or progress event can never mark a job terminal (1.1359ms)
gateway-web	Run pnpm test	2026-10-06T04:55:52.0195180Z ✔ late, duplicate and out-of-order events are deterministic and idempotent (2.2002ms)
gateway-web	Run pnpm test	2026-10-06T04:55:52.0195833Z ✔ a terminal result is final and cannot be resurrected by replay (2.0189ms)
gateway-web	Run pnpm test	2026-10-06T04:55:52.0196521Z ✔ a result must be honest: success needs acceptance, and versions must line up (1.1147ms)
gateway-web	Run pnpm test	2026-10-06T04:55:52.0197208Z ✔ artifact references preserve job, device and connector provenance (1.3189ms)
gateway-web	Run pnpm test	2026-10-06T04:55:52.0197861Z ✔ the protocol publishes its guarantees and stays transport neutral (0.4684ms)
gateway-web	Run pnpm test	2026-10-06T04:55:52.0198557Z ✔ unknown fields are refused even when named after Object.prototype members (2.9099ms)
gateway-web	Run pnpm test	2026-10-06T04:55:52.0199336Z ✔ a job record cannot be born terminal, and success is only reached through a result (1.1965ms)
gateway-web	Run pnpm test	2026-10-06T04:55:52.0200057Z ✔ an event from a superseded job version never acts on the current job (0.5779ms)
gateway-web	Run pnpm test	2026-10-06T04:55:52.0200696Z ✔ a replayed result is recognised by its content, not by its ref (0.8023ms)
gateway-web	Run pnpm test	2026-10-06T04:55:52.0201306Z ✔ a replayed artifact is recognised by its content and digest (0.6449ms)
gateway-web	Run pnpm test	2026-10-06T04:55:52.0201886Z ✔ a malformed batch is refused with a typed contract error (0.605ms)
gateway-web	Run pnpm test	2026-10-06T04:55:52.0202529Z ✔ an ignored duplicate is recorded on the record, once, and stays idempotent (0.9388ms)
gateway-web	Run pnpm test	2026-10-06T04:55:52.0203223Z ✔ a calendar-impossible instant is refused, not merely shape-checked (0.7568ms)
gateway-web	Run pnpm test	2026-10-06T04:55:52.0203915Z ✔ a terminal announcement without a result is completed by the honest result (1.0692ms)
gateway-web	Run pnpm test	2026-10-06T04:55:52.0204564Z ✔ the job record is immutable at every level, not only at the top (0.9575ms)
gateway-web	Run pnpm test	2026-10-06T04:55:52.0205174Z ✔ a non-enumerable own out-of-contract field is refused too (0.4218ms)
gateway-web	Run pnpm test	2026-10-06T04:55:52.0205770Z ✔ the structured result arrays are bounded like their siblings (24.2207ms)
gateway-web	Run pnpm test	2026-10-06T04:55:52.0206400Z ✔ a cyclic or over-deep envelope is refused, never a stack overflow (1.0136ms)
gateway-web	Run pnpm test	2026-10-06T04:55:52.0207778Z ✔ a provider-neutral autonomous job validates and keeps owner and executor distinct (4.4822ms)
gateway-web	Run pnpm test	2026-10-06T04:55:52.0209414Z ✔ scripted executors need explicit operations while agent modes must not carry them (1.1087ms)
gateway-web	Run pnpm test	2026-10-06T04:55:52.0210736Z ✔ unknown version, state, mode, event type or port is rejected rather than guessed (1.5846ms)
gateway-web	Run pnpm test	2026-10-06T04:55:52.0211853Z ✔ foreign routes cannot be redefined as Engineering routes (2.5712ms)
gateway-web	Run pnpm test	2026-10-06T04:55:52.0213098Z ✔ provider product names are never a route and are never required by the core contract (0.7836ms)
gateway-web	Run pnpm test	2026-10-06T04:55:52.0214341Z ✔ Codex-Boss is rejected everywhere it could be referenced (0.7544ms)
gateway-web	Run pnpm test	2026-10-06T04:55:52.0215727Z ✔ raw secrets are rejected while handle references are allowed (2.0172ms)
gateway-web	Run pnpm test	2026-10-06T04:55:52.0216802Z ✔ Engineering Manager stores only Engineering execution state (1.8187ms)
gateway-web	Run pnpm test	2026-10-06T04:55:52.0217751Z ✔ canonical events are typed and validated (0.6009ms)
gateway-web	Run pnpm test	2026-10-06T04:55:52.0218913Z ✔ one attention event projects to the current plus recent devices and rings once (1.6497ms)
gateway-web	Run pnpm test	2026-10-06T04:55:52.0220290Z ✔ first attention acknowledgement closes the epoch globally and never rings again (1.0534ms)
gateway-web	Run pnpm test	2026-10-06T04:55:52.0221414Z ✔ reconnect and duplicate delivery do not re-ring an attention epoch (0.8403ms)
gateway-web	Run pnpm test	2026-10-06T04:55:52.0222823Z ✔ a result cannot report success on a typed blocker, without acceptance or with failing tests (0.8468ms)
gateway-web	Run pnpm test	2026-10-06T04:55:52.0224229Z ✔ ports are versioned, replacement-safe and refuse non-conforming subjects (0.6933ms)
gateway-web	Run pnpm test	2026-10-06T04:55:52.0229081Z ✔ a deterministic connector double runs a scripted job without a real provider (0.9788ms)
gateway-web	Run pnpm test	2026-10-06T04:55:52.0230614Z ✔ duplicate submit replays instead of creating a second job (2.0302ms)
gateway-web	Run pnpm test	2026-10-06T04:55:52.0231703Z ✔ control commands check version, transition and terminal state (2.5579ms)
gateway-web	Run pnpm test	2026-10-06T04:55:52.0232875Z ✔ results are idempotent and cannot overwrite or resurrect a terminal job (3.1852ms)
gateway-web	Run pnpm test	2026-10-06T04:55:52.0234818Z ✔ canonical job identity survives restart/reconnect and rejects incompatible replay (1.6986ms)
gateway-web	Run pnpm test	2026-10-06T04:55:52.0236292Z ✔ remote fallback is measured, user-approved and preserves the logical owner (2.6489ms)
gateway-web	Run pnpm test	2026-10-06T04:55:52.0237703Z ✔ canonical serialization is order-independent and the schema matches the runtime contract (0.9535ms)
gateway-web	Run pnpm test	2026-10-06T04:55:52.0238963Z ✔ contract error type carries a stable code and status (0.1196ms)
gateway-web	Run pnpm test	2026-10-06T04:55:52.0240160Z ✔ a secret-shaped field is refused in its plural and camelCase spellings too (0.3807ms)
gateway-web	Run pnpm test	2026-10-06T04:55:52.0241484Z ✔ foreign canonical state is refused in camelCase and separator variants (0.2348ms)
gateway-web	Run pnpm test	2026-10-06T04:55:52.0242835Z ✔ reserved prototype keys are refused at every depth of an owned state (0.3911ms)
gateway-web	Run pnpm test	2026-10-06T04:55:52.0244318Z ✔ an envelope refuses a reserved prototype key, so a wire payload cannot smuggle one (0.3733ms)
gateway-web	Run pnpm test	2026-10-06T04:55:52.0245713Z ✔ a codex-boss reference is caught however its separators are spelled (0.2099ms)
gateway-web	Run pnpm test	2026-10-06T04:55:52.0247015Z ✔ provider product names are caught however their separators are spelled (0.1188ms)
gateway-web	Run pnpm test	2026-10-06T04:55:52.0248634Z ✔ an absent field and an explicitly null field have different digests (0.1825ms)
gateway-web	Run pnpm test	2026-10-06T04:55:52.0250094Z ✔ the published schema states the normalisation and reserved-key rules the runtime enforces (0.4715ms)
gateway-web	Run pnpm test	2026-10-06T04:55:52.0251507Z ✔ a healthy local host is used, with local concurrency as the answer (4.0494ms)
gateway-web	Run pnpm test	2026-10-06T04:55:52.0252669Z ✔ resource pressure reduces local concurrency before any remote fallback (1.137ms)
gateway-web	Run pnpm test	2026-10-06T04:55:52.0253971Z ✔ a protected foreground workload blocks the local host rather than displacing the user (0.5238ms)
gateway-web	Run pnpm test	2026-10-06T04:55:52.0256068Z ✔ an unmeasurable local host is unavailable, never assumed free (0.8179ms)
gateway-web	Run pnpm test	2026-10-06T04:55:52.0259369Z ✔ a faster or less loaded remote host alone never triggers fallback (2.1442ms)
gateway-web	Run pnpm test	2026-10-06T04:55:52.0260571Z ✔ remote fallback needs a measured reason and explicit user approval (1.0502ms)
gateway-web	Run pnpm test	2026-10-06T04:55:52.0261829Z ✔ candidates are ranked by capability fit, only after fallback is justified (13.5898ms)
gateway-web	Run pnpm test	2026-10-06T04:55:52.0263094Z ✔ a remote dispatch requires a recorded local attempt first (0.621ms)
gateway-web	Run pnpm test	2026-10-06T04:55:52.0264040Z ✔ a measurement is a strict own-property record (1.1346ms)
gateway-web	Run pnpm test	2026-10-06T04:55:52.0265135Z ✔ a measured GPU load is used, and a contradictory worker count is unavailable (0.6408ms)
gateway-web	Run pnpm test	2026-10-06T04:55:52.0266320Z ✔ only a justified fallback proposal can be approved (0.9232ms)
gateway-web	Run pnpm test	2026-10-06T04:55:52.0267670Z ✔ both reference connectors register and resolve generically, with no provider branches in the core (3.8438ms)
gateway-web	Run pnpm test	2026-10-06T04:55:52.0269942Z ✔ installed, uninstalled and auth-required states are probed honestly (2.773ms)
gateway-web	Run pnpm test	2026-10-06T04:55:52.0270748Z ✔ one canonical job id is preserved while backend ids stay provenance (1.3497ms)
gateway-web	Run pnpm test	2026-10-06T04:55:52.0271455Z ✔ unsupported operations become typed states instead of silence or success (1.0544ms)
gateway-web	Run pnpm test	2026-10-06T04:55:52.0272198Z ✔ an unknown outcome is never reported as success, and retries do not duplicate (0.9094ms)
gateway-web	Run pnpm test	2026-10-06T04:55:52.0272928Z ✔ component-stage acceptance is only claimed with genuine real-host evidence (0.7342ms)
gateway-web	Run pnpm test	2026-10-06T04:55:52.0273634Z ✔ the connector contract is strict, frozen and independent of ambient state (0.908ms)
gateway-web	Run pnpm test	2026-10-06T04:55:52.0274306Z ✔ component acceptance needs a real terminal state, not an assumed one (0.5192ms)
gateway-web	Run pnpm test	2026-10-06T04:55:52.0274925Z ✔ a submit the backend refused is never reported as submitted (0.6278ms)
gateway-web	Run pnpm test	2026-10-06T04:55:52.0275492Z ✔ a control the backend refused does not close the session (0.683ms)
gateway-web	Run pnpm test	2026-10-06T04:55:52.0276230Z ✔ an unreadable event stream is not an empty one (0.5314ms)
gateway-web	Run pnpm test	2026-10-06T04:55:52.0276799Z ✔ a result about another backend run is not this job outcome (0.3341ms)
gateway-web	Run pnpm test	2026-10-06T04:55:52.0277315Z ✔ a session the backend refused is not created (0.6849ms)
gateway-web	Run pnpm test	2026-10-06T04:55:52.0277840Z ✔ an uninterpretable instant is refused rather than recorded (0.4077ms)
gateway-web	Run pnpm test	2026-10-06T04:55:52.0278445Z ✔ acceptance is not claimed for a product this host did not install (0.4241ms)
gateway-web	Run pnpm test	2026-10-06T04:55:52.0278984Z ✔ a closed session is not reported as live work (0.2721ms)
gateway-web	Run pnpm test	2026-10-06T04:55:52.0279637Z ✔ the canonical job id addresses control, events and result, and backend refs come back (0.5691ms)
gateway-web	Run pnpm test	2026-10-06T04:55:52.0280407Z ✔ one logical action key executes the backend once, even after a cancel and re-attach (0.3078ms)
gateway-web	Run pnpm test	2026-10-06T04:55:52.0281100Z ✔ a connector kind is an own key, and a crashing probe degrades honestly (0.6154ms)
gateway-web	Run pnpm test	2026-10-06T04:55:52.0281811Z ✔ the registry refuses an under-specified connector and derives its emulated count (0.4621ms)
gateway-web	Run pnpm test	2026-10-06T04:55:52.0282971Z ✔ one connector kind may have two distinct instances (16.4787ms)
gateway-web	Run pnpm test	2026-10-06T04:55:52.0283931Z ✔ stale probe data is visible as stale and never silently healthy (1.0193ms)
gateway-web	Run pnpm test	2026-10-06T04:55:52.0284624Z ✔ auth READY is never inferred from a live process (0.6109ms)
gateway-web	Run pnpm test	2026-10-06T04:55:52.0285632Z ✔ a capability mismatch is a typed refusal before execution (0.5285ms)
gateway-web	Run pnpm test	2026-10-06T04:55:52.0286317Z ✔ the registry survives a probe that throws or times out (1.7643ms)
gateway-web	Run pnpm test	2026-10-06T04:55:52.0287460Z ✔ registry records refuse raw credential material and keep handles only (0.9495ms)
gateway-web	Run pnpm test	2026-10-06T04:55:52.0288589Z ✔ records are strict, and eligibility reports fit without choosing a host (1.5884ms)
gateway-web	Run pnpm test	2026-10-06T04:55:52.0289333Z ✔ unknown fields are refused even when named after Object.prototype members (2.0919ms)
gateway-web	Run pnpm test	2026-10-06T04:55:52.0289987Z ✔ a future-dated probe is never fresh, and never silently usable (0.5182ms)
gateway-web	Run pnpm test	2026-10-06T04:55:52.0290610Z ✔ the typed refusal names the blocker that actually applies (0.6871ms)
gateway-web	Run pnpm test	2026-10-06T04:55:52.0291177Z ✔ the auditable snapshot cannot be rewritten by its reader (1.566ms)
gateway-web	Run pnpm test	2026-10-06T04:55:52.0291784Z ✔ a partial probe update leaves the fields it does not mention alone (0.964ms)
gateway-web	Run pnpm test	2026-10-06T04:55:52.0292407Z ✔ a raw credential is refused by value as well as by key name (0.9569ms)
gateway-web	Run pnpm test	2026-10-06T04:55:52.0293002Z ✔ a cyclic or over-deep record is refused, never a stack overflow (0.9985ms)
gateway-web	Run pnpm test	2026-10-06T04:55:52.0294030Z ✔ a calendar-impossible instant is refused, not merely shape-checked (0.3807ms)
gateway-web	Run pnpm test	2026-10-06T04:55:52.0295058Z ✔ a probe cannot claim to stay current indefinitely (0.4236ms)
gateway-web	Run pnpm test	2026-10-06T04:55:52.0295644Z ✔ a failed probe is visible on the instance and blocks dispatch (1.4694ms)
gateway-web	Run pnpm test	2026-10-06T04:55:52.0296288Z ✔ a probe that reports not-installed cannot be a running, usable worker (0.2101ms)
gateway-web	Run pnpm test	2026-10-06T04:55:52.0296916Z ✔ an exempted reference field must still look like a reference (1.0657ms)
gateway-web	Run pnpm test	2026-10-06T04:55:52.0297703Z ✔ the evidence source travels with the answer (0.1959ms)
gateway-web	Run pnpm test	2026-10-06T04:55:52.0298767Z ✔ a remote dispatch needs an approved proposal and an eligible host (3.9576ms)
gateway-web	Run pnpm test	2026-10-06T04:55:52.0300098Z ✔ every channel returns to the current interaction surface, not to the execution device (1.7355ms)
gateway-web	Run pnpm test	2026-10-06T04:55:52.0301412Z ✔ the control plane follows the user when they move to another surface (0.5812ms)
gateway-web	Run pnpm test	2026-10-06T04:55:52.0303015Z ✔ stale and duplicate remote events are reconciled instead of re-applied (1.3816ms)
gateway-web	Run pnpm test	2026-10-06T04:55:52.0304324Z ✔ control is forwarded from any authorised device and applied once (0.7383ms)
gateway-web	Run pnpm test	2026-10-06T04:55:52.0305587Z ✔ a hardware-bound action is a typed blocker, never a fabricated success (0.4396ms)
gateway-web	Run pnpm test	2026-10-06T04:55:52.0307060Z ✔ context is staged semantically, and the port contract owns trust and transport elsewhere (0.6426ms)
gateway-web	Run pnpm test	2026-10-06T04:55:52.0309021Z ✔ the return path can only move onto a surface this module resolved for the same owner (0.5583ms)
gateway-web	Run pnpm test	2026-10-06T04:55:52.0310656Z ✔ a dispatch validates the executor reference and the capability list (0.5725ms)
gateway-web	Run pnpm test	2026-10-06T04:55:52.0311928Z ✔ the bridge itself refuses a second dispatch and keeps the run ledger (0.6544ms)
gateway-web	Run pnpm test	2026-10-06T04:55:52.0313106Z ✔ an execution port that refuses is never reported as success (0.936ms)
gateway-web	Run pnpm test	2026-10-06T04:55:52.0314352Z ✔ an attention reply reaches the originating worker through the respond path (0.5131ms)
gateway-web	Run pnpm test	2026-10-06T04:55:52.0325795Z ✔ a control command without an idempotency key is refused rather than swallowed (0.3113ms)
gateway-web	Run pnpm test	2026-10-06T04:55:52.0327180Z ✔ an untransferable remote payload is refused without consuming its sequence (0.3626ms)
gateway-web	Run pnpm test	2026-10-06T04:55:52.0328785Z ✔ a physical-action block is observable and blocks a fabricated success (0.3547ms)
gateway-web	Run pnpm test	2026-10-06T04:55:52.0329956Z ✔ recording instants are validated rather than stored as given (0.4805ms)
gateway-web	Run pnpm test	2026-10-06T04:55:52.0331037Z ✔ the approval gate reads the proposal itself, not its prototype (0.3226ms)
gateway-web	Run pnpm test	2026-10-06T04:55:52.0332159Z ✔ a refused replay does not move where the run returns are delivered (0.213ms)
gateway-web	Run pnpm test	2026-10-06T04:55:52.0333177Z ✔ an envelope field is validated and used exactly once (0.3799ms)
gateway-web	Run pnpm test	2026-10-06T04:55:52.0334110Z ✔ a device field is validated and projected exactly once (0.2098ms)
gateway-web	Run pnpm test	2026-10-06T04:55:52.0335217Z ✔ context staging enforces the bound and the cleanup policy it advertises (0.4094ms)
gateway-web	Run pnpm test	2026-10-06T04:55:52.0336384Z ✔ a return that reaches nobody is not normal remote-free operation (0.3894ms)
gateway-web	Run pnpm test	2026-10-06T04:55:52.0337475Z ✔ a surface is resolved only from devices belonging to that owner (0.1816ms)
gateway-web	Run pnpm test	2026-10-06T04:55:52.0338840Z ✔ authority is split: the monitor senses, the supervisor restarts, and neither can do the other (5.0558ms)
gateway-web	Run pnpm test	2026-10-06T04:55:52.0339947Z ✔ a stale or reused pid is never signalled (2.0335ms)
gateway-web	Run pnpm test	2026-10-06T04:55:52.0340897Z ✔ the restart budget ends in safe mode instead of an infinite loop (2.5066ms)
gateway-web	Run pnpm test	2026-10-06T04:55:52.0344601Z ✔ resume happens only after a checkpoint and a readiness confirmation (1.601ms)
gateway-web	Run pnpm test	2026-10-06T04:55:52.0345992Z ✔ a terminal job does not resurrect after recovery (0.8334ms)
gateway-web	Run pnpm test	2026-10-06T04:55:52.0346995Z ✔ one crashed connector never terminates unrelated connectors (1.0964ms)
gateway-web	Run pnpm test	2026-10-06T04:55:52.0348204Z ✔ the contract is strict, frozen, and honest about stale observations (1.2623ms)
gateway-web	Run pnpm test	2026-10-06T04:55:52.0349978Z ✔ pressure is the evidence the monitor recorded, not a copy the caller supplies (0.4432ms)
gateway-web	Run pnpm test	2026-10-06T04:55:52.0351110Z ✔ a policy bound that can be switched off is refused (1.0842ms)
gateway-web	Run pnpm test	2026-10-06T04:55:52.0352332Z ✔ an uninterpretable instant cannot make stale evidence fresh or release the cooldown (0.9511ms)
gateway-web	Run pnpm test	2026-10-06T04:55:52.0353808Z ✔ a throwing readiness or process hook is a typed outcome, not a half-applied restart (0.9712ms)
gateway-web	Run pnpm test	2026-10-06T04:55:52.0354898Z ✔ an absent confidence is no confidence (0.3077ms)
gateway-web	Run pnpm test	2026-10-06T04:55:52.0355869Z ✔ a caller structure that points at itself is refused, not fatal (0.6914ms)
gateway-web	Run pnpm test	2026-10-06T04:55:52.0357336Z ✔ a malformed active entry is reported rather than dropped (0.2777ms)
gateway-web	Run pnpm test	2026-10-06T04:55:52.0358433Z ✔ a minted decision is authority for one instance and one restart (0.6915ms)
gateway-web	Run pnpm test	2026-10-06T04:55:52.0359557Z ✔ an unrecordable port answer is not an untyped failure after a real restart (0.6657ms)
gateway-web	Run pnpm test	2026-10-06T04:55:52.0360353Z ✔ a readiness answer about another instance or checkpoint is not this resume (1.0162ms)
gateway-web	Run pnpm test	2026-10-06T04:55:52.0361024Z ✔ supervise refuses a malformed set instead of failing part-way (0.464ms)
gateway-web	Run pnpm test	2026-10-06T04:55:52.0361697Z ✔ host-pass: the original contract still works and is labelled HOST_PASS (120.7083ms)
gateway-web	Run pnpm test	2026-10-06T04:55:52.0362440Z ✔ owner-override: an Owner ruling over a real blocker produces a VERIFIED episode (133.0029ms)
gateway-web	Run pnpm test	2026-10-06T04:55:52.0363074Z ✔ owner-override without a migration blocker fails (112.3115ms)
gateway-web	Run pnpm test	2026-10-06T04:55:52.0363629Z ✔ owner-override without an owner ruling argument fails (107.3922ms)
gateway-web	Run pnpm test	2026-10-06T04:55:52.0364517Z ✔ owner-override whose intervention does not cite the ruling fails (131.5245ms)
gateway-web	Run pnpm test	2026-10-06T04:55:52.0366274Z ✔ owner-override without a verifier finding fails (100.7341ms)
gateway-web	Run pnpm test	2026-10-06T04:55:52.0368215Z ✔ owner-override whose verifier finding precedes the blocker fails (110.0159ms)
gateway-web	Run pnpm test	2026-10-06T04:55:52.0369284Z ✔ a final CI that is not PASS fails in owner-override too (105.1607ms)
gateway-web	Run pnpm test	2026-10-06T04:55:52.0370117Z ✔ the same host for both roles fails (203.739ms)
gateway-web	Run pnpm test	2026-10-06T04:55:52.0371015Z ✔ an inbox that already has a host PASS cannot use owner-override (114.5516ms)
gateway-web	Run pnpm test	2026-10-06T04:55:52.0372417Z ✔ --owner-ruling is rejected in host-pass mode (109.4489ms)
gateway-web	Run pnpm test	2026-10-06T04:55:52.0373687Z ✔ owner-waived host separation: an Owner ruling lets the migration host finish verification (110.7547ms)
gateway-web	Run pnpm test	2026-10-06T04:55:52.0374856Z ✔ a strict episode records hostSeparation STRICT (106.9692ms)
gateway-web	Run pnpm test	2026-10-06T04:55:52.0375848Z ✔ owner-waived without --completing-host fails (96.0039ms)
gateway-web	Run pnpm test	2026-10-06T04:55:52.0378794Z ✔ owner-waived without --owner-ruling fails (123.4807ms)
gateway-web	Run pnpm test	2026-10-06T04:55:52.0381205Z ✔ owner-waived whose completing host produced no verification events fails (84.8649ms)
gateway-web	Run pnpm test	2026-10-06T04:55:52.0385424Z ✔ owner-waived whose record cites no ruling fails (121.0975ms)
gateway-web	Run pnpm test	2026-10-06T04:55:52.0386592Z ✔ owner-waived is refused when the completing host is already the verification host (144.5641ms)
gateway-web	Run pnpm test	2026-10-06T04:55:52.0388386Z ✔ owner-waived still refuses a verification event from a host that does not participate (147.0426ms)
gateway-web	Run pnpm test	2026-10-06T04:55:52.0389562Z ✔ --completing-host is rejected in strict host separation (93.2024ms)
gateway-web	Run pnpm test	2026-10-06T04:55:52.0390611Z ✔ strict host separation still refuses the same host for both roles (103.0286ms)
gateway-web	Run pnpm test	2026-10-06T04:55:52.0391667Z ✔ a finished Action is never re-opened by a later observation (1.8459ms)
gateway-web	Run pnpm test	2026-10-06T04:55:52.0392646Z ✔ an in-flight Action still follows the City task it is reporting on (0.2139ms)
gateway-web	Run pnpm test	2026-10-06T04:55:52.0393839Z ✔ the reserved GENERAL_AI route answers a typed UNAVAILABLE and never becomes a City task (2.3939ms)
gateway-web	Run pnpm test	2026-10-06T04:55:52.0395388Z ✔ a reordered idempotency key is the same request, and a different one is refused (12.4265ms)
gateway-web	Run pnpm test	2026-10-06T04:55:52.0396689Z ✔ UXI-301 feed: real telemetry becomes a load vector, and unmeasured dimensions stay missing (2.8151ms)
gateway-web	Run pnpm test	2026-10-06T04:55:52.0397750Z ✔ UXI-301 feed: disk CAPACITY is not reported as io LOAD (0.3099ms)
gateway-web	Run pnpm test	2026-10-06T04:55:52.0398664Z ✔ UXI-301 feed: the node mapping mirrors the gateway liveness truth (0.425ms)
gateway-web	Run pnpm test	2026-10-06T04:55:52.0399856Z ✔ UXI-391: the candidate carries an EXPLICIT enablement, and an explicit disable is honoured (1.7245ms)
gateway-web	Run pnpm test	2026-10-06T04:55:52.0401131Z ✔ UXI-301 feed: eligibility terms come from RS-202 and are all declared in the contract (1.2697ms)
gateway-web	Run pnpm test	2026-10-06T04:55:52.0403056Z ✔ UXI-301 feed: an ONLINE, healthy node must NOT present as unusable (1.6902ms)
gateway-web	Run pnpm test	2026-10-06T04:55:52.0404371Z ✔ UXI-301 feed: COMPLETED is reachable ONLY from a terminal City state (0.6268ms)
gateway-web	Run pnpm test	2026-10-06T04:55:52.0405632Z ✔ UXI-301 feed: a healthy node plus a cold one offers waiting, never a forced choice (0.2558ms)
gateway-web	Run pnpm test	2026-10-06T04:55:52.0417782Z ✔ UXI-301 feed: a structurally refused fleet DOES demand a choice and withholds waiting (0.4115ms)
gateway-web	Run pnpm test	2026-10-06T04:55:52.0419163Z ✔ UXI-301 feed: the producer rejects malformed input rather than guessing (0.7667ms)
gateway-web	Run pnpm test	2026-10-06T04:55:52.0420511Z ✔ UXI-301 feed: the feed is versioned, lists its candidates, and hides finished work by default (0.8312ms)
gateway-web	Run pnpm test	2026-10-06T04:55:52.0421843Z ✔ UXI-301 feed: termsInUse reports only declared terms, so a UI can preload copy (0.4091ms)
gateway-web	Run pnpm test	2026-10-06T04:55:52.0423123Z ✔ UXI-301 feed: an empty City produces an empty feed rather than a fabricated status (0.1872ms)
gateway-web	Run pnpm test	2026-10-06T04:55:52.0424410Z ✔ UXI-301 feed: a node already running OTHER work reports real capacity pressure (0.3362ms)
gateway-web	Run pnpm test	2026-10-06T04:55:52.0426156Z ✔ UXI-301 feed: capacity pressure clears once the other work finishes (0.3893ms)
gateway-web	Run pnpm test	2026-10-06T04:55:52.0429421Z ✔ UXI-301 feed: two busy nodes and one free node is reported truthfully per node (0.5631ms)
gateway-web	Run pnpm test	2026-10-06T04:55:52.0430811Z ✔ versioned authenticated gateway rejects unsafe commands and persists history (185.3596ms)
gateway-web	Run pnpm test	2026-10-06T04:55:52.0432355Z ✔ the post-restart resume decision is owned by the migrated checkpoint gate (80.1378ms)
gateway-web	Run pnpm test	2026-10-06T04:55:52.0433732Z ✔ the gateway places work on exactly the nodes its own policy and the Core both accept (1267.8488ms)
gateway-web	Run pnpm test	2026-10-06T04:55:52.0435045Z ✔ an interrupted task is never falsified as success across a gateway restart (59.2449ms)
gateway-web	Run pnpm test	2026-10-06T04:55:52.0436194Z ✔ no API network call happens before consent and budget admission (4.9427ms)
gateway-web	Run pnpm test	2026-10-06T04:55:52.0437451Z ✔ a Web failure proposes API but never grants it, and budget does not stand in for consent (1.5381ms)
gateway-web	Run pnpm test	2026-10-06T04:55:52.0438748Z ✔ rate limit, auth and provider faults stay typed and never look like success (2.5777ms)
gateway-web	Run pnpm test	2026-10-06T04:55:52.0440844Z ✔ usage the provider did not report stays unknown, never zero (1.0786ms)
gateway-web	Run pnpm test	2026-10-06T04:55:52.0442241Z ✔ streaming is supported only where the adapter says so, and secrets never reach provenance (1.0202ms)
gateway-web	Run pnpm test	2026-10-06T04:55:52.0443071Z ✔ channel state stays isolated, frozen and free of ambient behaviour (0.5765ms)
gateway-web	Run pnpm test	2026-10-06T04:55:52.0443783Z ✔ budget policy limits must be real numbers, so the second gate cannot vanish (0.6288ms)
gateway-web	Run pnpm test	2026-10-06T04:55:52.0444607Z ✔ provider usage that is negative is not usage (0.1645ms)
gateway-web	Run pnpm test	2026-10-06T04:55:52.0445553Z ✔ secrets are found and redacted however they are hidden (0.3908ms)
gateway-web	Run pnpm test	2026-10-06T04:55:52.0446643Z ✔ an admitted call with no usable adapter is a typed refusal, not a crash (0.7425ms)
gateway-web	Run pnpm test	2026-10-06T04:55:52.0448065Z ✔ the budget result does not claim knowledge it does not have (1.1258ms)
gateway-web	Run pnpm test	2026-10-06T04:55:52.0449367Z ✔ one conversation continues while backend thread, provider and device metadata change (6.1609ms)
gateway-web	Run pnpm test	2026-10-06T04:55:52.0450803Z ✔ backend thread loss is reported and never becomes a silent false continuation (2.3881ms)
gateway-web	Run pnpm test	2026-10-06T04:55:52.0452096Z ✔ InputBundle enforces bounds, media type, digest and provenance (2.6537ms)
gateway-web	Run pnpm test	2026-10-06T04:55:52.0454559Z ✔ temporary staging metadata always carries an explicit cleanup policy (2.4574ms)
gateway-web	Run pnpm test	2026-10-06T04:55:52.0456006Z ✔ partial events are ordered, versioned and never terminal, and RF envelopes stay non-canonical (1.5184ms)
gateway-web	Run pnpm test	2026-10-06T04:55:52.0457546Z ✔ cancellation is idempotent, works across channel changes, and reconciles late results (1.17ms)
gateway-web	Run pnpm test	2026-10-06T04:55:52.0458935Z ✔ the conversation contract is closed, frozen and identity-independent (1.0569ms)
gateway-web	Run pnpm test	2026-10-06T04:55:52.0460066Z ✔ the canonical contract allow-list is decided by own keys (0.553ms)
gateway-web	Run pnpm test	2026-10-06T04:55:52.0461370Z ✔ the conversation policy is a bound, and a non-boolean cannot disable verification (0.645ms)
gateway-web	Run pnpm test	2026-10-06T04:55:52.0463646Z ✔ a cyclic caller value cannot crash the freezer, and attachments are canonical records (1.0269ms)
gateway-web	Run pnpm test	2026-10-06T04:55:52.0464370Z ✔ a malformed caller instant is refused as a typed error (1.0967ms)
gateway-web	Run pnpm test	2026-10-06T04:55:52.0465129Z ✔ a settled turn cannot accept further transport data (0.7704ms)
gateway-web	Run pnpm test	2026-10-06T04:55:52.0466510Z ✔ a refused call leaves no partial write and no poisoned projection (0.4348ms)
gateway-web	Run pnpm test	2026-10-06T04:55:52.0467143Z ✔ each late result is reconciled under its own reference (0.6125ms)
gateway-web	Run pnpm test	2026-10-06T04:55:52.0468205Z ✔ the published stream carries cancellation and a conversation-level order (0.644ms)
gateway-web	Run pnpm test	2026-10-06T04:55:52.0468769Z ✔ every free-text field is bounded (0.7842ms)
gateway-web	Run pnpm test	2026-10-06T04:55:52.0469293Z ✔ the staging cleanup deadline is a decision, not decoration (0.7103ms)
gateway-web	Run pnpm test	2026-10-06T04:55:52.0469982Z ✔ GENERAL_AI is reserved as a user-level route and the legacy routes are untouched (2.4559ms)
gateway-web	Run pnpm test	2026-10-06T04:55:52.0470745Z ✔ a historical product name is not a route, and an unknown route is refused not guessed (0.3915ms)
gateway-web	Run pnpm test	2026-10-06T04:55:52.0471440Z ✔ the gateway route vocabulary is exactly the contract vocabulary (0.2942ms)
gateway-web	Run pnpm test	2026-10-06T04:55:52.0472127Z ✔ a canonical general-AI request validates and keeps typed backend references (2.5386ms)
gateway-web	Run pnpm test	2026-10-06T04:55:52.0472813Z ✔ unknown version, channel, state and malformed input are refused (1.1435ms)
gateway-web	Run pnpm test	2026-10-06T04:55:52.0473456Z ✔ no canonical envelope may carry raw credential, cookie or token bytes (0.9872ms)
gateway-web	Run pnpm test	2026-10-06T04:55:52.0474141Z ✔ provider, model, attention, usage and proposal envelopes validate strictly (1.1747ms)
gateway-web	Run pnpm test	2026-10-06T04:55:52.0474954Z ✔ partial output cannot mark an Action terminal and terminal status is final (0.5549ms)
gateway-web	Run pnpm test	2026-10-06T04:55:52.0478072Z ✔ a partial result carries in-flight status and a result envelope carries a terminal one (1.064ms)
gateway-web	Run pnpm test	2026-10-06T04:55:52.0479048Z ✔ an idempotency key replayed for the same request returns the first result (0.7503ms)
gateway-web	Run pnpm test	2026-10-06T04:55:52.0479759Z ✔ the same idempotency key bound to a different request is refused (0.4853ms)
gateway-web	Run pnpm test	2026-10-06T04:55:52.0481057Z ✔ a deterministic local answer never reaches a general-AI channel (0.3571ms)
gateway-web	Run pnpm test	2026-10-06T04:55:52.0482809Z ✔ Web is the default channel and JEV failure degrades instead of blocking (0.1741ms)
gateway-web	Run pnpm test	2026-10-06T04:55:52.0486168Z ✔ Web failure does not silently trigger API, and API needs explicit user consent (0.2327ms)
gateway-web	Run pnpm test	2026-10-06T04:55:52.0486916Z ✔ budget policy runs after consent and can never substitute for it (0.265ms)
gateway-web	Run pnpm test	2026-10-06T04:55:52.0487652Z ✔ another device is proposed, never chosen, and the interaction device does not move (0.4941ms)
gateway-web	Run pnpm test	2026-10-06T04:55:52.0488838Z ✔ API escalation requires a user confirmation reference, not a budget decision (0.3643ms)
gateway-web	Run pnpm test	2026-10-06T04:55:52.0489503Z ✔ a decision that needs the user becomes an attention request (0.3433ms)
gateway-web	Run pnpm test	2026-10-06T04:55:52.0490150Z ✔ JEV output is advisory and a JEV failure degrades instead of blocking (0.6093ms)
gateway-web	Run pnpm test	2026-10-06T04:55:52.0490834Z ✔ programme ports are versioned, and non-conforming subjects are refused (0.6459ms)
gateway-web	Run pnpm test	2026-10-06T04:55:52.0491465Z ✔ the deterministic remote double never fakes a completed run (1.1375ms)
gateway-web	Run pnpm test	2026-10-06T04:55:52.0492116Z ✔ the repository carries no runtime dependency on the historical product (170.2296ms)
gateway-web	Run pnpm test	2026-10-06T04:55:52.0493028Z ✔ the contract publishes its routing guarantees and error vocabulary (0.2865ms)
gateway-web	Run pnpm test	2026-10-06T04:55:52.0493861Z ✔ undeclared keys inherited from Object.prototype are refused, and a prototype key never is canonical (0.8051ms)
gateway-web	Run pnpm test	2026-10-06T04:55:52.0494809Z ✔ a secret-shaped name is refused in its plural and compound spellings, and a quantity is not a secret (0.3833ms)
gateway-web	Run pnpm test	2026-10-06T04:55:52.0495624Z ✔ raw credential bytes are refused in any field, not only in a secret-shaped one (0.3394ms)
gateway-web	Run pnpm test	2026-10-06T04:55:52.0496395Z ✔ a partial result cannot claim a terminal status by relabelling or omitting its source (1.1959ms)
gateway-web	Run pnpm test	2026-10-06T04:55:52.0497120Z ✔ UNAVAILABLE is final for this action, and entering it is still allowed (0.3077ms)
gateway-web	Run pnpm test	2026-10-06T04:55:52.0497760Z ✔ an advisory assessment carries advisory fields and nothing else (0.5765ms)
gateway-web	Run pnpm test	2026-10-06T04:55:52.0498552Z ✔ the linkage scanner catches real dependency shapes it used to miss, and still ignores provenance prose (0.4619ms)
gateway-web	Run pnpm test	2026-10-06T04:55:52.0499454Z ✔ availability, health, auth, rate limit and budget stay separate signals (4.1371ms)
gateway-web	Run pnpm test	2026-10-06T04:55:52.0500153Z ✔ stale health is distinguishable from healthy and never reported as healthy (0.8852ms)
gateway-web	Run pnpm test	2026-10-06T04:55:52.0500856Z ✔ a transient technical failure follows a bounded retry and backoff policy (0.8213ms)
gateway-web	Run pnpm test	2026-10-06T04:55:52.0501565Z ✔ human-blocked and ambiguous failures never auto-resume as a technical retry (0.8213ms)
gateway-web	Run pnpm test	2026-10-06T04:55:52.0502268Z ✔ circuits are scoped so one failure cannot trip all AI or the local surfaces (1.9712ms)
gateway-web	Run pnpm test	2026-10-06T04:55:52.0502954Z ✔ a Web failure degrades honestly and never silently escalates to the API (0.591ms)
gateway-web	Run pnpm test	2026-10-06T04:55:52.0503579Z ✔ the governor is strict, frozen, and free of ambient state (0.8936ms)
gateway-web	Run pnpm test	2026-10-06T04:55:52.0504096Z ✔ the resilience policy bounds are real bounds (0.6268ms)
gateway-web	Run pnpm test	2026-10-06T04:55:52.0504618Z ✔ a malformed caller instant is refused as a typed error (0.8941ms)
gateway-web	Run pnpm test	2026-10-06T04:55:52.0505234Z ✔ a side-effecting failure is not retried without an idempotency key (0.3759ms)
gateway-web	Run pnpm test	2026-10-06T04:55:52.0505934Z ✔ a cyclic value cannot crash the freezer, and a degraded availability is named (0.3818ms)
gateway-web	Run pnpm test	2026-10-06T04:55:52.0506490Z ✔ the governor policy is a plain record (0.1915ms)
gateway-web	Run pnpm test	2026-10-06T04:55:52.0507009Z ✔ a caller instant cannot extend or shorten a circuit cooldown (0.5035ms)
gateway-web	Run pnpm test	2026-10-06T04:55:52.0508650Z ✔ an acknowledgment survives a replayed failure (0.2666ms)
gateway-web	Run pnpm test	2026-10-06T04:55:52.0511821Z ✔ a non-boolean flag cannot silently drop a proposal or an idempotency requirement (0.234ms)
gateway-web	Run pnpm test	2026-10-06T04:55:52.0513265Z ✔ a degraded or unknown availability is never ready, and the report agrees with the query (0.6524ms)
gateway-web	Run pnpm test	2026-10-06T04:55:52.0514572Z ✔ provider, model and account identities stay distinct across multiple accounts (18.55ms)
gateway-web	Run pnpm test	2026-10-06T04:55:52.0515765Z ✔ stale capability metadata is visible as stale and reads as unknown (0.8828ms)
gateway-web	Run pnpm test	2026-10-06T04:55:52.0516859Z ✔ WEB and API readiness are answered independently and may differ (0.904ms)
gateway-web	Run pnpm test	2026-10-06T04:55:52.0518002Z ✔ a missing provider, model or account produces typed absence, not a throw (1.0398ms)
gateway-web	Run pnpm test	2026-10-06T04:55:52.0519143Z ✔ canonical records refuse raw secret material and keep handles only (1.3214ms)
gateway-web	Run pnpm test	2026-10-06T04:55:52.0520264Z ✔ the registry starts empty and works entirely with synthetic providers (1.0709ms)
gateway-web	Run pnpm test	2026-10-06T04:55:52.0521236Z ✔ registry records are strict about their shape (1.7468ms)
gateway-web	Run pnpm test	2026-10-06T04:55:52.0522197Z ✔ undeclared keys inherited from Object.prototype are refused (1.2086ms)
gateway-web	Run pnpm test	2026-10-06T04:55:52.0523254Z ✔ a secret-shaped name is refused in its plural and compound spellings (0.3812ms)
gateway-web	Run pnpm test	2026-10-06T04:55:52.0524536Z ✔ raw credential bytes are refused in a declared text field, not only under a secret-shaped name (0.815ms)
gateway-web	Run pnpm test	2026-10-06T04:55:52.0526953Z ✔ one reference cannot name two records, and a parent binding cannot be re-pointed (1.7756ms)
gateway-web	Run pnpm test	2026-10-06T04:55:52.0528293Z ✔ a handle reference is content-addressed and epoch-scoped (0.3532ms)
gateway-web	Run pnpm test	2026-10-06T04:55:52.0529621Z ✔ a stale or unavailable channel is not advertised as supported (0.6699ms)
gateway-web	Run pnpm test	2026-10-06T04:55:52.0530899Z ✔ a missing subject reports its own absence code, and a future observation is not fresh (0.3546ms)
gateway-web	Run pnpm test	2026-10-06T04:55:52.0532227Z ✔ RS-201: enablement is REQUIRED, so an omitted field can never read as enabled (0.4737ms)
gateway-web	Run pnpm test	2026-10-06T04:55:52.0533665Z ✔ RS-201: enablement accepts exactly the two declared states and nothing that merely looks like one (1.5515ms)
gateway-web	Run pnpm test	2026-10-06T04:55:52.0535266Z ✔ RS-201: DISABLED is a user choice, not a capability fact, and does not contaminate freshness (0.5891ms)
gateway-web	Run pnpm test	2026-10-06T04:55:52.0537116Z ✔ RS-201: region is required but explicitly nullable, and is never inferred (0.8875ms)
gateway-web	Run pnpm test	2026-10-06T04:55:52.0538959Z ✔ RS-201: the availability reason vocabulary carries all seven required categories (0.176ms)
gateway-web	Run pnpm test	2026-10-06T04:55:52.0540247Z ✔ RS-201: disable and re-enable are reversible and destroy nothing (0.3701ms)
gateway-web	Run pnpm test	2026-10-06T04:55:52.0541790Z ✔ RS-201: setEnablement refuses a bad state and answers a bad reference with a typed absence (0.5773ms)
gateway-web	Run pnpm test	2026-10-06T04:55:52.0543183Z ✔ RS-201: a provider with dependents is REFUSED removal, and the dependents are named (0.4765ms)
gateway-web	Run pnpm test	2026-10-06T04:55:52.0544530Z ✔ RS-201: removal tombstones the reference, so RETIRED is distinguishable from UNKNOWN (0.4077ms)
gateway-web	Run pnpm test	2026-10-06T04:55:52.0546163Z ✔ RS-201: restore is the explicit act that makes a removed reference registerable again (0.3445ms)
gateway-web	Run pnpm test	2026-10-06T04:55:52.0547624Z ✔ RS-201: unavailability never removes anything - only an explicit user remove() does (0.2073ms)
gateway-web	Run pnpm test	2026-10-06T04:55:52.0548970Z ✔ RS-201: models and accounts are removable once they have no dependents of their own (0.2659ms)
gateway-web	Run pnpm test	2026-10-06T04:55:52.0550310Z ✔ RS-201: a fresh, enabled, unimpeded record is the ONLY thing that reads AVAILABLE (0.3246ms)
gateway-web	Run pnpm test	2026-10-06T04:55:52.0551959Z ✔ RS-201: staleness is NOT live truth - a stale observation is UNKNOWN, never AVAILABLE (0.1707ms)
gateway-web	Run pnpm test	2026-10-06T04:55:52.0554492Z ✔ RS-201: region is checked only against a DECLARED region, so a neutral provider never mismatches (0.1696ms)
gateway-web	Run pnpm test	2026-10-06T04:55:52.0556057Z ✔ RS-201: session and credential reasons come from the account status, and stay apart (0.3066ms)
gateway-web	Run pnpm test	2026-10-06T04:55:52.0557405Z ✔ RS-201: a channel that is UNAVAILABLE is a service fault, and neither is selectable (0.1182ms)
gateway-web	Run pnpm test	2026-10-06T04:55:52.0558681Z ✔ RS-201: precedence is ordered and the user instruction outranks every observation (0.2443ms)
gateway-web	Run pnpm test	2026-10-06T04:55:52.0560092Z ✔ RS-201: the candidate list keeps refused entries WITH their reasons rather than hiding them (0.6247ms)
gateway-web	Run pnpm test	2026-10-06T04:55:52.0561364Z ✔ RS-201: an all-refused pool and an empty pool are distinct, named conditions (0.2456ms)
gateway-web	Run pnpm test	2026-10-06T04:55:52.0562526Z ✔ RS-201: a suggestion is structurally incapable of being an execution (0.3908ms)
gateway-web	Run pnpm test	2026-10-06T04:55:52.0563724Z ✔ RS-201: when nothing is selectable the suggestion says so instead of inventing a fallback (0.5359ms)
gateway-web	Run pnpm test	2026-10-06T04:55:52.0565036Z ✔ RS-201: a probe that answers inside the bound is FRESH, and is then served from cache (0.6473ms)
gateway-web	Run pnpm test	2026-10-06T04:55:52.0566571Z ✔ RS-201: the bound HOLDS - a probe that never answers cannot block the caller (40.5994ms)
gateway-web	Run pnpm test	2026-10-06T04:55:52.0567801Z ✔ RS-201: a missed bound degrades to the last known answer, marked as degraded and aged (44.9199ms)
gateway-web	Run pnpm test	2026-10-06T04:55:52.0569123Z ✔ RS-201: when nothing was ever known, the bound yields NO_DATA and never invents availability (30.4558ms)
gateway-web	Run pnpm test	2026-10-06T04:55:52.0570430Z ✔ RS-201: a probe that throws degrades instead of propagating into the calling path (0.8029ms)
gateway-web	Run pnpm test	2026-10-06T04:55:52.0571602Z ✔ RS-201: the probe reports its own bounds and refuses an unusable configuration (0.3018ms)
gateway-web	Run pnpm test	2026-10-06T04:55:52.0572844Z ✔ RS-201: the outcome vocabulary keeps a degraded answer distinguishable from a fresh one (0.15ms)
gateway-web	Run pnpm test	2026-10-06T04:55:52.0574111Z ✔ a healthy current device is preferred, so nothing moves and nothing is interrupted (3.9669ms)
gateway-web	Run pnpm test	2026-10-06T04:55:52.0575392Z ✔ endpoints are ranked from metadata only, and stale or offline ones are never healthy (2.1109ms)
gateway-web	Run pnpm test	2026-10-06T04:55:52.0576771Z ✔ no execution begins before the V1 device-switch confirmation (1.1153ms)
gateway-web	Run pnpm test	2026-10-06T04:55:52.0577982Z ✔ exactly one canonical Action exists on the execution host, and every event correlates to it (1.3023ms)
gateway-web	Run pnpm test	2026-10-06T04:55:52.0579278Z ✔ remote cancel works from any authorized device and reconciles late results (1.5588ms)
gateway-web	Run pnpm test	2026-10-06T04:55:52.0580592Z ✔ hardware-bound authentication surfaces as ATTENTION_REQUIRED, never as false success (1.0199ms)
gateway-web	Run pnpm test	2026-10-06T04:55:52.0581869Z ✔ semantic input staging carries an explicit cleanup policy, and the router is strict (1.6748ms)
gateway-web	Run pnpm test	2026-10-06T04:55:52.0582979Z ✔ the policy cannot switch off confirmation or the health ceilings (0.5509ms)
gateway-web	Run pnpm test	2026-10-06T04:55:52.0583964Z ✔ the approved endpoint must still be healthy at dispatch time (0.5952ms)
gateway-web	Run pnpm test	2026-10-06T04:55:52.0584930Z ✔ a malformed caller instant is refused as a typed error (0.9329ms)
gateway-web	Run pnpm test	2026-10-06T04:55:52.0586077Z ✔ a settled action is not regressed by a late attention request (0.5232ms)
gateway-web	Run pnpm test	2026-10-06T04:55:52.0587688Z ✔ a cancellation event is terminal because the action is (0.5317ms)
gateway-web	Run pnpm test	2026-10-06T04:55:52.0588791Z ✔ a cyclic caller value cannot crash the freezer, and stored text is typed (1.0635ms)
gateway-web	Run pnpm test	2026-10-06T04:55:52.0589799Z ✔ a non-boolean requirement cannot skip an exclusion (0.3359ms)
gateway-web	Run pnpm test	2026-10-06T04:55:52.0590676Z ✔ a live action id cannot bypass the confirmation gates (0.6044ms)
gateway-web	Run pnpm test	2026-10-06T04:55:52.0591534Z ✔ an executor refusal is not recorded as a dispatch (0.434ms)
gateway-web	Run pnpm test	2026-10-06T04:55:52.0592516Z ✔ a hardware-bound action stays addressable while it awaits the user (0.3115ms)
gateway-web	Run pnpm test	2026-10-06T04:55:52.0593653Z ✔ a success carries its result, and an exact replay is not applied twice (0.3931ms)
gateway-web	Run pnpm test	2026-10-06T04:55:52.0594726Z ✔ a cancellation is only reported when the executor accepted it (0.6014ms)
gateway-web	Run pnpm test	2026-10-06T04:55:52.0596231Z ✔ a known deterministic command consults no JEV and no provider (3.9441ms)
gateway-web	Run pnpm test	2026-10-06T04:55:52.0597577Z ✔ JEV recommends, gateway policy decides, and both are independently auditable (0.7295ms)
gateway-web	Run pnpm test	2026-10-06T04:55:52.0598896Z ✔ unavailable, timed-out, malformed and low-confidence JEV is non-blocking (1.028ms)
gateway-web	Run pnpm test	2026-10-06T04:55:52.0599967Z ✔ JEV cannot execute an Action or grant permission (0.753ms)
gateway-web	Run pnpm test	2026-10-06T04:55:52.0601047Z ✔ engineering intent routes to the Engineering programme, never to General AI (0.7701ms)
gateway-web	Run pnpm test	2026-10-06T04:55:52.0602264Z ✔ the router is strict, frozen and free of ambient state (1.5929ms)
gateway-web	Run pnpm test	2026-10-06T04:55:52.0603488Z ✔ a classification that carries an execution is refused however it is hidden (0.5166ms)
gateway-web	Run pnpm test	2026-10-06T04:55:52.0604818Z ✔ policy values are validated, so a route cannot be invented or a gate removed (0.5684ms)
gateway-web	Run pnpm test	2026-10-06T04:55:52.0605974Z ✔ command records are strict and instants are real (0.9024ms)
gateway-web	Run pnpm test	2026-10-06T04:55:52.0607360Z ✔ deterministic local commands route exactly as before (3.745ms)
gateway-web	Run pnpm test	2026-10-06T04:55:52.0608760Z ✔ an ordinary AI request produces a GENERAL_AI Action with provenance as advanced state (1.7288ms)
gateway-web	Run pnpm test	2026-10-06T04:55:52.0610380Z ✔ device-switch and API proposals never navigate the user away, and remote results return to the action (1.7587ms)
gateway-web	Run pnpm test	2026-10-06T04:55:52.0612062Z ✔ an API proposal requires explicit confirmation and shows the budget outcome before execution (1.2606ms)
gateway-web	Run pnpm test	2026-10-06T04:55:52.0613513Z ✔ attention is projected into canonical shared state, never a GAI-only store (0.9095ms)
gateway-web	Run pnpm test	2026-10-06T04:55:52.0614961Z ✔ cancel and control work from Web and Android for the same Action, with one shared history (0.93ms)
gateway-web	Run pnpm test	2026-10-06T04:55:52.0616504Z ✔ no path claims success while the backend is unavailable, and legacy routes are refused (1.6848ms)
gateway-web	Run pnpm test	2026-10-06T04:55:52.0618017Z ✔ nothing is reported as executed without a channel, and a confirmed device is not rewritten (0.4948ms)
gateway-web	Run pnpm test	2026-10-06T04:55:52.0619408Z ✔ the first terminal result is the action truth and cannot be rewritten (0.6118ms)
gateway-web	Run pnpm test	2026-10-06T04:55:52.0620709Z ✔ the advanced view keeps real identifiers and refuses unreadable provenance (0.6163ms)
gateway-web	Run pnpm test	2026-10-06T04:55:52.0624926Z ✔ a crashing port is a typed refusal and instants are real (0.5119ms)
gateway-web	Run pnpm test	2026-10-06T04:55:52.0627002Z ✔ a cancelled action cannot be advanced, proposed to, projected, or executed (0.5063ms)
gateway-web	Run pnpm test	2026-10-06T04:55:52.0628301Z ✔ an approved API proposal is consumed by its one execution (0.3101ms)
gateway-web	Run pnpm test	2026-10-06T04:55:52.0629486Z ✔ a shared Attention port that refuses is refused, not claimed as canonical state (0.5791ms)
gateway-web	Run pnpm test	2026-10-06T04:55:52.0630755Z ✔ success is refused while canonical attention is outstanding, even after a resume (0.4143ms)
gateway-web	Run pnpm test	2026-10-06T04:55:52.0631943Z ✔ the routing policy decides whether the local matcher runs first (0.3146ms)
gateway-web	Run pnpm test	2026-10-06T04:55:52.0633521Z ✔ the canonical history names the device that acted (0.2807ms)
gateway-web	Run pnpm test	2026-10-06T04:55:52.0634922Z ✔ a device-switch confirmation cannot revive a cancelled action (0.4344ms)
gateway-web	Run pnpm test	2026-10-06T04:55:52.0636273Z ✔ Web is the default execution channel and execution is bound to a profile handle (3.2311ms)
gateway-web	Run pnpm test	2026-10-06T04:55:52.0637730Z ✔ a channel state that cannot execute is a typed refusal (2.1333ms)
gateway-web	Run pnpm test	2026-10-06T04:55:52.0638715Z ✔ partial output is never reported as the final result (0.7872ms)
gateway-web	Run pnpm test	2026-10-06T04:55:52.0639578Z ✔ cancel is typed and idempotent (0.6348ms)
gateway-web	Run pnpm test	2026-10-06T04:55:52.0640764Z ✔ a persistent login survives an allowed restart when the profile handle still resolves (1.1085ms)
gateway-web	Run pnpm test	2026-10-06T04:55:52.0642240Z ✔ a profile that cannot be resolved reports AUTH_REQUIRED instead of a silent fresh login (0.2752ms)
gateway-web	Run pnpm test	2026-10-06T04:55:52.0643512Z ✔ raw cookies, storage and tokens never enter persisted City state (0.6763ms)
gateway-web	Run pnpm test	2026-10-06T04:55:52.0644625Z ✔ real-provider acceptance is recorded, never fabricated (0.387ms)
gateway-web	Run pnpm test	2026-10-06T04:55:52.0646286Z ✔ a restore may not take over a live session (0.8726ms)
gateway-web	Run pnpm test	2026-10-06T04:55:52.0647827Z ✔ a persisted state must be this module version and cannot hide raw browser state (0.5879ms)
gateway-web	Run pnpm test	2026-10-06T04:55:52.0648929Z ✔ a persisted instant must be a real instant (0.5445ms)
gateway-web	Run pnpm test	2026-10-06T04:55:52.0650081Z ✔ a persisted state must be a bare own-property object, and accountRef a reference (0.449ms)
gateway-web	Run pnpm test	2026-10-06T04:55:52.0651651Z ✔ a completion whose session is gone is refused, and case-variant raw state is still raw state (0.5064ms)
gateway-web	Run pnpm test	2026-10-06T04:57:28.7677783Z ✔ two installation launchers share one City across ports and recover the same identity after a crash (118985.4342ms)
gateway-web	Run pnpm test	2026-10-06T04:57:28.9667161Z ✔ forgetting migrated enrollment cannot import the legacy credential again (197.6062ms)
gateway-web	Run pnpm test	2026-10-06T04:57:30.5038464Z ✔ remote short code enrolls with a local member agent and reconnects without launching a host City (1535.8001ms)
gateway-web	Run pnpm test	2026-10-06T04:57:34.2523176Z ✔ PRIMARY launcher reports successful MEMBER transition and normal main restart preserves it (3750.8593ms)
gateway-web	Run pnpm test	2026-10-06T04:57:34.2715931Z ✔ host reservation is atomic across requested ports and retains the canonical data directory (100.6483ms)
gateway-web	Run pnpm test	2026-10-06T04:57:34.2718354Z ✔ joining only demotes the local host, saves its admission name and leaves remote City intact (184.5758ms)
gateway-web	Run pnpm test	2026-10-06T04:57:34.2720163Z ✔ failed pairing and busy local work do not demote or write a new membership (61.0656ms)
gateway-web	Run pnpm test	2026-10-06T04:57:34.2723917Z ✔ native production transition retires only local Gateway and its worker, while remote host stays primary (274.3687ms)
gateway-web	Run pnpm test	2026-10-06T04:57:34.2727020Z ✔ selected MEMBER role survives coordinator crash without replacing the original City pointer (5.0317ms)
gateway-web	Run pnpm test	2026-10-06T04:57:34.2730111Z ✔ startup preflight recognizes old absolute Windows paths and refuses duplicate Cities (6.5004ms)
gateway-web	Run pnpm test	2026-10-06T04:57:34.2734774Z ✔ an interrupted Windows inventory is an explicit blocking error, never an empty host (0.9846ms)
gateway-web	Run pnpm test	2026-10-06T04:57:34.2736144Z ✔ a relative Gateway path with an inconclusive identity probe blocks startup (0.5045ms)
gateway-web	Run pnpm test	2026-10-06T04:57:34.2737572Z ✔ a cold Windows inventory timeout retries one complete scan before declaring the host empty (1.2058ms)
gateway-web	Run pnpm test	2026-10-06T04:57:34.2739244Z ✔ a persistent inventory timeout refuses after exactly two attempts (0.5345ms)
gateway-web	Run pnpm test	2026-10-06T04:57:34.2740315Z ✔ a non-timeout inventory error refuses without retrying (0.538ms)
gateway-web	Run pnpm test	2026-10-06T04:57:34.2742773Z ✔ mixed timeout and non-timeout failures cannot hide a blocking inventory error (0.7574ms)
gateway-web	Run pnpm test	2026-10-06T04:57:34.2746844Z ✔ REVIEW JOIN-501 A1: when ANOTHER client replaces the canonical session, the first page stops showing a dead code (6405.2933ms)
gateway-web	Run pnpm test	2026-10-06T04:57:34.2759434Z ✔ REVIEW JOIN-501 A2: a real WebSocket drop and the product’s own reconnect neither create nor lose a session (6048.3529ms)
gateway-web	Run pnpm test	2026-10-06T04:57:34.2764440Z ✔ REVIEW JOIN-501 A3: a burst of same-task clicks can create at most one session (9729.4722ms)
gateway-web	Run pnpm test	2026-10-06T04:57:34.2772512Z ✔ REVIEW JOIN-501 A4: a code that expires while the tab is HIDDEN is not restored as ACTIVE (12341.5677ms)
gateway-web	Run pnpm test	2026-10-06T04:57:34.2776284Z ✔ JOIN-502: a join request grants nothing until an already trusted device approves it (166.7094ms)
gateway-web	Run pnpm test	2026-10-06T04:57:34.2780665Z ✔ JOIN-502: the browse is authenticated, and a nearby City never makes this City mint a pairing code (656.8149ms)
gateway-web	Run pnpm test	2026-10-06T04:57:34.2784575Z ✔ JOIN-502: a duplicate or replayed request is bounded, not a second approval card (45.766ms)
gateway-web	Run pnpm test	2026-10-06T04:57:34.2787733Z ✔ JOIN-502: a rejected request stays rejected, and re-asking after a rejection is refused (34.4872ms)
gateway-web	Run pnpm test	2026-10-06T04:57:34.2792531Z ✔ JOIN-502: an expired request cannot be approved back into life, and expiry does not need a request to happen (32.1622ms)
gateway-web	Run pnpm test	2026-10-06T04:57:34.2796442Z ✔ JOIN-502: the request list is BOUNDED, and a decision survives a City restart (81.9339ms)
gateway-web	Run pnpm test	2026-10-06T04:57:34.2800083Z ✔ JOIN-502: the state machine refuses what it cannot honour, instead of guessing (4.7352ms)
gateway-web	Run pnpm test	2026-10-06T04:57:34.2802887Z ✔ JOIN-502: an approval reaches OTHER surfaces as a canonical event, not only the owner that made it (60.825ms)
gateway-web	Run pnpm test	2026-10-06T04:57:34.2804426Z ✔ JOIN-502: decisions are canonical events, and their payloads carry no secret (39.2715ms)
gateway-web	Run pnpm test	2026-10-06T04:57:34.2808176Z ✔ JOIN-502 discovery adapter: a discovered City is a candidate, never a credential (2.5067ms)
gateway-web	Run pnpm test	2026-10-06T04:57:34.2810782Z ✔ JOIN-502 discovery adapter: the same City advertised twice is ONE row, and the newest address wins (0.3135ms)
gateway-web	Run pnpm test	2026-10-06T04:57:34.2812725Z ✔ JOIN-502 discovery adapter: a stale or future-dated sighting is not offered, and an unidentified one is not merged (1.126ms)
gateway-web	Run pnpm test	2026-10-06T04:57:34.2814439Z ✔ JOIN-502 discovery adapter: a row with no reachable endpoint is refused rather than offered (0.5334ms)
gateway-web	Run pnpm test	2026-10-06T04:57:34.2816650Z ✔ JOIN-502 discovery adapter: the probe fails SOFT - no probe, no fetch or a bad answer is an empty list (1.402ms)
gateway-web	Run pnpm test	2026-10-06T04:57:34.2818647Z ✔ JOIN-502 gateway browse: mDNS records become RF-003 advertisements, and the contract still refuses to pair from them (2.7265ms)
gateway-web	Run pnpm test	2026-10-06T04:57:34.2820276Z ✔ JOIN-502 gateway browse: the view carries the ADVERTISED address and withholds it once stale (0.4317ms)
gateway-web	Run pnpm test	2026-10-06T04:57:34.2821857Z ✔ JOIN-502 capability statement: a City states what it accepts instead of a client guessing (0.4301ms)
gateway-web	Run pnpm test	2026-10-06T04:57:34.2823261Z ✔ P1-P5 discovery, request, approval and exchange hold the workbook boundaries (462.2458ms)
gateway-web	Run pnpm test	2026-10-06T04:57:34.2824366Z     OBSERVED: /pairing/info bad-version -> 200; /pairing/session bad-version -> 409
gateway-web	Run pnpm test	2026-10-06T04:57:34.2825613Z ✔ P6 REGRESSION PROBE the version check on the legacy public pairing routes (116.5983ms)
gateway-web	Run pnpm test	2026-10-06T04:57:34.2828459Z ✔ the browse is reachable WITHOUT a credential, because a joining PC has none (2077.4753ms)
gateway-web	Run pnpm test	2026-10-06T04:57:34.2830252Z ✔ the DECISION routes stay authenticated: a public read must not widen into a public write (41.058ms)
gateway-web	Run pnpm test	2026-10-06T04:57:34.2831583Z ✔ the version check still applies to the join routes that are public (30.5811ms)
gateway-web	Run pnpm test	2026-10-06T04:57:34.2833018Z ✔ JOIN-502 surface: a nearby City is offered without being trusted, and joining waits for an approval (6447.252ms)
gateway-web	Run pnpm test	2026-10-06T04:57:34.2839724Z ✔ JOIN-502 surface: a refused browse still offers the fallbacks, and a rejected ask leaves the device untrusted (6978.5185ms)
gateway-web	Run pnpm test	2026-10-06T04:57:34.2843658Z ✔ JOIN-503 (1)(2): one join enrolls an installation, and a RESTART reconnects with nothing typed (177.7105ms)
gateway-web	Run pnpm test	2026-10-06T04:57:34.2845945Z ✔ JOIN-503 (3): an EXPIRED session is replaced by an internal re-auth, with no user-visible token prompt (67.2446ms)
gateway-web	Run pnpm test	2026-10-06T04:57:34.2848701Z ✔ JOIN-503 (4)(5): REVOKE denies reconnect, and a revoked installation cannot mint new membership (48.3537ms)
gateway-web	Run pnpm test	2026-10-06T04:57:34.2850973Z ✔ JOIN-503 (6): a REINSTALL mints new identities and is unbound until an explicit rebind (52.5605ms)
gateway-web	Run pnpm test	2026-10-06T04:57:34.2853292Z ✔ JOIN-503 (7): the secret-exposure sweep - no durable secret in the snapshot, events, records or a URL (42.5225ms)
gateway-web	Run pnpm test	2026-10-06T04:57:34.2855483Z ✔ JOIN-503: a broken or foreign device file is refused rather than half-used (5.2229ms)
gateway-web	Run pnpm test	2026-10-06T04:57:34.2859753Z ✔ JOIN-503 (8): the engineering manual fallback still exists and is not the default path (37.5734ms)
gateway-web	Run pnpm test	2026-10-06T04:57:34.2862671Z ✔ JOIN-503: an invite of either shape is understood, and junk is refused instead of guessed at (0.6957ms)
gateway-web	Run pnpm test	2026-10-06T04:57:34.2865151Z ✔ JOIN-503: enrollment events are emitted on a CLONE, which is the population-level half of detection (36.9857ms)
gateway-web	Run pnpm test	2026-10-06T04:57:34.2867264Z ✔ REVIEW JOIN-503 D-1/D-2: a session may act on ITSELF and on nothing else (172.4352ms)
gateway-web	Run pnpm test	2026-10-06T04:57:34.2872491Z ✔ D-1: an enrolled session may NOT revoke another installation, and the refusal really refuses (155.8275ms)
gateway-web	Run pnpm test	2026-10-06T04:57:34.2876461Z ✔ D-2: a session sees ONLY itself - not the roster, and not the City-wide clone scan (53.1511ms)
gateway-web	Run pnpm test	2026-10-06T04:57:34.2878787Z ✔ D-1/D-2: the owner keeps FULL authority, so the repair did not break the surface it protects (61.8261ms)
gateway-web	Run pnpm test	2026-10-06T04:57:34.2880373Z ✔ D-1/D-2: the two sibling guards the review compared against are still in place (44.1818ms)
gateway-web	Run pnpm test	2026-10-06T04:57:34.2882052Z ✔ Android approval enrolls a named member; durable reconnect survives City restart and self-revoke (404.9514ms)
gateway-web	Run pnpm test	2026-10-06T04:57:34.2883924Z ✔ LINK: two independent Cities link over a pipe the main City dialled out, and a join completes across it (172.5206ms)
gateway-web	Run pnpm test	2026-10-06T04:57:34.2885570Z ✔ MESH-301 naming: a fresh machine joins as Alien-Win, and that name is persisted (1.0835ms)
gateway-web	Run pnpm test	2026-10-06T04:57:34.2887027Z ✔ MESH-301 naming: RENAMING changes the label and never the physical identity (0.1654ms)
gateway-web	Run pnpm test	2026-10-06T04:57:34.2888882Z ✔ MESH-301 naming: the persisted identity beats the default even with no arguments at all (0.1491ms)
gateway-web	Run pnpm test	2026-10-06T04:57:34.2890354Z ✔ MESH-301 naming: an explicit environment identity wins and is persisted (0.2024ms)
gateway-web	Run pnpm test	2026-10-06T04:57:34.2891712Z ✔ MESH-301 naming: --id wins, and the flag does NOT swallow the display name (0.3163ms)
gateway-web	Run pnpm test	2026-10-06T04:57:34.2893316Z ✔ MESH-301 naming: an unreadable identity store does not stop the node, and the default still applies (0.3119ms)
gateway-web	Run pnpm test	2026-10-06T04:57:34.2894802Z ✔ targeting: an absent or empty target means untargeted, never an error (1.0799ms)
gateway-web	Run pnpm test	2026-10-06T04:57:34.2896163Z ✔ targeting: a malformed target is a typed refusal, not a silently ignored field (0.271ms)
gateway-web	Run pnpm test	2026-10-06T04:57:34.2897793Z ✔ targeting: the claim rule is total - untargeted always allowed, strict only for the named device (0.1946ms)
gateway-web	Run pnpm test	2026-10-06T04:57:34.2899490Z ✔ targeting: KNOWN, ONLINE and ELIGIBLE are three questions, and only the last one is claimable (0.3693ms)
gateway-web	Run pnpm test	2026-10-06T04:57:34.2901052Z ✔ targeting: a withheld task names the device it is held for and the device that asked (0.9785ms)
gateway-web	Run pnpm test	2026-10-06T04:57:34.2902368Z ✔ targeting: waiting means strict, unfinished and unclaimed (0.1659ms)
gateway-web	Run pnpm test	2026-10-06T04:57:34.2904009Z ✔ MESH-301 step 3: a strict target routes to one device, waits when that device is away, and never reroutes (1408.6005ms)
gateway-web	Run pnpm test	2026-10-06T04:57:34.2905838Z ✔ D-R1: a surface with two sockets is ONE surface, and only the last socket closing announces its departure (1223.8081ms)
gateway-web	Run pnpm test	2026-10-06T04:57:34.2908326Z ✔ D-R1: an ANONYMOUS surface is still recorded, and anonymous sockets do not silence each other (751.79ms)
gateway-web	Run pnpm test	2026-10-06T04:57:34.2909762Z ✔ records mission events and finalizes a verified episode (521.384ms)
gateway-web	Run pnpm test	2026-10-06T04:57:34.2910833Z ✔ refuses same host for migration and verification (318.6731ms)
gateway-web	Run pnpm test	2026-10-06T04:57:34.2912328Z ✔ bounded canonical projection exposes active task, binding and exact event evidence without raw secrets (240.997ms)
gateway-web	Run pnpm test	2026-10-06T04:57:34.2914223Z ✔ overflow and missing history remain visible; fresh snapshot reflects canonical state, not cached truth (189.4022ms)
gateway-web	Run pnpm test	2026-10-06T04:57:34.2915837Z ✔ slow/disconnected observation never gates real canonical task persistence (150.8043ms)
gateway-web	Run pnpm test	2026-10-06T04:57:34.2917440Z ✔ real API claim/report projection follows persisted lifecycle and cannot execute commands (220.0951ms)
gateway-web	Run pnpm test	2026-10-06T04:57:34.2919151Z ✔ stalled HTTP monitor request and broken reader leave independent create/cancel requests working (158.6832ms)
gateway-web	Run pnpm test	2026-10-06T04:57:34.2922294Z ✔ invalid limits cannot create unbounded queries, single flight and unknown populations stay honest (345.9114ms)
gateway-web	Run pnpm test	2026-10-06T04:57:34.2923828Z ✔ deleted historical prefix and tail cannot be reported as complete history (152.2219ms)
gateway-web	Run pnpm test	2026-10-06T04:57:34.2925402Z ✔ Gateway shares outstanding observation and retains stale last view on later source failure (136.0521ms)
gateway-web	Run pnpm test	2026-10-06T04:57:34.2926899Z ✔ Alien: model OWNER_REQUIRED is an escalation, not auto-resolution (20.6912ms)
gateway-web	Run pnpm test	2026-10-06T04:57:34.2928586Z ✔ Alien: canonical observation cannot enqueue decisions after bounded close (2.8431ms)
gateway-web	Run pnpm test	2026-10-06T04:57:34.2931934Z ✔ Alien: retention restart preserves the newest decisions, not UUID lexical order (12.6392ms)
gateway-web	Run pnpm test	2026-10-06T04:57:34.2933903Z ✔ Alien: queue overflow retains canonical evidence and reports failed receipt persistence (1681.8194ms)
gateway-web	Run pnpm test	2026-10-06T04:57:34.2935682Z ✔ Alien: canonical present-but-ineligible target is escalated, not described as recovering offline (10.1547ms)
gateway-web	Run pnpm test	2026-10-06T04:57:34.2937058Z ✔ Alien: a timeout remains measurable when the critic subsequently resolves (22.2684ms)
gateway-web	Run pnpm test	2026-10-06T04:57:34.2938576Z ✔ Alien Gateway: an online ineligible strict target produces an Owner decision with real event evidence (89.8048ms)
gateway-web	Run pnpm test	2026-10-06T04:57:34.2940216Z ✔ Alien browser: polling preserves opened provenance and successful retry clears an old error (2464.5631ms)
gateway-web	Run pnpm test	2026-10-06T04:57:34.2941770Z ✔ Alien browser: unavailable decision persistence is visible even before any write failure (3450.0674ms)
gateway-web	Run pnpm test	2026-10-06T04:57:34.2943257Z ✔ Alien browser: frequent City rendering cannot starve bounded decision polling (4120.5657ms)
gateway-web	Run pnpm test	2026-10-06T04:57:34.2945094Z ✔ MON903 route: a canonical failure becomes a decision receipt with canonical provenance, and the task itself is untouched (259.3671ms)
gateway-web	Run pnpm test	2026-10-06T04:57:34.2946819Z ✔ MON903 route: ordinary City activity produces no decisions at all (257.1455ms)
gateway-web	Run pnpm test	2026-10-06T04:57:34.2948820Z ✔ MON903 route: reading is authenticated, asking for a decision is the owner's, and refusals are typed (187.6708ms)
gateway-web	Run pnpm test	2026-10-06T04:57:34.2950874Z ✔ MON903 route: an explicitly submitted owner-boundary trigger is recorded as owner-required and applied by nobody (197.7551ms)
gateway-web	Run pnpm test	2026-10-06T04:57:34.2952767Z ✔ MON903 route: a decision for one task never blocks another task, and the projection carries both (706.3413ms)
gateway-web	Run pnpm test	2026-10-06T04:57:34.2954596Z ✔ MON903 triggers: only the named canonical events enter the decision path, and ordinary reports do not (330.8975ms)
gateway-web	Run pnpm test	2026-10-06T04:57:34.2956393Z ✔ MON903 ladder: a deterministic rule resolves first and the model is never consulted for it (287.9255ms)
gateway-web	Run pnpm test	2026-10-06T04:57:34.2958397Z ✔ MON903 owner boundary: scope, merge, review and owner-candidate triggers escalate WITHOUT any resolver being asked (48.4969ms)
gateway-web	Run pnpm test	2026-10-06T04:57:34.2960410Z ✔ MON903 fallback: a hanging, throwing or free-text resolver becomes a bounded fallback, never an authority (152.9526ms)
gateway-web	Run pnpm test	2026-10-06T04:57:34.2962380Z ✔ MON903 queues: decisions are per-task, parallel across tasks, bounded per task, and never a global barrier (653.9759ms)
gateway-web	Run pnpm test	2026-10-06T04:57:34.2964582Z ✔ MON903 receipts: bounded contract, provenance, measured post-state, and no applied action anywhere (16.3681ms)
gateway-web	Run pnpm test	2026-10-06T04:57:34.2966962Z ✔ MON903 store: an unusable receipt store degrades the overlay and never prevents the City from starting (finding M-1) (13.9146ms)
gateway-web	Run pnpm test	2026-10-06T04:57:34.2969082Z ✔ MON903 store: the City itself starts and serves decisions when the decision store is unusable (finding M-1, City level) (499.165ms)
gateway-web	Run pnpm test	2026-10-06T04:57:34.2971184Z ✔ MON903 isolation: a reader that throws, a broken receipt file and a failing receipt write cannot break the caller (111.3712ms)
gateway-web	Run pnpm test	2026-10-06T04:57:34.2973032Z ✔ MON903 close: a closed overlay refuses a trigger with its OWN code, not by blaming the trigger (2.5049ms)
gateway-web	Run pnpm test	2026-10-06T04:57:34.2974788Z ✔ MON903 rules: the deterministic layer answers each kind from canonical facts, and invents no default (0.371ms)
gateway-web	Run pnpm test	2026-10-06T04:57:34.2976868Z ✔ MON903 web: the owner sees the decision the City recorded, its provenance, and that nobody applied it (6539.2155ms)
gateway-web	Run pnpm test	2026-10-06T04:57:34.2978636Z ✔ MON903 web: an enrolled member may read what the City decided, and is told who can ask for one (2433.7012ms)
gateway-web	Run pnpm test	2026-10-06T04:57:34.2980186Z ✔ same LAN is direct, and it is chosen FIRST so the common case pays for nothing (2.8907ms)
gateway-web	Run pnpm test	2026-10-06T04:57:34.2981749Z ✔ a peer that cannot be dialled uses the outbound relay when one exists - no account, no router change (0.2504ms)
gateway-web	Run pnpm test	2026-10-06T04:57:34.2983214Z ✔ an overlay the user ALREADY has beats asking them to create one (0.3434ms)
gateway-web	Run pnpm test	2026-10-06T04:57:34.2984675Z ✔ a forwarded port is offered WITH its cost, as an Owner decision rather than a silent choice (0.4492ms)
gateway-web	Run pnpm test	2026-10-06T04:57:34.2986823Z ✔ two PCs on different networks with no relay and no overlay get an HONEST none plus the Owner question (0.6824ms)
gateway-web	Run pnpm test	2026-10-06T04:57:34.2988537Z ✔ a /24 mismatch is only used to prefer a direct attempt, never to claim reachability (0.2275ms)
gateway-web	Run pnpm test	2026-10-06T04:57:34.2989929Z ✔ loopback and Bluetooth are direct, with their reasons stated (0.2974ms)
gateway-web	Run pnpm test	2026-10-06T04:57:34.2991308Z ✔ the group plan reports the HARDEST peer as what the group requires, not the easiest (1.4428ms)
gateway-web	Run pnpm test	2026-10-06T04:57:34.2992894Z ✔ when every peer needs the Owner, the plan says so and lists them rather than offering a spinner (0.5234ms)
gateway-web	Run pnpm test	2026-10-06T04:57:34.2994318Z ✔ an empty group and junk input are answered, not thrown at (0.4345ms)
gateway-web	Run pnpm test	2026-10-06T04:57:34.2995604Z ✔ the preference list is exported so the order is reviewable rather than buried (0.2422ms)
gateway-web	Run pnpm test	2026-10-06T04:57:34.2997063Z ✔ real node executes file checkpoint task; cancelled task stays cancelled (1279.8803ms)
gateway-web	Run pnpm test	2026-10-06T04:57:34.2998687Z ✔ custom City lockout never directs users to an unrelated Alien host; explicit renewal remains usable (144.117ms)
gateway-web	Run pnpm test	2026-10-06T04:57:34.3000259Z ✔ mDNS tries reachable advertised addresses instead of trusting lexical order (24.842ms)
gateway-web	Run pnpm test	2026-10-06T04:57:34.3001687Z ✔ a multicast browse error is unavailable, not a successful empty search (0.4604ms)
gateway-web	Run pnpm test	2026-10-06T04:57:34.3003233Z ✔ Bluetooth scanning decodes the existing Android locator and reports unsupported hosts (0.6389ms)
gateway-web	Run pnpm test	2026-10-06T04:57:34.3004776Z ✔ Bluetooth discovery retains the default HTTP port and verifies the endpoint identity (0.5399ms)
gateway-web	Run pnpm test	2026-10-06T04:57:34.3006399Z ✔ N3: a pairing session offers a WEB link a second PC can open, without replacing the QR payload (25.0867ms)
gateway-web	Run pnpm test	2026-10-06T04:57:34.3008400Z ✔ N3: the session route hands the web link to the surface, so the page has something to show (99.1655ms)
gateway-web	Run pnpm test	2026-10-06T04:57:34.3009804Z ✔ N3: the pairing entry exists in BOTH states the page can be in (1.0945ms)
gateway-web	Run pnpm test	2026-10-06T04:57:34.3011125Z ✔ N3: the page can take a link from the address bar, and it asks before it connects (0.7162ms)
gateway-web	Run pnpm test	2026-10-06T04:57:34.3012549Z ✔ IDLE: no session exists until create() is called, and a read never changes that (1.8038ms)
gateway-web	Run pnpm test	2026-10-06T04:57:34.3013964Z ✔ generate once: exactly one ACTIVE session with the City payload kept verbatim (1.1108ms)
gateway-web	Run pnpm test	2026-10-06T04:57:34.3015780Z ✔ ACTIVE is FINAL against re-generation: a second create() cannot rotate the code (0.9224ms)
gateway-web	Run pnpm test	2026-10-06T04:57:34.3017007Z ✔ ordinary reads keep the SAME id, code and payload (0.2971ms)
gateway-web	Run pnpm test	2026-10-06T04:57:34.3018429Z ✔ CONSUMED: the City reporting a different canonical session ends ACTIVE as USED, not as a mystery (0.2824ms)
gateway-web	Run pnpm test	2026-10-06T04:57:34.3020045Z ✔ EXPIRED: the countdown tick ends the session, names it EXPIRED, and creates nothing (0.2703ms)
gateway-web	Run pnpm test	2026-10-06T04:57:34.3021525Z ✔ a second EXPLICIT generate after expiry produces a new, different session (0.2758ms)
gateway-web	Run pnpm test	2026-10-06T04:57:34.3022979Z ✔ a malformed session response creates nothing (a half-session is not rendered) (0.3444ms)
gateway-web	Run pnpm test	2026-10-06T04:57:34.3024486Z ✔ reload persistence: the SAME valid session is restored, with its original expiry (0.4308ms)
gateway-web	Run pnpm test	2026-10-06T04:57:34.3026123Z ✔ a stored session that expired while the page was away comes back EXPIRED, never as a new code (0.4005ms)
gateway-web	Run pnpm test	2026-10-06T04:57:34.3028346Z ✔ a corrupt or foreign storage record is dropped rather than half-rendered (0.3149ms)
gateway-web	Run pnpm test	2026-10-06T04:57:34.3029692Z ✔ an explicit user clear names its reason and still creates nothing (0.2365ms)
gateway-web	Run pnpm test	2026-10-06T04:57:34.3031074Z ✔ clearOnSessionChanged is a no-op while the City still reports our own session (0.2075ms)
gateway-web	Run pnpm test	2026-10-06T04:57:34.3032605Z ✔ when the City session vanished AND ours is past expiry, the reason reported is EXPIRED (0.1663ms)
gateway-web	Run pnpm test	2026-10-06T04:57:34.3034319Z ✔ a new session after a terminal state is a full fresh display, and generate stays offered only when idle (0.2142ms)
gateway-web	Run pnpm test	2026-10-06T04:57:34.3035928Z ✔ pairing input survives slow typing, refresh, navigation and a failed attempt (14553.0815ms)
gateway-web	Run pnpm test	2026-10-06T04:57:34.3037368Z ✔ a six digit code pairs to the City serving the disconnected page (2282.3468ms)
gateway-web	Run pnpm test	2026-10-06T04:57:34.3038859Z ✔ LAN search selects a peer and hands the code to its origin without a cross-origin POST (4153.6898ms)
gateway-web	Run pnpm test	2026-10-06T04:57:34.3040596Z ✔ BLE_BOOTSTRAP search selects a peer and hands the code to its origin without a cross-origin POST (2931.0996ms)
gateway-web	Run pnpm test	2026-10-06T04:57:34.3042124Z ✔ Bluetooth search is actionable and explains an unavailable radio (3230.0109ms)
gateway-web	Run pnpm test	2026-10-06T04:57:34.3043406Z ✔ a failed code handoff retains the target identity on retries (4007.4707ms)
gateway-web	Run pnpm test	2026-10-06T04:57:34.3045015Z ✔ JOIN-501 acceptance: no implicit generation, an ACTIVE code that cannot rotate, and both terminal states (15685.4221ms)
gateway-web	Run pnpm test	2026-10-06T04:57:34.3046978Z ✔ JOIN-501 real-endpoint receiver: a SECOND process (not the owner page) consumes the code the page shows (6366.8357ms)
gateway-web	Run pnpm test	2026-10-06T04:57:34.3049167Z ✔ JOIN-501 acceptance: expiry ends the display by itself, and the expiry path creates nothing (6564.9729ms)
gateway-web	Run pnpm test	2026-10-06T04:57:34.3050940Z ✔ JOIN-501: a fresh browser session starts with NO code, and a stored expired record is never exchanged (5398.1922ms)
gateway-web	Run pnpm test	2026-10-06T04:57:34.3053999Z ✔ short code preserves identity pinning, reports lockout, and never sends a code to the wrong City (137.8593ms)
gateway-web	Run pnpm test	2026-10-06T04:57:34.3055850Z ✔ code handoff carries only a selected City, six digits and the existing transport in a fragment (0.8253ms)
gateway-web	Run pnpm test	2026-10-06T04:57:34.3057728Z ✔ pairing sessions exchange once, expire and reject secret/code guesses without exposing credentials (211.3705ms)
gateway-web	Run pnpm test	2026-10-06T04:57:34.3059472Z ✔ descriptor validation rejects invalid input and conflicts, discovery TXT excludes secrets (0.9501ms)
gateway-web	Run pnpm test	2026-10-06T04:57:34.3060902Z ✔ T1: the Web shell is served from apps/web and cannot be escaped (114.6875ms)
gateway-web	Run pnpm test	2026-10-06T04:57:34.3062014Z ✔ T1: rooms are reported truthfully when the hub is up (40.8155ms)
gateway-web	Run pnpm test	2026-10-06T04:57:34.3063058Z ✔ T1: an unreachable Room Hub is a state, not an error (37.4192ms)
gateway-web	Run pnpm test	2026-10-06T04:57:34.3064172Z ✔ T2: a Room Action keeps the Room own truth and is idempotent (48.3617ms)
gateway-web	Run pnpm test	2026-10-06T04:57:34.3065299Z ✔ T2: a Capability Action carries the real invocation identity (84.9619ms)
gateway-web	Run pnpm test	2026-10-06T04:57:34.3066648Z ✔ T2: a City task is UNAVAILABLE with no node, and follows the real task when there is one (50.0511ms)
gateway-web	Run pnpm test	2026-10-06T04:57:34.3068942Z ✔ T3: Ask / Do routes deterministically, refuses to guess, and confirms side effects (381.8232ms)
gateway-web	Run pnpm test	2026-10-06T04:57:34.3070216Z ✔ scope: no BOSS or HNS route can be created, by any path (32.7473ms)
gateway-web	Run pnpm test	2026-10-06T04:57:34.3071263Z ✔ T1.1: health reflects real readiness instead of being a constant (49.6714ms)
gateway-web	Run pnpm test	2026-10-06T04:57:34.3072424Z ✔ T2: an idempotency key is bound to one request (35.4307ms)
gateway-web	Run pnpm test	2026-10-06T04:57:34.3073531Z ✔ T2: City task provenance follows the real task state (37.5887ms)
gateway-web	Run pnpm test	2026-10-06T04:57:34.3074857Z ✔ network: local beats LAN beats remote beats unknown, and latency only ever removes score (2.2008ms)
gateway-web	Run pnpm test	2026-10-06T04:57:34.3076321Z ✔ capacity: missing telemetry is EXCLUDED, never defaulted to a middle value (0.3996ms)
gateway-web	Run pnpm test	2026-10-06T04:57:34.3078023Z ✔ role: a City already carrying devices outranks an identical empty one, and a known City outranks a stranger (0.2658ms)
gateway-web	Run pnpm test	2026-10-06T04:57:34.3080101Z ✔ recommendation: the best carrier wins on network + capacity together, not on either alone (0.6144ms)
gateway-web	Run pnpm test	2026-10-06T04:57:34.3081906Z ✔ recommendation: a candidate with NO telemetry falls back to network+role rather than scoring zero capacity (0.2963ms)
gateway-web	Run pnpm test	2026-10-06T04:57:34.3083637Z ✔ recommendation: an EMPTY list recommends nothing, and says why instead of throwing (0.7553ms)
gateway-web	Run pnpm test	2026-10-06T04:57:34.3085363Z ✔ recommendation: the order is DETERMINISTIC for equal scores, so the list cannot reshuffle between renders (10.0181ms)
gateway-web	Run pnpm test	2026-10-06T04:57:34.3088486Z ✔ recommendation: a single loopback City is recommended with the honest reason that it is the only one (0.265ms)
gateway-web	Run pnpm test	2026-10-06T04:57:34.3090025Z ✔ weights are exported and the balance is visible rather than guessed (0.2479ms)
gateway-web	Run pnpm test	2026-10-06T04:57:34.3091419Z ✔ attachment: wired beats wireless for a CARRIER, and a metered link is halved (0.3076ms)
gateway-web	Run pnpm test	2026-10-06T04:57:34.3092972Z ✔ group carrier: a City nobody else can reach is NOT the carrier, however powerful the machine (0.5342ms)
gateway-web	Run pnpm test	2026-10-06T04:57:34.3094764Z ✔ group carrier: when one City is reachable by every peer it wins, even against a higher-scoring partial one (0.276ms)
gateway-web	Run pnpm test	2026-10-06T04:57:34.3096676Z ✔ group carrier: with no peer reachability reported, it says the ranking alone decided rather than implying a check (0.1906ms)
gateway-web	Run pnpm test	2026-10-06T04:57:34.3098311Z ✔ group carrier: an empty topology answers honestly instead of throwing (0.1753ms)
gateway-web	Run pnpm test	2026-10-06T04:57:34.3099724Z ✔ the old inline implementation throws on empty output, which is the regression (2.4206ms)
gateway-web	Run pnpm test	2026-10-06T04:57:34.3101088Z ✔ empty output is read as "already gone", not as an unparseable error (0.4827ms)
gateway-web	Run pnpm test	2026-10-06T04:57:34.3102255Z ✔ "null" from ConvertTo-Json is also treated as already gone (0.154ms)
gateway-web	Run pnpm test	2026-10-06T04:57:34.3103262Z ✔ a live, matching process verifies through CIM (0.2169ms)
gateway-web	Run pnpm test	2026-10-06T04:57:34.3104440Z ✔ a live process running something else is a FATAL mismatch, as it was before (0.2081ms)
gateway-web	Run pnpm test	2026-10-06T04:57:34.3105778Z ✔ a quoting-safe array result is handled as well as a single object (0.186ms)
gateway-web	Run pnpm test	2026-10-06T04:57:34.3106968Z ✔ a missing CommandLine field is not mistaken for a match (0.2814ms)
gateway-web	Run pnpm test	2026-10-06T04:57:34.3110990Z ✔ when CIM is unusable, tasklist still catches a plainly wrong process (0.2811ms)
gateway-web	Run pnpm test	2026-10-06T04:57:34.3112339Z ✔ tasklist reporting no match is already-gone rather than unavailable (0.29ms)
gateway-web	Run pnpm test	2026-10-06T04:57:34.3113540Z ✔ both probes failing is unavailable and aborts before stopping any process (0.3663ms)
gateway-web	Run pnpm test	2026-10-06T04:57:34.3115018Z ✔ unparseable-but-non-empty CIM output falls through to the weaker probe instead of claiming absence (0.273ms)
gateway-web	Run pnpm test	2026-10-06T04:57:34.3116341Z ✔ a UTF-8 BOM on the output does not break parsing (0.1715ms)
gateway-web	Run pnpm test	2026-10-06T04:57:34.3117289Z ✔ every returned status is one of the declared statuses (0.254ms)
gateway-web	Run pnpm test	2026-10-06T04:57:34.3118378Z ✔ a non-numeric PID is fatal and never reaches a command line (0.1329ms)
gateway-web	Run pnpm test	2026-10-06T04:57:34.3119456Z ✔ the CIM and tasklist filters refuse a non-numeric PID outright (0.4138ms)
gateway-web	Run pnpm test	2026-10-06T04:57:34.3120915Z ✔ only positively verified identity permits stopping a PID (0.184ms)
gateway-web	Run pnpm test	2026-10-06T04:57:34.3133997Z ✔ runner stops file side effects when gateway has made task terminal (1.0993ms)
gateway-web	Run pnpm test	2026-10-06T04:57:34.3135805Z ✔ runner returns failed report for retry when transport is unavailable (0.4499ms)
gateway-web	Run pnpm test	2026-10-06T04:57:34.3142735Z ✔ S1: a peer that cannot be dialled registers over an OUTBOUND socket, and the City names its ref (91.3735ms)
gateway-web	Run pnpm test	2026-10-06T04:57:34.3144525Z ✔ S1: admission reuses the City’s OWN credentials - a session ref comes from the registry, and a bad one is refused (70.8509ms)
gateway-web	Run pnpm test	2026-10-06T04:57:34.3146815Z ✔ S3: a real join completes over the pipe - the CITY runs the payload, the owner approves, the claim is spent once (61.0836ms)
gateway-web	Run pnpm test	2026-10-06T04:57:34.3148500Z ✔ S3: without approval the pipe grants nothing - the City is not joined just because a path exists (31.0612ms)
gateway-web	Run pnpm test	2026-10-06T04:57:34.3150071Z ✔ S2/S3: the relay refuses to be an open proxy - no path outside the list, and no widening by method (61.5326ms)
gateway-web	Run pnpm test	2026-10-06T04:57:34.3152337Z ✔ S3: a City refusal travels back as its OWN status, so the surface can say why instead of "unreachable" (24.6066ms)
gateway-web	Run pnpm test	2026-10-06T04:57:34.3154139Z ✔ S2: the dialling peer also SERVES the City - a payload the City PUSHES runs on the City it was dialled to (26.5657ms)
gateway-web	Run pnpm test	2026-10-06T04:57:34.3155831Z ✔ N2: the whole cross-network join runs over the pipe - capability, ask, decision, credential (99.0731ms)
gateway-web	Run pnpm test	2026-10-06T04:57:34.3157412Z ✔ N2: a rejection is reported AS a rejection and never retried; the flow stops there (89.4414ms)
gateway-web	Run pnpm test	2026-10-06T04:57:34.3158681Z ✔ N2: a pipe that answers for ANOTHER City is refused before an ask is created (26.2892ms)
gateway-web	Run pnpm test	2026-10-06T04:57:34.3160139Z ✔ N2: the reach decision sends the same link to navigation and the far network to the pipe (0.4274ms)
gateway-web	Run pnpm test	2026-10-06T04:57:34.3161724Z ✔ S1: a pipe that never stops is rate-limited, and the version check still applies to the handshake (973.2165ms)
gateway-web	Run pnpm test	2026-10-06T04:57:34.3163345Z ✔ an admitted peer registers and is listed; a refused one is refused WITH a reason (3.7055ms)
gateway-web	Run pnpm test	2026-10-06T04:57:34.3164807Z ✔ a forwarded request reaches the peer and its answer comes back to the caller (0.6887ms)
gateway-web	Run pnpm test	2026-10-06T04:57:34.3166549Z ✔ forwarding to a peer that is not connected is a typed 404, not a hang (0.2043ms)
gateway-web	Run pnpm test	2026-10-06T04:57:34.3167940Z ✔ a peer that never answers produces a TIMEOUT rather than an unbounded wait (51.2244ms)
gateway-web	Run pnpm test	2026-10-06T04:57:34.3169126Z ✔ the in-flight cap is a REFUSAL, not a queue (0.6042ms)
gateway-web	Run pnpm test	2026-10-06T04:57:34.3170431Z ✔ an answer nobody is waiting for is dropped, and an answer from the WRONG peer is not accepted (0.5106ms)
gateway-web	Run pnpm test	2026-10-06T04:57:34.3171905Z ✔ a peer answering with an error rejects the caller with that error, typed (0.3898ms)
gateway-web	Run pnpm test	2026-10-06T04:57:34.3173399Z ✔ a re-dial REPLACES the old connection for that peer rather than leaving two live pipes (0.2759ms)
gateway-web	Run pnpm test	2026-10-06T04:57:34.3174692Z ✔ the peer cap and close() are both refusals rather than silent behaviour (0.5898ms)
gateway-web	Run pnpm test	2026-10-06T04:57:34.3176072Z ✔ a write that throws fails THAT request instead of corrupting the hub (0.4485ms)
gateway-web	Run pnpm test	2026-10-06T04:57:34.3177373Z ✔ a bootstrap payload is a pointer to the pairing path, never trust (3.5774ms)
gateway-web	Run pnpm test	2026-10-06T04:57:34.3178470Z ✔ a MAC address is never consulted for a decision (0.3744ms)
gateway-web	Run pnpm test	2026-10-06T04:57:34.3179586Z ✔ an expired or replayed bootstrap is refused without partial state (0.5048ms)
gateway-web	Run pnpm test	2026-10-06T04:57:34.3180939Z ✔ the IP handoff requires trust and re-verifies the fingerprint on the new path (0.9947ms)
gateway-web	Run pnpm test	2026-10-06T04:57:34.3182052Z ✔ scanning is bounded and payloads are strict (1.1108ms)
gateway-web	Run pnpm test	2026-10-06T04:57:34.3183001Z ✔ a bootstrap window is bounded and a junk clock is a refusal (0.6868ms)
gateway-web	Run pnpm test	2026-10-06T04:57:34.3183935Z ✔ an expired bootstrap cannot be handed off (0.3835ms)
gateway-web	Run pnpm test	2026-10-06T04:57:34.3184955Z ✔ a payload must carry a real nonce, real candidates and its own fields (0.5343ms)
gateway-web	Run pnpm test	2026-10-06T04:57:34.3186126Z ✔ a bootstrap payload is strict, and replay protection is auditable (0.6546ms)
gateway-web	Run pnpm test	2026-10-06T04:57:34.3188241Z ✔ two heterogeneous devices advertise different implementations of one logical capability (4.6798ms)
gateway-web	Run pnpm test	2026-10-06T04:57:34.3189597Z ✔ callers resolve a compatible version without knowing the device class (3.3348ms)
gateway-web	Run pnpm test	2026-10-06T04:57:34.3190890Z ✔ an unsupported version fails explicitly instead of being coerced (0.9663ms)
gateway-web	Run pnpm test	2026-10-06T04:57:34.3192209Z ✔ capability loss invalidates new invocations and stays visible in state (1.3822ms)
gateway-web	Run pnpm test	2026-10-06T04:57:34.3193718Z ✔ exclusive/shared/background and live/queue metadata survive serialization and versioning (1.4695ms)
gateway-web	Run pnpm test	2026-10-06T04:57:34.3195183Z ✔ an advertised capability is availability metadata, never permission (1.0932ms)
gateway-web	Run pnpm test	2026-10-06T04:57:34.3196362Z ✔ the registry is strict, frozen and free of ambient state (2.369ms)
gateway-web	Run pnpm test	2026-10-06T04:57:34.3197578Z ✔ canonical execution metadata is decided by own keys, not the prototype chain (0.5481ms)
gateway-web	Run pnpm test	2026-10-06T04:57:34.3198895Z ✔ a malformed or impossible caller instant is refused as a typed error (1.4811ms)
gateway-web	Run pnpm test	2026-10-06T04:57:34.3200483Z ✔ an expired advertisement cannot be invoked by naming an earlier instant (0.78ms)
gateway-web	Run pnpm test	2026-10-06T04:57:34.3201685Z ✔ a refused wire payload leaves the registry untouched (0.4526ms)
gateway-web	Run pnpm test	2026-10-06T04:57:34.3202937Z ✔ a wire snapshot may not replace newer state or silently clear a recorded loss (0.9424ms)
gateway-web	Run pnpm test	2026-10-06T04:57:34.3204276Z ✔ the wire path enforces the same validation as direct advertisement (1.1959ms)
gateway-web	Run pnpm test	2026-10-06T04:57:34.3205566Z ✔ a capability id whose major is not a safe integer is not addressable (0.274ms)
gateway-web	Run pnpm test	2026-10-06T04:57:34.3207197Z ✔ a declared canonical execution field is never silently downgraded (0.3822ms)
gateway-web	Run pnpm test	2026-10-06T04:57:34.3208435Z ✔ the advertisement TTL ceiling cannot be lifted by the caller (0.6412ms)
gateway-web	Run pnpm test	2026-10-06T04:57:34.3209751Z ✔ the advertisements() surface is frozen like every other descriptor surface (0.4423ms)
gateway-web	Run pnpm test	2026-10-06T04:57:34.3211138Z ✔ the public surface is frozen and a mock or real adapter satisfies it unchanged (5.2134ms)
gateway-web	Run pnpm test	2026-10-06T04:57:34.3212480Z ✔ policy denial stays a denial even on a perfect authenticated session (1.7641ms)
gateway-web	Run pnpm test	2026-10-06T04:57:34.3213790Z ✔ an advertised capability without effective permission cannot execute (0.5361ms)
gateway-web	Run pnpm test	2026-10-06T04:57:34.3215310Z ✔ foreground-sensitive resources are enforced locally without Fabric deciding ownership (0.7996ms)
gateway-web	Run pnpm test	2026-10-06T04:57:34.3216832Z ✔ Fabric holds no task graph, no assistant state and no competing identity namespace (1.1976ms)
gateway-web	Run pnpm test	2026-10-06T04:57:34.3218175Z ✔ integration seams are recorded without importing a sibling branch (0.9586ms)
gateway-web	Run pnpm test	2026-10-06T04:57:34.3219627Z ✔ the resource class and the local confirmation requirement cannot be dodged by the request (0.8645ms)
gateway-web	Run pnpm test	2026-10-06T04:57:34.3220914Z ✔ a session authorizes only the device it was opened for (0.5ms)
gateway-web	Run pnpm test	2026-10-06T04:57:34.3222079Z ✔ the adapter cannot hand back a colliding or unauthenticated session (0.4174ms)
gateway-web	Run pnpm test	2026-10-06T04:57:34.3223355Z ✔ a Fabric with no policy port refuses rather than granting every axis (0.4378ms)
gateway-web	Run pnpm test	2026-10-06T04:57:34.3225159Z ✔ revocation reports the presence it can actually observe and releases the foreground claim (0.4235ms)
gateway-web	Run pnpm test	2026-10-06T04:57:34.3226523Z ✔ a failed transport invoke leaves no foreground claim behind (0.5375ms)
gateway-web	Run pnpm test	2026-10-06T04:57:34.3227924Z ✔ subscription and stream inputs are bounded (0.5638ms)
gateway-web	Run pnpm test	2026-10-06T04:57:34.3228899Z ✔ a malformed caller instant is refused as a typed error (0.6248ms)
gateway-web	Run pnpm test	2026-10-06T04:57:34.3230123Z ✔ the foreground policy config and the adapter port are validated rather than trusted (0.4715ms)
gateway-web	Run pnpm test	2026-10-06T04:57:34.3231334Z ✔ a stream runs the same gates as an invocation (0.621ms)
gateway-web	Run pnpm test	2026-10-06T04:57:34.3232414Z ✔ an exclusive foreground resource needs the action that owns it (0.3528ms)
gateway-web	Run pnpm test	2026-10-06T04:57:34.3233542Z ✔ the adapter interface and its failures are typed (0.5012ms)
gateway-web	Run pnpm test	2026-10-06T04:57:34.3234524Z ✔ a cyclic policy config cannot crash the freezer (0.1939ms)
gateway-web	Run pnpm test	2026-10-06T04:57:34.3235680Z ✔ the advertised capability version is normalized before it is compared (0.263ms)
gateway-web	Run pnpm test	2026-10-06T04:57:34.3237263Z ✔ the emitted denial reason is part of the exported vocabulary (0.1129ms)
gateway-web	Run pnpm test	2026-10-06T04:57:34.3238335Z ✔ a calendar-impossible instant is refused (0.2052ms)
gateway-web	Run pnpm test	2026-10-06T04:57:34.3239693Z ✔ one invite renders as code, deep link, web link and QR payload without creating trust records (3.633ms)
gateway-web	Run pnpm test	2026-10-06T04:57:34.3241359Z ✔ expired, cancelled and already-used invites fail with one indistinguishable generic error (2.0811ms)
gateway-web	Run pnpm test	2026-10-06T04:57:34.3242807Z ✔ guessing is rate-limited and never reveals whether a device exists (0.8501ms)
gateway-web	Run pnpm test	2026-10-06T04:57:34.3244225Z ✔ entering an invite reaches pairing preview but cannot invoke capabilities before confirmation (0.7678ms)
gateway-web	Run pnpm test	2026-10-06T04:57:34.3245801Z ✔ an invite is a one-time rendezvous, and after trust it can no longer reconnect anything (1.528ms)
gateway-web	Run pnpm test	2026-10-06T04:57:34.3247538Z ✔ the rendezvous service stays independent of the eventual data path (1.4395ms)
gateway-web	Run pnpm test	2026-10-06T04:57:34.3248736Z ✔ invite policy values are bounded, so a locator cannot be eternal (0.5937ms)
gateway-web	Run pnpm test	2026-10-06T04:57:34.3252439Z ✔ a hostile link is a bad link, never a crash (0.2778ms)
gateway-web	Run pnpm test	2026-10-06T04:57:34.3253569Z ✔ a consumed invite keeps its outcome, and an impossible instant is typed (0.6366ms)
gateway-web	Run pnpm test	2026-10-06T04:57:34.3255108Z ✔ enumeration is throttled even without a client reference, and an unparseable instant is refused (0.9812ms)
gateway-web	Run pnpm test	2026-10-06T04:57:34.3257199Z ✔ an adapter discovers a peer on the LAN without manual address entry (4.0208ms)
gateway-web	Run pnpm test	2026-10-06T04:57:34.3258514Z ✔ wired and Wi-Fi sightings normalize to the same device abstraction (0.5612ms)
gateway-web	Run pnpm test	2026-10-06T04:57:34.3259791Z ✔ duplicate and stale advertisements never create duplicate logical devices (10.8665ms)
gateway-web	Run pnpm test	2026-10-06T04:57:34.3260868Z ✔ an untrusted candidate cannot invoke anything (0.3725ms)
gateway-web	Run pnpm test	2026-10-06T04:57:34.3262020Z ✔ only a trusted node with the right fingerprint upgrades to an encrypted direct path (0.5891ms)
gateway-web	Run pnpm test	2026-10-06T04:57:34.3263523Z ✔ a local network change re-resolves addresses without changing logical identity (1.6309ms)
gateway-web	Run pnpm test	2026-10-06T04:57:34.3264685Z ✔ discovery and fallback scanning stay bounded (3.0389ms)
gateway-web	Run pnpm test	2026-10-06T04:57:34.3265725Z ✔ advertisements are strict, and metadata is never a required identity (0.4017ms)
gateway-web	Run pnpm test	2026-10-06T04:57:34.3267056Z ✔ freshness is a two-sided bound: a replayed future sighting is never current (0.4761ms)
gateway-web	Run pnpm test	2026-10-06T04:57:34.3269352Z ✔ an impossible calendar instant is refused, not read as "not stale" (0.3269ms)
gateway-web	Run pnpm test	2026-10-06T04:57:34.3270639Z ✔ an advertisement must carry its fields as own properties on a bare object (0.4299ms)
gateway-web	Run pnpm test	2026-10-06T04:57:34.3271661Z ✔ the per-round advertisement cap is two-sided (4.0009ms)
gateway-web	Run pnpm test	2026-10-06T04:57:34.3274268Z ✔ two different unidentified devices never collapse on a display name (1.0322ms)
gateway-web	Run pnpm test	2026-10-06T04:57:34.3275409Z ✔ one address has exactly one canonical spelling (0.3299ms)
gateway-web	Run pnpm test	2026-10-06T04:57:34.3276411Z ✔ a stale freshness snapshot is never re-emitted as a current verdict (0.5681ms)
gateway-web	Run pnpm test	2026-10-06T04:57:34.3277742Z ✔ logical identity preservation is computed, not asserted (0.348ms)
gateway-web	Run pnpm test	2026-10-06T04:57:34.3278990Z ✔ native and browser invites retain the target address rather than falling back to this host (1.4117ms)
gateway-web	Run pnpm test	2026-10-06T04:57:34.3280419Z ✔ remote reconnect stays on the recorded origin and rejects a different City response (2.2686ms)
gateway-web	Run pnpm test	2026-10-06T04:57:34.3281832Z ✔ callers use one Fabric surface while the transport implementation is swapped underneath (4.9933ms)
gateway-web	Run pnpm test	2026-10-06T04:57:34.3283630Z ✔ path selection prefers a usable direct route and falls back to relay honestly (1.1094ms)
gateway-web	Run pnpm test	2026-10-06T04:57:34.3285370Z ✔ an unauthenticated or unencrypted path is never adopted, not even on the LAN (1.0689ms)
gateway-web	Run pnpm test	2026-10-06T04:57:34.3287100Z ✔ a relay forwards opaque payloads and can never authorize a peer (1.6488ms)
gateway-web	Run pnpm test	2026-10-06T04:57:34.3288243Z ✔ path loss migrates without a new logical device or a duplicated command (1.3298ms)
gateway-web	Run pnpm test	2026-10-06T04:57:34.3290536Z ✔ one exclusive action can never end up with two authoritative sessions (0.7156ms)
gateway-web	Run pnpm test	2026-10-06T04:57:34.3291844Z ✔ path metadata is bounded, secret-free and frozen (0.986ms)
gateway-web	Run pnpm test	2026-10-06T04:57:34.3292757Z ✔ a caller-supplied instant is validated on every path (0.6241ms)
gateway-web	Run pnpm test	2026-10-06T04:57:34.3293854Z ✔ the preference list may narrow the canonical order but never promote relay (0.5733ms)
gateway-web	Run pnpm test	2026-10-06T04:57:34.3294900Z ✔ a path descriptor reports what the adapter measured (0.5502ms)
gateway-web	Run pnpm test	2026-10-06T04:57:34.3295872Z ✔ a transport fault during send is typed and records no command (0.4983ms)
gateway-web	Run pnpm test	2026-10-06T04:57:34.3296868Z ✔ the secret scan sees hidden own keys and survives a cycle (0.3432ms)
gateway-web	Run pnpm test	2026-10-06T04:57:34.3297937Z ✔ presence is honest, distinct and never collapses into ONLINE or FAILED (6.0958ms)
gateway-web	Run pnpm test	2026-10-06T04:57:34.3299040Z ✔ a silent node becomes UNREACHABLE rather than ONLINE or FAILED (1.9735ms)
gateway-web	Run pnpm test	2026-10-06T04:57:34.3300061Z ✔ queueable work expires and live-only actions never run late (1.594ms)
gateway-web	Run pnpm test	2026-10-06T04:57:34.3301116Z ✔ an unknown transport outcome stays UNKNOWN until it is reconciled (1.0712ms)
gateway-web	Run pnpm test	2026-10-06T04:57:34.3302462Z ✔ reconnect revalidates identity, trust, capability, presence and authority before resuming (2.4151ms)
gateway-web	Run pnpm test	2026-10-06T04:57:34.3304057Z ✔ a stale replay after reconnect cannot duplicate a completed side effect (0.987ms)
gateway-web	Run pnpm test	2026-10-06T04:57:34.3305328Z ✔ the audit log carries causal identifiers and no secrets, and state is isolated (1.7801ms)
gateway-web	Run pnpm test	2026-10-06T04:57:34.3306541Z ✔ the audit sequence stays monotonic and retention is reported honestly (0.5554ms)
gateway-web	Run pnpm test	2026-10-06T04:57:34.3307584Z ✔ the audit secret-freedom claim is checked, not asserted (0.7432ms)
gateway-web	Run pnpm test	2026-10-06T04:57:34.3308533Z ✔ a malformed caller instant is refused as a typed error (1.2319ms)
gateway-web	Run pnpm test	2026-10-06T04:57:34.3309419Z ✔ an observation instant may not lie in the future (0.5529ms)
gateway-web	Run pnpm test	2026-10-06T04:57:34.3310324Z ✔ a backdated instant cannot make a silent node reachable (0.4646ms)
gateway-web	Run pnpm test	2026-10-06T04:57:34.3311312Z ✔ a backdated instant cannot revive an expired queued action (0.3901ms)
gateway-web	Run pnpm test	2026-10-06T04:57:34.3312264Z ✔ a replayed enqueue cannot clear an unknown outcome (1.0356ms)
gateway-web	Run pnpm test	2026-10-06T04:57:34.3313122Z ✔ a settled outcome is never regressed to UNKNOWN (0.6836ms)
gateway-web	Run pnpm test	2026-10-06T04:57:34.3316255Z ✔ identifiers are text, so a cyclic object cannot reach the freezer (0.8589ms)
gateway-web	Run pnpm test	2026-10-06T04:57:34.3317455Z ✔ the presence policy is a bound, so it is validated (0.5212ms)
gateway-web	Run pnpm test	2026-10-06T04:57:34.3318594Z ✔ an impossible queue deadline is refused rather than never expiring (0.3991ms)
gateway-web	Run pnpm test	2026-10-06T04:57:34.3319909Z ✔ a duplicate check needs a subject and does not match one it was not given (0.4236ms)
gateway-web	Run pnpm test	2026-10-06T04:57:34.3321025Z ✔ a refusal that protects new work is audited (0.2778ms)
gateway-web	Run pnpm test	2026-10-06T04:57:34.3321936Z ✔ refreshed reconnect state is a plain record (0.2219ms)
gateway-web	Run pnpm test	2026-10-06T04:57:34.3323108Z ✔ an effect confirmed without an in-flight command still suppresses its replay (0.3887ms)
gateway-web	Run pnpm test	2026-10-06T04:57:34.3324471Z ✔ a presence record may not be rebound to another logical identity (0.4007ms)
gateway-web	Run pnpm test	2026-10-06T04:57:34.3326287Z ✔ a live action cannot be downgraded by a non-boolean flag (0.4587ms)
gateway-web	Run pnpm test	2026-10-06T04:57:34.3327374Z ✔ a measurement is validated before any state changes (0.3841ms)
gateway-web	Run pnpm test	2026-10-06T04:57:34.3328662Z ✔ RPC, EVENT and STREAM are separate versioned envelopes with opaque domain payloads (4.8079ms)
gateway-web	Run pnpm test	2026-10-06T04:57:34.3330275Z ✔ a retried idempotent command does not repeat the effect, and a new command id is a new action (2.0033ms)
gateway-web	Run pnpm test	2026-10-06T04:57:34.3331970Z ✔ delivery, acceptance, running and completion are observably distinct, and ack is never success (0.7241ms)
gateway-web	Run pnpm test	2026-10-06T04:57:34.3333451Z ✔ a deadline stops a stale interactive command from executing later (0.7033ms)
gateway-web	Run pnpm test	2026-10-06T04:57:34.3334826Z ✔ event subscriptions reconnect and replay with ordering, causation and gap reporting (1.3201ms)
gateway-web	Run pnpm test	2026-10-06T04:57:34.3336243Z ✔ stream lifecycle, backpressure and cancellation are independent of RPC (1.3127ms)
gateway-web	Run pnpm test	2026-10-06T04:57:34.3337668Z ✔ the data plane is strict, frozen, and keeps task truth outside the transport session (0.7622ms)
gateway-web	Run pnpm test	2026-10-06T04:57:34.3339332Z ✔ canonical envelopes are decided by own keys on a plain record (0.5127ms)
gateway-web	Run pnpm test	2026-10-06T04:57:34.3340594Z ✔ reference fields are text, so a cyclic object cannot reach the freezer (0.5273ms)
gateway-web	Run pnpm test	2026-10-06T04:57:34.3341933Z ✔ an object-valued action reference cannot turn a retry into a different action (0.4077ms)
gateway-web	Run pnpm test	2026-10-06T04:57:34.3343099Z ✔ a malformed caller instant is refused as a typed error (1.0879ms)
gateway-web	Run pnpm test	2026-10-06T04:57:34.3344179Z ✔ a deadline is judged at the registry clock and bounded by policy (0.6444ms)
gateway-web	Run pnpm test	2026-10-06T04:57:34.3345420Z ✔ a sweep cannot expire a command before its deadline by naming a later instant (0.2525ms)
gateway-web	Run pnpm test	2026-10-06T04:57:34.3347166Z ✔ a contiguous replay never reports a phantom gap, and its resume point is validated (0.5261ms)
gateway-web	Run pnpm test	2026-10-06T04:57:34.3348457Z ✔ an execution result must be terminal and must carry a real result reference (0.4899ms)
gateway-web	Run pnpm test	2026-10-06T04:57:34.3350381Z ✔ a retry may only replay the result its own command produced (0.3806ms)
gateway-web	Run pnpm test	2026-10-06T04:57:34.3354592Z ✔ a reused command id may not silently change the subject it addresses (0.3807ms)
gateway-web	Run pnpm test	2026-10-06T04:57:34.3355807Z ✔ stream accounting cannot run backwards or exceed the configured window (0.4619ms)
gateway-web	Run pnpm test	2026-10-06T04:57:34.3356850Z ✔ a replayed setup envelope cannot clobber live state (0.6001ms)
gateway-web	Run pnpm test	2026-10-06T04:57:34.3358004Z ✔ data and control paths declare their arguments instead of swallowing envelope tags (0.329ms)
gateway-web	Run pnpm test	2026-10-06T04:57:34.3359470Z ✔ Alien independently constructs all workbook negative cases and restart seed consistency (311.4622ms)
gateway-web	Run pnpm test	2026-10-06T04:57:34.3361001Z ✔ a manifest with only a movable branch must not pass exact software provenance validation (160.0682ms)
gateway-web	Run pnpm test	2026-10-06T04:57:34.3364523Z ✔ two equal host references are one physical host, not a TWO_HOST_MESH (156.2571ms)
gateway-web	Run pnpm test	2026-10-06T04:57:34.3369016Z ✔ an experiment can be listed, validated, registered, inspected, seeded — without ever being run (144.4801ms)
gateway-web	Run pnpm test	2026-10-06T04:57:34.3373894Z ✔ the research routes require the control credential: a worker cannot certify the experiment it runs (40.7671ms)
gateway-web	Run pnpm test	2026-10-06T04:57:34.3377873Z ✔ an invalid manifest is refused with every issue at once, and the rejection is stored as evidence (42.3225ms)
gateway-web	Run pnpm test	2026-10-06T04:57:34.3379586Z ✔ manifests survive a gateway restart, and a broken file is reported instead of silently dropped (55.9547ms)
gateway-web	Run pnpm test	2026-10-06T04:57:34.3380980Z ✔ the registry itself refuses task-domain keys and never offers an update (3.2953ms)
gateway-web	Run pnpm test	2026-10-06T04:57:34.3382513Z ✖ Web Research discovers imports validates registers and inspects canonical experiments without running (12392.0009ms)
gateway-web	Run pnpm test	2026-10-06T04:57:34.3383817Z ✔ a failed list refresh cannot hide a successful canonical registration (12114.963ms)
gateway-web	Run pnpm test	2026-10-06T04:57:34.3385139Z ✔ REX802 a delayed response cannot remove offline guidance or replace another page (11939.7006ms)
gateway-web	Run pnpm test	2026-10-06T04:57:34.3386032Z Error: CONTROLLED_COMMIT_FAILURE
gateway-web	Run pnpm test	2026-10-06T04:57:34.3387074Z     at file:///D:/a/utopia/utopia/tests/rex802-gateway.test.mjs:4:360
gateway-web	Run pnpm test	2026-10-06T04:57:34.3389093Z     at Store.atomic (file:///D:/a/utopia/utopia/services/dev-gateway/store.mjs:59:62)
gateway-web	Run pnpm test	2026-10-06T04:57:34.3390118Z     at app.store.atomic (file:///D:/a/utopia/utopia/tests/rex802-gateway.test.mjs:4:337)
gateway-web	Run pnpm test	2026-10-06T04:57:34.3391182Z     at atomicWithTrace (file:///D:/a/utopia/utopia/services/dev-gateway/server.mjs:191:93)
gateway-web	Run pnpm test	2026-10-06T04:57:34.3392245Z     at createCityTask (file:///D:/a/utopia/utopia/services/dev-gateway/server.mjs:466:12)
gateway-web	Run pnpm test	2026-10-06T04:57:34.3393361Z     at Server.<anonymous> (file:///D:/a/utopia/utopia/services/dev-gateway/server.mjs:892:13)
gateway-web	Run pnpm test	2026-10-06T04:57:34.3394449Z     at process.processTicksAndRejections (node:internal/process/task_queues:104:5)
gateway-web	Run pnpm test	2026-10-06T04:57:34.3395623Z ✔ REX802 rolled-back canonical events never enter the trace (46.5825ms)
gateway-web	Run pnpm test	2026-10-06T04:57:34.3396752Z ✔ REX802 member Web surface exposes explicit owner-required guidance (4901.5267ms)
gateway-web	Run pnpm test	2026-10-06T04:57:34.3398270Z ✔ REX802 records only supplied resource samples, preserves zero and declared source time (35.9663ms)
gateway-web	Run pnpm test	2026-10-06T04:57:34.3399934Z ✔ REX802 real Gateway records task references and Web Advanced exposes recording/provenance without secrets (3201.5947ms)
gateway-web	Run pnpm test	2026-10-06T04:57:34.3401554Z ✔ REX802 failing collector cannot break real Gateway task/health and reports partial failure (28.09ms)
gateway-web	Run pnpm test	2026-10-06T04:57:34.3402950Z ✔ REX802 external resource clocks cannot change canonical sequence time ordering (5.1278ms)
gateway-web	Run pnpm test	2026-10-06T04:57:34.3404108Z ✔ REX802 broken observation clock remains a contained failure (0.618ms)
gateway-web	Run pnpm test	2026-10-06T04:57:34.3405276Z ✔ REX802 rejects an oversized existing file before rotating or modifying it (10.2066ms)
gateway-web	Run pnpm test	2026-10-06T04:57:34.3406918Z ✔ REX802 rotation remains explicit after restart and restores bounded previous records (16.7397ms)
gateway-web	Run pnpm test	2026-10-06T04:57:34.3408384Z ✔ REX802 pure normalization binds clocks/provenance and retains unknown metrics (1.0747ms)
gateway-web	Run pnpm test	2026-10-06T04:57:34.3409904Z ✔ REX802 canonical tap drops arbitrary payload and credentials; explicit measured zero remains zero (0.3927ms)
gateway-web	Run pnpm test	2026-10-06T04:57:34.3411399Z ✔ REX802 recognizes missing, duplicate, reordered and stale timestamp observations (0.384ms)
gateway-web	Run pnpm test	2026-10-06T04:57:34.3412796Z ✔ REX802 storage raw-to-normalized replay is reproducible and restart starts new epoch (6.0335ms)
gateway-web	Run pnpm test	2026-10-06T04:57:34.3414215Z ✔ REX802 collector failures and queue bounds are explicit without throwing into callers (1.7109ms)
gateway-web	Run pnpm test	2026-10-06T04:57:34.3415553Z ✔ REX802 hung storage is bounded; queue drop and close do not block indefinitely (45.245ms)
gateway-web	Run pnpm test	2026-10-06T04:57:34.3416819Z ✔ REX802 early capture waits for restored watermark before normalization (5.3833ms)
gateway-web	Run pnpm test	2026-10-06T04:57:34.3418329Z ✔ REX802 supports rule lifecycle, supervision quality and semantic integration without invented defaults (0.8105ms)
gateway-web	Run pnpm test	2026-10-06T04:57:34.3419784Z ✔ RS-203: the correlation carries BOTH devices and asserts that they may differ (2.063ms)
gateway-web	Run pnpm test	2026-10-06T04:57:34.3420569Z ✔ RS-203: a handoff moves the execution device and never the interaction device (0.2949ms)
gateway-web	Run pnpm test	2026-10-06T04:57:34.3422614Z ✔ RS-203: DUPLICATE messages are ignored rather than applied twice (0.6271ms)
gateway-web	Run pnpm test	2026-10-06T04:57:34.3424064Z ✔ RS-203: OUT-OF-ORDER progress is refused and cannot move the state backwards (0.1991ms)
gateway-web	Run pnpm test	2026-10-06T04:57:34.3425129Z ✔ RS-203: an event after a terminal state is LATE and does not resurrect the run (0.3165ms)
gateway-web	Run pnpm test	2026-10-06T04:57:34.3426972Z ✔ RS-203: every kind maps to a DECLARED canonical state and a DECLARED return channel (0.2988ms)
gateway-web	Run pnpm test	2026-10-06T04:57:34.3428499Z ✔ RS-203: canonical state advances for each terminal kind, and terminal is sticky (0.2548ms)
gateway-web	Run pnpm test	2026-10-06T04:57:34.3429520Z ✔ RS-203: a result that CANNOT reach the user is never reported as truthful success (0.2778ms)
gateway-web	Run pnpm test	2026-10-06T04:57:34.3430942Z ✔ RS-203: a resolver that THROWS degrades rather than propagating into the caller (0.351ms)
gateway-web	Run pnpm test	2026-10-06T04:57:34.3432149Z ✔ RS-203: a projected success reports where it landed (0.2763ms)
gateway-web	Run pnpm test	2026-10-06T04:57:34.3433799Z ✔ RS-203: unknown correlations, unknown kinds and bad sequences are refused with typed codes (0.8585ms)
gateway-web	Run pnpm test	2026-10-06T04:57:34.3435288Z ✔ RS-203: the bridge refuses to be constructed without an injected surface resolver (0.2301ms)
gateway-web	Run pnpm test	2026-10-06T04:57:34.3436343Z ✔ RS-203: a STATUS event reports without moving the state (0.1456ms)
gateway-web	Run pnpm test	2026-10-06T04:57:34.3437298Z ✔ RS-203: the contract version is declared (0.0902ms)
gateway-web	Run pnpm test	2026-10-06T04:57:34.3438454Z ✔ RS-203 scenario 1: remote execution START is correlated before anything is returned (0.219ms)
gateway-web	Run pnpm test	2026-10-06T04:57:34.3439969Z ✔ RS-203 scenario 2: PROGRESS returns on the PROGRESS channel and moves the run to RUNNING (0.1779ms)
gateway-web	Run pnpm test	2026-10-06T04:57:34.3441107Z ✔ RS-203 scenario 3: WAITING FOR USER is reachable, and is cleared the same way it is set (0.1353ms)
gateway-web	Run pnpm test	2026-10-06T04:57:34.3442110Z ✔ RS-203 scenario 3b: attention on a non-STATUS kind is REFUSED rather than guessed (0.1708ms)
gateway-web	Run pnpm test	2026-10-06T04:57:34.3443277Z ✔ RS-203 scenario 4: SUCCESS lands truthfully only when it actually reached the user (0.1078ms)
gateway-web	Run pnpm test	2026-10-06T04:57:34.3444985Z ✔ RS-203 scenario 5: FAILURE is terminal and reports no success (0.1162ms)
gateway-web	Run pnpm test	2026-10-06T04:57:34.3445905Z ✔ RS-203 scenario 6: CANCEL is terminal and sticky against later events (0.1189ms)
gateway-web	Run pnpm test	2026-10-06T04:57:34.3447324Z ✔ RS-203 scenario 7: DEVICE DISCONNECT degrades knowledge without moving the run or claiming success (0.1897ms)
gateway-web	Run pnpm test	2026-10-06T04:57:34.3448199Z ✔ RS-203 scenario 8: RECOVERY clears the degraded state and the run can still finish (0.1403ms)
gateway-web	Run pnpm test	2026-10-06T04:57:34.3448965Z ✔ RS-203 scenario 8b: a disconnect AFTER a terminal result changes nothing about it (0.1715ms)
gateway-web	Run pnpm test	2026-10-06T04:57:34.3450351Z ✔ RS-203: the full eight-situation walk leaves the counters consistent (0.3471ms)
gateway-web	Run pnpm test	2026-10-06T04:57:34.3451161Z ✔ RS-203 step 3: a request is delivered to the CURRENT authorized surface (0.4606ms)
gateway-web	Run pnpm test	2026-10-06T04:57:34.3452284Z ✔ RS-203 step 3: an answer from the current authorized surface is accepted (0.3715ms)
gateway-web	Run pnpm test	2026-10-06T04:57:34.3453070Z ✔ RS-203 step 3: an answer from ANY OTHER device is REFUSED, however well-informed it is (0.2419ms)
gateway-web	Run pnpm test	2026-10-06T04:57:34.3454374Z ✔ RS-203 step 3: when the surface MOVED, the answer must come from where the user now is (0.3902ms)
gateway-web	Run pnpm test	2026-10-06T04:57:34.3455725Z ✔ RS-203 step 3: an answer cannot arrive when NO surface is authorized (0.2923ms)
gateway-web	Run pnpm test	2026-10-06T04:57:34.3456953Z ✔ RS-203 step 3: OFFLINE asks are HELD with a reason and a recovery path, not dropped or failed (0.1732ms)
gateway-web	Run pnpm test	2026-10-06T04:57:34.3458003Z ✔ RS-203 step 3: TIMEOUT is explained and recoverable, and is NEVER a failure (0.258ms)
gateway-web	Run pnpm test	2026-10-06T04:57:34.3458976Z ✔ RS-203 step 3: a timeout cannot retract an answer that already arrived (0.2026ms)
gateway-web	Run pnpm test	2026-10-06T04:57:34.3460337Z ✔ RS-203 step 3: a double answer is refused rather than silently overwriting the first (0.2952ms)
gateway-web	Run pnpm test	2026-10-06T04:57:34.3461804Z ✔ RS-203 step 3: only RESPOND is accepted, and only APPROVE or DENY decide (0.4761ms)
gateway-web	Run pnpm test	2026-10-06T04:57:34.3462583Z ✔ RS-203 step 3: a HANDOFF does not move where the user is asked (0.2182ms)
gateway-web	Run pnpm test	2026-10-06T04:57:34.3463699Z ✔ RS-203 step 3: the codes are declared, not invented at the throw site (0.1977ms)
gateway-web	Run pnpm test	2026-10-06T04:57:34.3465010Z ✔ RS-203 step 4: the flat EXCLUSION_REASONS list is CLASSIFIED, and every reason has an axis (0.9984ms)
gateway-web	Run pnpm test	2026-10-06T04:57:34.3466453Z ✔ RS-203 step 4: a DEVICE outage is classified as DEVICE and nothing else (0.4484ms)
gateway-web	Run pnpm test	2026-10-06T04:57:34.3467720Z ✔ RS-203 step 4: a PROVIDER outage is classified as PROVIDER and nothing else (0.1959ms)
gateway-web	Run pnpm test	2026-10-06T04:57:34.3468471Z ✔ RS-203 step 4: an INPUT problem is NEITHER a device nor a provider fault (0.4847ms)
gateway-web	Run pnpm test	2026-10-06T04:57:34.3469192Z ✔ RS-203 step 4: an UNKNOWN reason is reported, not silently dropped (0.2597ms)
gateway-web	Run pnpm test	2026-10-06T04:57:34.3470252Z ✔ RS-203 step 4: a DEVICE fallback does NOT implicate the provider (0.4248ms)
gateway-web	Run pnpm test	2026-10-06T04:57:34.3471106Z ✔ RS-203 step 4: a PROVIDER fallback does NOT implicate the device (0.2143ms)
gateway-web	Run pnpm test	2026-10-06T04:57:34.3472587Z ✔ RS-203 step 4: an eligible alternate is offered for a DEVICE outage, but the cause is still named (0.1534ms)
gateway-web	Run pnpm test	2026-10-06T04:57:34.3474191Z ✔ RS-203 step 4: MIXED causes are NOT collapsed to one, and no single cause is claimed (0.219ms)
gateway-web	Run pnpm test	2026-10-06T04:57:34.3475355Z ✔ RS-203 step 4: the reason codes SURVIVE into the plan rather than being paraphrased away (0.2007ms)
gateway-web	Run pnpm test	2026-10-06T04:57:34.3476794Z ✔ RS-203 step 4: with nothing unavailable the plan claims no cause at all (0.1347ms)
gateway-web	Run pnpm test	2026-10-06T04:57:34.3478154Z ✔ RS-203 step 4: planning against an unknown correlation is refused (0.1485ms)
gateway-web	Run pnpm test	2026-10-06T04:57:34.3479264Z ✔ RS-203 step 5: a remote result is bound to its provenance, including WHICH device produced it (0.2171ms)
gateway-web	Run pnpm test	2026-10-06T04:57:34.3480425Z ✔ RS-203 step 5: the provenance is IMMUTABLE once bound, so a result cannot be re-attributed (0.1675ms)
gateway-web	Run pnpm test	2026-10-06T04:57:34.3482031Z ✔ RS-203 step 5: the summary key set is EXACTLY the declared set - stability by construction (0.1626ms)
gateway-web	Run pnpm test	2026-10-06T04:57:34.3484498Z ✔ RS-203 step 5: the summary NEVER carries the evidence, the digests or the routing identifiers (0.2104ms)
gateway-web	Run pnpm test	2026-10-06T04:57:34.3487239Z ✔ RS-203 step 5: whether evidence EXISTS is presentable, without saying what it is (0.2826ms)
gateway-web	Run pnpm test	2026-10-06T04:57:34.3488968Z ✔ RS-203 step 5: the summary is STABLE across state changes - same shape, always (0.2153ms)
gateway-web	Run pnpm test	2026-10-06T04:57:34.3490739Z ✔ RS-203 step 5: the summary still tells the truth about a degraded and a finished run (0.1358ms)
gateway-web	Run pnpm test	2026-10-06T04:57:34.3492046Z ✔ RS-203 step 5: binding against an unknown correlation is refused (0.2429ms)
gateway-web	Run pnpm test	2026-10-06T04:57:34.3493257Z ✔ RS-203 step 5: the declared field list is frozen, so it cannot be widened at runtime (0.1151ms)
gateway-web	Run pnpm test	2026-10-06T04:57:34.3495302Z ✔ RS-290: the mapping COVERS every source vocabulary exactly - no gap and no stale extra (2.483ms)
gateway-web	Run pnpm test	2026-10-06T04:57:34.3497080Z ✔ RS-290: the presentation vocabulary is CLOSED - every target is a declared term with a class (0.5421ms)
gateway-web	Run pnpm test	2026-10-06T04:57:34.3499263Z ✔ RS-290: the four UNKNOWN senses stay FOUR distinct terms - the polysemy fix (0.2765ms)
gateway-web	Run pnpm test	2026-10-06T04:57:34.3500778Z ✔ RS-290: the SAME meaning reached through different components MERGES to one term (0.2866ms)
gateway-web	Run pnpm test	2026-10-06T04:57:34.3502800Z ✔ RS-290: the STRUCTURAL and RESOURCE partition is PRESERVED, which a naive merge would destroy (0.4022ms)
gateway-web	Run pnpm test	2026-10-06T04:57:34.3504554Z ✔ RS-290: an unmapped or unknown source THROWS rather than yielding undefined (0.6672ms)
gateway-web	Run pnpm test	2026-10-06T04:57:34.3508707Z ✔ RS-290: presentState always yields a declared presentation state (0.3502ms)
gateway-web	Run pnpm test	2026-10-06T04:57:34.3510101Z ✔ RS-290: the action and state vocabularies are closed sets of the shapes step 3 names (0.1828ms)
gateway-web	Run pnpm test	2026-10-06T04:57:34.3511615Z ✔ RS-290: a selectable provider renders RUNNING with CANCEL and no choice demanded (0.7266ms)
gateway-web	Run pnpm test	2026-10-06T04:57:34.3513920Z ✔ RS-290: a pool that is only BUSY does NOT demand a choice, because waiting can help (0.4904ms)
gateway-web	Run pnpm test	2026-10-06T04:57:34.3516125Z ✔ RS-290: a structurally refused pool DOES demand a choice, and does not offer waiting (0.2673ms)
gateway-web	Run pnpm test	2026-10-06T04:57:34.3517735Z ✔ RS-290 F1: a raw word that COLLIDES with a term name is still mapped by its VOCABULARY (0.4747ms)
gateway-web	Run pnpm test	2026-10-06T04:57:34.3519233Z ✔ RS-290 F1: the guard needs PROVENANCE - bare words and bare terms are both refused (0.7877ms)
gateway-web	Run pnpm test	2026-10-06T04:57:34.3520685Z ✔ RS-290 F2: a terminal outcome OUTRANKS waitingUser, so a failure is never masked (0.3909ms)
gateway-web	Run pnpm test	2026-10-06T04:57:34.3521994Z ✔ RS-290 F3: FRESHNESS.STALE and FRESHNESS.UNKNOWN stay DISTINCT terms (0.2593ms)
gateway-web	Run pnpm test	2026-10-06T04:57:34.3523777Z ✔ RS-290 F3: NO collapse of two meanings onto one term goes UNDECLARED - quantified over the table (0.8312ms)
gateway-web	Run pnpm test	2026-10-06T04:57:34.3526764Z ✔ RS-290: no path FABRICATES success - COMPLETED needs an explicit terminal flag (0.3249ms)
gateway-web	Run pnpm test	2026-10-06T04:57:34.3530916Z ✔ RS-290: the route stage drives the state through its own vocabulary, and only where it should (0.2786ms)
gateway-web	Run pnpm test	2026-10-06T04:57:34.3532415Z ✔ RS-290: every DTO output is inside the declared vocabularies (0.4277ms)
gateway-web	Run pnpm test	2026-10-06T04:57:34.3534223Z ✔ RS-290 matrix: concurrent submissions cannot double-execute, and the pool still reports a reason (1.7766ms)
gateway-web	Run pnpm test	2026-10-06T04:57:34.3535905Z ✔ RS-290 matrix: a saturated device is routed around, and the projection says WAITING not CHOOSE (1.8684ms)
gateway-web	Run pnpm test	2026-10-06T04:57:34.3539909Z ✔ RS-290 matrix: lease transfer is holder-only and the old holder cannot resume reassigned work (0.4178ms)
gateway-web	Run pnpm test	2026-10-06T04:57:34.3541589Z ✔ RS-290 matrix: a disconnect degrades truthfully and recovery restores, through the projection (0.841ms)
gateway-web	Run pnpm test	2026-10-06T04:57:34.3543139Z ✔ RS-290 matrix: a flapping pool does not move the work, and the rescan is event-driven (1.3408ms)
gateway-web	Run pnpm test	2026-10-06T04:57:34.3546071Z ✔ RS-290 matrix: availability, routing and return compose into ONE stable presentation contract (16.0506ms)
gateway-web	Run pnpm test	2026-10-06T04:57:34.3547702Z ✔ Services: an old invocation cannot mark a new editor busy or clear its newer invocation (3011.3588ms)
gateway-web	Run pnpm test	2026-10-06T04:57:34.3549094Z ✔ successful live transport cannot mask broken offline product behavior (0.9754ms)
gateway-web	Run pnpm test	2026-10-06T04:57:34.3550664Z ✔ CPU uses elapsed counters and unavailable disk remains null (4.3848ms)
gateway-web	Run pnpm test	2026-10-06T04:57:34.3551711Z ✔ disabled sampler never reads host counters (0.2791ms)
gateway-web	Run pnpm test	2026-10-06T04:57:34.3552925Z ✔ counter reset does not fabricate CPU load and cached sample keeps its timestamp (0.3409ms)
gateway-web	Run pnpm test	2026-10-06T04:57:34.3554298Z ✔ native filesystem volume measurement is finite and internally consistent (7.1211ms)
gateway-web	Run pnpm test	2026-10-06T04:57:34.3555703Z ✔ validator accepts unavailable sampler metrics but rejects invalid numeric measurements (1.4981ms)
gateway-web	Run pnpm test	2026-10-06T04:57:52.7784861Z ✔ theme artifact retention is bounded and restart removes abandoned sandbox work (59.7581ms)
gateway-web	Run pnpm test	2026-10-06T04:57:52.7786621Z ✔ D9 Bridge builds retained sandbox artifacts with canonical bounded results and typed refusal (21591.351ms)
gateway-web	Run pnpm test	2026-10-06T04:57:58.3790498Z ✔ Windows Theme Build uses real prompt, observation, fallback controls and digest summary (5760.4687ms)
gateway-web	Run pnpm test	2026-10-06T04:57:58.4261253Z ✔ unavailable artifact storage yields a terminal typed failure, not orphaned RUNNING history (198.2892ms)
gateway-web	Run pnpm test	2026-10-06T04:57:58.4474224Z ✔ the redesigned-shell fixture really is the zero-sized-label shape (3.5209ms)
gateway-web	Run pnpm test	2026-10-06T04:57:58.4475189Z ✔ a bare first-match label lookup selects a zero-bounds node, which is the original defect (0.5193ms)
gateway-web	Run pnpm test	2026-10-06T04:57:58.4477409Z ✔ no sized nav label exists on the shipped shell, so a size filter ALONE would leave nothing to tap (1.3609ms)
gateway-web	Run pnpm test	2026-10-06T04:57:58.4479167Z ✔ the active tab has no clickable node, so clickable ordinal alone is unstable (0.7536ms)
gateway-web	Run pnpm test	2026-10-06T04:57:58.4480665Z ✔ targets are paired to labels in document order, giving a page-independent index (0.5488ms)
gateway-web	Run pnpm test	2026-10-06T04:57:58.4482254Z ✔ resolveRoute reaches Home from the Devices page via the paired target (0.5006ms)
gateway-web	Run pnpm test	2026-10-06T04:57:58.4483721Z ✔ the nav band excludes page content that happens to be clickable (0.6002ms)
gateway-web	Run pnpm test	2026-10-06T04:57:58.4484969Z ✔ a sized heading is not mistaken for a nav target (0.5138ms)
gateway-web	Run pnpm test	2026-10-06T04:57:58.4486517Z ✔ resolveRoute prefers a sized label inside the band, preserving the earlier shell (0.8232ms)
gateway-web	Run pnpm test	2026-10-06T04:57:58.4488075Z ✔ the two shells are distinguished rather than one being assumed (0.7707ms)
gateway-web	Run pnpm test	2026-10-06T04:57:58.4489424Z ✔ an unresolvable tree returns null rather than a zero-bounds node (0.2375ms)
gateway-web	Run pnpm test	2026-10-06T04:57:58.4490786Z ✔ the task pilot creates its evidence directory before writing into it (0.3986ms)
gateway-web	Run pnpm test	2026-10-06T04:57:58.4492809Z ✔ task pilot imports a usable sized nodeByLabel selector (0.7061ms)
gateway-web	Run pnpm test	2026-10-06T04:57:58.4494017Z ✔ UXI-390: every supported action is bound to a handler branch AND a client method (1.9538ms)
gateway-web	Run pnpm test	2026-10-06T04:57:58.4494864Z ✔ UXI-390: no handler branch is unreachable dead code that looks like a handler (1.1904ms)
gateway-web	Run pnpm test	2026-10-06T04:57:58.4495821Z ✔ UXI-390: the per-provider Choose control sends THAT row ref, and cannot send a blank one (0.284ms)
gateway-web	Run pnpm test	2026-10-06T04:57:58.4497520Z ✔ UXI-390: CHOOSE_PROVIDER is NOT an action-row action - that is the trap Mech named (0.2474ms)
gateway-web	Run pnpm test	2026-10-06T04:57:58.4499267Z ✔ UXI-390 C-1: the Advanced disclosure is named with the Web pack's own words on Android (3.0348ms)
gateway-web	Run pnpm test	2026-10-06T04:57:58.4500153Z ✔ UXI-390 C-2: a disabled control states its reason in the Web pack's own words (0.7599ms)
gateway-web	Run pnpm test	2026-10-06T04:57:58.4501445Z ✔ UXI-391: the City really has FIVE requestable task types - the premise the old record denied (3.5332ms)
gateway-web	Run pnpm test	2026-10-06T04:57:58.4503003Z ✔ UXI-391: a MISSING load dimension is not zero, and one observed dimension is enough (0.7551ms)
gateway-web	Run pnpm test	2026-10-06T04:57:58.4504576Z ✔ UXI-391: the BINDING dimension is the maximum OBSERVED one, not an average over five (0.2768ms)
gateway-web	Run pnpm test	2026-10-06T04:57:58.4506373Z ✔ UXI-391: telemetry produces the vector honestly - measured dimensions only, null when nothing is measured (0.4156ms)
gateway-web	Run pnpm test	2026-10-06T04:57:58.4508236Z ✔ UXI-391: the bridge transfers ONLY on ALTERNATE_DEVICE, and moves ownership once (1.1735ms)
gateway-web	Run pnpm test	2026-10-06T04:57:58.4509892Z ✔ UXI-391: a stale holder cannot hand on work it no longer owns, and a disabled path refuses (0.3519ms)
gateway-web	Run pnpm test	2026-10-06T04:57:58.4511881Z ✔ UXI-391: only the reserved device - and never a stale holder - may claim a moved task (1.4086ms)
gateway-web	Run pnpm test	2026-10-06T04:57:58.4513525Z ✔ UXI-391: a pending handoff is REMOTE_HANDOFF on the surface, from the task record (2.0282ms)
gateway-web	Run pnpm test	2026-10-06T04:57:58.4515102Z ✔ UXI-391: the planner decision is exposed WITH the chosen device, and routeStageFor stays a thin read (1.2033ms)
gateway-web	Run pnpm test	2026-10-06T04:57:58.4516901Z ✔ UXI-391: the term and the route agree about the SAME candidate - the defect this task is about (0.719ms)
gateway-web	Run pnpm test	2026-10-06T04:57:58.4518066Z ✔ a City with no Workbench starts, serves and executes: the seam adds no startup dependency (142.4181ms)
gateway-web	Run pnpm test	2026-10-06T04:57:58.4519069Z ✔ the port and the live route reach the same claim decision on the same facts (59.2832ms)
gateway-web	Run pnpm test	2026-10-06T04:57:58.4519874Z ✔ an offline named device is withheld by the port exactly as the route withholds it (78.3819ms)
gateway-web	Run pnpm test	2026-10-06T04:57:58.4520763Z ✔ the City exposes which backend placed the work, and only STANDARD_DEVICES is ever enabled (31.3821ms)
gateway-web	Run pnpm test	2026-10-06T04:57:58.4521683Z ✔ STANDARD_DEVICES is the enabled long-term default and claims exactly the profile it wraps (2.6423ms)
gateway-web	Run pnpm test	2026-10-06T04:57:58.4522572Z ✔ fleet readiness distinguishes "no device at all" from "devices present, none accepting work" (2.2177ms)
gateway-web	Run pnpm test	2026-10-06T04:57:58.4523519Z ✔ an endpoint row is a truthful view: offline, capability-less and sharing-off are different facts (0.6187ms)
gateway-web	Run pnpm test	2026-10-06T04:57:58.4524451Z ✔ claim reproduces the frozen decision for every negative control the pre-seam route covered (2.6155ms)
gateway-web	Run pnpm test	2026-10-06T04:57:58.4525323Z ✔ report keeps the same transitions, the same refusals and the same event names (1.7133ms)
gateway-web	Run pnpm test	2026-10-06T04:57:58.4526137Z ✔ dispatch and control refuse honestly instead of pretending the endpoint is ready (1.6215ms)
gateway-web	Run pnpm test	2026-10-06T04:57:58.4527186Z ✔ a probe failure is reported as UNKNOWN rather than being allowed to crash a status read (0.4358ms)
gateway-web	Run pnpm test	2026-10-06T04:57:58.4528001Z ✔ the port refuses to be constructed without the facts it must not invent (0.6689ms)
gateway-web	Run pnpm test	2026-10-06T04:57:58.4528727Z ✔ review: dispatch cannot bypass strict target or handoff reservation (0.9957ms)
gateway-web	Run pnpm test	2026-10-06T04:57:58.4529557Z ✔ review: dispatch cannot transfer an already running task to a different free endpoint (0.4496ms)
gateway-web	Run pnpm test	2026-10-06T04:57:58.4530388Z ✔ review: claim readiness does not say ready when sharing is disabled or endpoint busy (0.4014ms)
gateway-web	Run pnpm test	2026-10-06T04:57:58.4531208Z ✔ review: endpoint readiness and dispatch honor injected canonical Core acceptance (0.4075ms)
gateway-web	Run pnpm test	2026-10-06T04:57:58.4532309Z ✔ a node registered with the old payload still registers, claims and completes, and gains a descriptor (176.3466ms)
gateway-web	Run pnpm test	2026-10-06T04:57:58.4533311Z ✔ the descriptor is computed at read time, so a sharing change and fresh telemetry are reflected at once (66.2151ms)
gateway-web	Run pnpm test	2026-10-06T04:57:58.4534193Z ✔ an unknown node has no descriptor, and a control surface is never among the node descriptors (57.8976ms)
gateway-web	Run pnpm test	2026-10-06T04:57:58.4535631Z ✔ strict target still outranks every generic descriptor fact (48.7087ms)
gateway-web	Run pnpm test	2026-10-06T04:57:58.4536647Z ✔ WBC602 review: explicit malformed roles cannot manufacture an execution identity (2.8887ms)
gateway-web	Run pnpm test	2026-10-06T04:57:58.4538242Z ✔ WBC602 review: absent GPU/network observations are unknown, not hardware absence (0.7356ms)
gateway-web	Run pnpm test	2026-10-06T04:57:58.4539586Z ✔ WBC602 review: platform mismatch and measured zero accelerators are distinguished from unknown (0.731ms)
gateway-web	Run pnpm test	2026-10-06T04:57:58.4540497Z ✔ WBC602 review: malformed requirement arrays yield typed contract refusals (0.3196ms)
gateway-web	Run pnpm test	2026-10-06T04:57:58.4541243Z ✔ WBC602 review: busy endpoint cannot advertise accepting work (138.9443ms)
gateway-web	Run pnpm test	2026-10-06T04:57:58.4542084Z ✔ WBC602 review: explicitly declared multiple worker roles survive real registration and restart (64.3419ms)
gateway-web	Run pnpm test	2026-10-06T04:57:58.4543034Z ✔ agent construction has no I/O; drain prevents new claim; canary uses canonical state and result (145.4206ms)
gateway-web	Run pnpm test	2026-10-06T04:57:58.4544122Z ✔ crash and restart use canonical interruption refusal rather than duplicate execution (71.3366ms)
gateway-web	Run pnpm test	2026-10-06T04:57:58.4544934Z ✔ unknown protocol and unavailable adapter are typed refusals without a startup loop (1.4277ms)
gateway-web	Run pnpm test	2026-10-06T04:57:58.4545812Z ✔ executor failure after progress remains canonical FAILED and drain permits held completion (63.7108ms)
gateway-web	Run pnpm test	2026-10-06T04:57:58.4546639Z ✔ cancel aborts held executor and late result never replaces terminal state (47.5759ms)
gateway-web	Run pnpm test	2026-10-06T04:57:58.4547443Z ✔ delayed old-task cancel cannot abort a later task or admit work while control pending (15.0107ms)
gateway-web	Run pnpm test	2026-10-06T04:57:58.4548326Z ✔ stop during unresolved claim refuses busy and preserves assignment for subsequent stop (7.5167ms)
gateway-web	Run pnpm test	2026-10-06T04:57:58.4549272Z ✔ explicit bounded pool adapter executes canonical canary, then absent pool leaves standard work usable (81.3064ms)
gateway-web	Run pnpm test	2026-10-06T04:57:58.4550177Z ✔ pool registers dormant without adapter or I/O and refuses direct or registry work (5.1138ms)
gateway-web	Run pnpm test	2026-10-06T04:57:58.4551041Z ✔ explicit pool narrows canonical endpoints by membership, role and descriptor readiness (2.19ms)
gateway-web	Run pnpm test	2026-10-06T04:57:58.4551819Z ✔ enabled pool with missing canonical adapter fails typed unavailable (0.3294ms)
gateway-web	Run pnpm test	2026-10-06T04:57:58.4552575Z ✔ pool control must not cancel work held by an unrelated standard endpoint (0.4384ms)
gateway-web	Run pnpm test	2026-10-06T04:57:58.4553375Z ✔ WBC604 profile: STANDARD_DEVICES is the default and is always an available rollback (9.76ms)
gateway-web	Run pnpm test	2026-10-06T04:57:58.4554228Z ✔ WBC604 profile: a not-ready switch is REFUSED with a typed code and writes nothing at all (4.2152ms)
gateway-web	Run pnpm test	2026-10-06T04:57:58.4555271Z ✔ WBC604 profile: a ready switch activates, persists, and survives a restart (4.9306ms)
gateway-web	Run pnpm test	2026-10-06T04:57:58.4556216Z ✔ WBC604 profile: an untrustworthy persisted value recovers to the safe default instead of being obeyed (4.5944ms)
gateway-web	Run pnpm test	2026-10-06T04:57:58.4557343Z ✔ WBC604 profile: unknown profiles and no-op changes are answered distinctly, never silently (1.7818ms)
gateway-web	Run pnpm test	2026-10-06T04:57:58.4558249Z ✔ WBC604 profile: rollback returns to STANDARD_DEVICES even after the pool disappears (3.1231ms)
gateway-web	Run pnpm test	2026-10-06T04:57:58.4559159Z ✔ WBC604 hybrid: an explicit strict target outranks every general rule and is never reinterpreted (0.5273ms)
gateway-web	Run pnpm test	2026-10-06T04:57:58.4560165Z ✔ WBC604 hybrid: a hard capability requirement outranks load, and validation work goes to a validation node (0.3944ms)
gateway-web	Run pnpm test	2026-10-06T04:57:58.4561047Z ✔ WBC604 hybrid: a legacy task that declares nothing keeps the compatible default (0.3172ms)
gateway-web	Run pnpm test	2026-10-06T04:57:58.4561832Z ✔ WBC604 hybrid: an untrusted node is never a candidate, whatever its capacity (0.282ms)
gateway-web	Run pnpm test	2026-10-06T04:57:58.4562726Z ✔ WBC604 fail-safe: a persisted profile whose backend is no longer ready degrades to the rollback profile (10.5314ms)
gateway-web	Run pnpm test	2026-10-06T04:57:58.4563735Z ✔ WBC604 fail-safe: a change never leaves the persisted file disagreeing with the running profile (8.9748ms)
gateway-web	Run pnpm test	2026-10-06T04:57:58.4564611Z ✔ WBC604 fail-safe: changing or rolling back the profile never rewrites canonical task truth (139.7158ms)
gateway-web	Run pnpm test	2026-10-06T04:57:58.4565614Z ✔ WBC604 fail-safe: readiness is re-read on every question, never cached into a stale answer (3.2233ms)
gateway-web	Run pnpm test	2026-10-06T04:57:58.4566461Z ✔ WBC604 route: the City reports its profile, refuses an absent pool, and can always roll back (142.0546ms)
gateway-web	Run pnpm test	2026-10-06T04:57:58.4567237Z ✔ WBC604 route: a persisted selection is what the restarted City runs (45.0405ms)
gateway-web	Run pnpm test	2026-10-06T04:57:58.4567906Z ✔ locale contract: supported tokens, fallback and first-run detection (3.2609ms)
gateway-web	Run pnpm test	2026-10-06T04:57:58.4568640Z ✔ both language packs cover every message key with matching placeholders (5.2093ms)
gateway-web	Run pnpm test	2026-10-06T04:57:58.4569300Z ✔ every fixed Web UI string is present in the language packs (2.4949ms)
gateway-web	Run pnpm test	2026-10-06T04:57:58.4569965Z ✔ protocol tokens and City Control state names are never translated (12.7072ms)
gateway-web	Run pnpm test	2026-10-06T04:57:58.4570620Z ✔ web assets only use message keys that exist in the packs (3.6307ms)
gateway-web	Run pnpm test	2026-10-06T04:57:58.4571242Z ✔ badge state and display label stay separate in every locale (10.0872ms)
gateway-web	Run pnpm test	2026-10-06T04:57:58.4572156Z ✔ applyTranslations and setLocale update the document without touching storage contracts (1.1726ms)
gateway-web	Run pnpm test	2026-10-06T04:57:58.4572948Z ✔ translation fills placeholders and time formatting follows the locale (36.085ms)
gateway-web	Run pnpm test	2026-10-06T04:57:58.4573730Z ✔ Web Settings language switch, persistence and protocol stability (real browser) (6669.9623ms)
gateway-web	Run pnpm test	2026-10-06T04:57:58.4574508Z ✔ an invite names the City it belongs to, which is the whole point of the form (1.6184ms)
gateway-web	Run pnpm test	2026-10-06T04:57:58.4575473Z ✔ a bare credential is NOT an invite - it cannot say which City it belongs to (0.1925ms)
gateway-web	Run pnpm test	2026-10-06T04:57:58.4576128Z ✔ junk does not throw, it returns null (1.3517ms)
gateway-web	Run pnpm test	2026-10-06T04:57:58.4576718Z ✔ an invite without a host is refused rather than half-understood (0.2116ms)
gateway-web	Run pnpm test	2026-10-06T04:57:58.4577509Z ✔ trailing slashes and origins compare cleanly (0.5761ms)
gateway-web	Run pnpm test	2026-10-06T04:57:58.4578092Z ✔ the invite survives a round trip through a URL fragment (0.435ms)
gateway-web	Run pnpm test	2026-10-06T04:57:58.4578901Z ✔ REGRESSION: a PARSED invite handed back in must still resolve, not become "[object Object]" (0.2632ms)
gateway-web	Run pnpm test	2026-10-06T04:57:58.4579774Z ✔ UXI-301: the adapter table agrees with the contract EXACTLY, in both directions (2.6984ms)
gateway-web	Run pnpm test	2026-10-06T04:57:58.4580615Z ✔ UXI-301: severity cannot contradict the contract class where the class carries meaning (0.5586ms)
gateway-web	Run pnpm test	2026-10-06T04:57:58.4581346Z ✔ UXI-301: every referenced key exists in BOTH locale packs (1.9306ms)
gateway-web	Run pnpm test	2026-10-06T04:57:58.4582045Z ✔ UXI-301: every state and every action renders real copy, not a fallback key (1.1774ms)
gateway-web	Run pnpm test	2026-10-06T04:57:58.4582813Z ✔ UXI-301: zh-CN renders different copy from en, so the locale is really applied (0.4021ms)
gateway-web	Run pnpm test	2026-10-06T04:57:58.4583581Z ✔ UXI-301: a non-permitted provider is never selectable or interactive (0.3553ms)
gateway-web	Run pnpm test	2026-10-06T04:57:58.4584356Z ✔ UXI-301: the adapter forces unselectable even when the DTO LIES about selectable (0.3165ms)
gateway-web	Run pnpm test	2026-10-06T04:57:58.4585119Z ✔ UXI-301: NO raw scheduler vocabulary leaks into the default view model (1.1246ms)
gateway-web	Run pnpm test	2026-10-06T04:57:58.4585876Z ✔ UXI-301: the leak rule survives every provider term the contract can produce (0.6927ms)
gateway-web	Run pnpm test	2026-10-06T04:57:58.4586668Z ✔ UXI-301: raw vocabulary IS reachable, but only through the explicit advanced block (0.6976ms)
gateway-web	Run pnpm test	2026-10-06T04:57:58.4587470Z ✔ UXI-301: the adapter never fabricates success and never claims to have chosen (0.4889ms)
gateway-web	Run pnpm test	2026-10-06T04:57:58.4588204Z ✔ UXI-301: an unknown state or term THROWS rather than rendering blank (1.087ms)
gateway-web	Run pnpm test	2026-10-06T04:57:58.4589024Z ✔ UXI-301: the adapter does not recompute selection - it reports the contract decision unchanged (0.2577ms)
gateway-web	Run pnpm test	2026-10-06T04:57:58.4589869Z ✔ UXI-301: the view model is frozen, so a renderer cannot mutate presentation truth (0.4389ms)
gateway-web	Run pnpm test	2026-10-06T04:57:58.4590624Z ✔ UXI-301: real registry vocabulary flows end to end into user language (0.3501ms)
gateway-web	Run pnpm test	2026-10-06T04:57:58.4591346Z ✔ UXI-301 panel: a state renders in user language, not as a token (5.2981ms)
gateway-web	Run pnpm test	2026-10-06T04:57:58.4592047Z ✔ UXI-301 panel: NO raw scheduler vocabulary appears in the default HTML (2.5276ms)
gateway-web	Run pnpm test	2026-10-06T04:57:58.4592985Z ✔ UXI-301 panel: an unavailable provider is visible with its reason and is NOT a control (0.8351ms)
gateway-web	Run pnpm test	2026-10-06T04:57:58.4593875Z ✔ UXI-301 panel: a submitting action carries its token for wiring and its LABEL in user language (1.1037ms)
gateway-web	Run pnpm test	2026-10-06T04:57:58.4594744Z ✔ UXI-301 panel: the provider choice lives on the ROW and names a candidate the feed offered (1.0254ms)
gateway-web	Run pnpm test	2026-10-06T04:57:58.4595825Z ✔ UXI-301 panel: with nothing available to switch to, the instruction says so (0.5376ms)
gateway-web	Run pnpm test	2026-10-06T04:57:58.4596583Z ✔ UXI-301 panel: a decision is asked for only when the feed requires one (0.7125ms)
gateway-web	Run pnpm test	2026-10-06T04:57:58.4597549Z ✔ UXI-301 panel: technical detail appears ONLY behind the explicit Advanced disclosure (0.6802ms)
gateway-web	Run pnpm test	2026-10-06T04:57:58.4598347Z ✔ UXI-301 panel: an unreported feed never looks like a healthy or idle one (0.6948ms)
gateway-web	Run pnpm test	2026-10-06T04:57:58.4599042Z ✔ UXI-301 panel: all text is escaped, including ids from the feed (0.5235ms)
gateway-web	Run pnpm test	2026-10-06T04:57:58.4601078Z ✔ UXI-301 panel: the panel renders in zh-CN as well as en (0.6722ms)
gateway-web	Run pnpm test	2026-10-06T04:57:58.4601777Z ✔ UXI-301 panel: every copy key the panel uses exists in both locale packs (3.1257ms)
gateway-web	Run pnpm test	2026-10-06T04:57:58.4602660Z ✔ Windows history loads detail explicitly, retains it across snapshots and fences late selections (5391.47ms)
gateway-web	Run pnpm test	2026-10-06T04:57:58.4603577Z ✔ Windows Services invokes real document, knowledge, skill, evidence and theme adapters (7170.2401ms)
gateway-web	Run pnpm test	2026-10-06T04:57:58.4604354Z ✔ renderTerminal returns the terminal controller, not a boolean (16.6907ms)
gateway-web	Run pnpm test	2026-10-06T04:57:58.4605097Z ✔ every terminal page renders, and the page actually follows the shell (2.9367ms)
gateway-web	Run pnpm test	2026-10-06T04:57:58.4605793Z ✔ the Ask / Do page does not duplicate any id owned by the shell (1.3811ms)
gateway-web	Run pnpm test	2026-10-06T04:57:58.4606413Z ✔ no id is duplicated anywhere in the shell document (0.2753ms)
gateway-web	Run pnpm test	2026-10-06T04:57:58.4607075Z ✔ the terminal module never attaches a second submit path to the shell bar (0.6722ms)
gateway-web	Run pnpm test	2026-10-06T04:57:58.4607778Z ✔ the shell bar is a real form so Enter submits it once, natively (0.2995ms)
gateway-web	Run pnpm test	2026-10-06T04:58:57.3540230Z ✔ Web Devices and ephemeral pairing share the authoritative Gateway (74105.9319ms)
gateway-web	Run pnpm test	2026-10-06T04:59:08.5615993Z ✔ Web freshness, device detail, node offline and pairing expiry (11207.8259ms)
gateway-web	Run pnpm test	2026-10-06T04:59:41.8613386Z ✔ Web control creates a real task and shows durable result (112555.4746ms)
gateway-web	Run pnpm test	2026-10-06T04:59:41.8881680Z ℹ tests 1379
gateway-web	Run pnpm test	2026-10-06T04:59:41.8882193Z ℹ suites 0
gateway-web	Run pnpm test	2026-10-06T04:59:41.8882626Z ℹ pass 1378
gateway-web	Run pnpm test	2026-10-06T04:59:41.8883027Z ℹ fail 1
gateway-web	Run pnpm test	2026-10-06T04:59:41.8883386Z ℹ cancelled 0
gateway-web	Run pnpm test	2026-10-06T04:59:41.8883709Z ℹ skipped 0
gateway-web	Run pnpm test	2026-10-06T04:59:41.8884055Z ℹ todo 0
gateway-web	Run pnpm test	2026-10-06T04:59:41.8884419Z ℹ duration_ms 293857.3973
gateway-web	Run pnpm test	2026-10-06T04:59:41.8892432Z 
gateway-web	Run pnpm test	2026-10-06T04:59:41.8892911Z ✖ failing tests:
gateway-web	Run pnpm test	2026-10-06T04:59:41.8893521Z 
gateway-web	Run pnpm test	2026-10-06T04:59:41.8893867Z test at tests\rex801-research-ui.test.mjs:9:1
gateway-web	Run pnpm test	2026-10-06T04:59:41.8895372Z ✖ Web Research discovers imports validates registers and inspects canonical experiments without running (12392.0009ms)
gateway-web	Run pnpm test	2026-10-06T04:59:41.8896866Z   AssertionError [ERR_ASSERTION]: The input did not match the regular expression /utopia@main/. Input:
gateway-web	Run pnpm test	2026-10-06T04:59:41.8897772Z   
gateway-web	Run pnpm test	2026-10-06T04:59:41.8898079Z   ''
gateway-web	Run pnpm test	2026-10-06T04:59:41.8898368Z   
gateway-web	Run pnpm test	2026-10-06T04:59:41.8899133Z       at TestContext.<anonymous> (file:///D:/a/utopia/utopia/tests/rex801-research-ui.test.mjs:29:10)
gateway-web	Run pnpm test	2026-10-06T04:59:41.8900187Z       at async Test.run (node:internal/test_runner/test:1409:7)
gateway-web	Run pnpm test	2026-10-06T04:59:41.8901162Z       at async startSubtestAfterBootstrap (node:internal/test_runner/harness:387:3) {
gateway-web	Run pnpm test	2026-10-06T04:59:41.8901991Z     generatedMessage: true,
gateway-web	Run pnpm test	2026-10-06T04:59:41.8902429Z     code: 'ERR_ASSERTION',
gateway-web	Run pnpm test	2026-10-06T04:59:41.8902834Z     actual: '',
gateway-web	Run pnpm test	2026-10-06T04:59:41.8903214Z     expected: /utopia@main/,
gateway-web	Run pnpm test	2026-10-06T04:59:41.8903639Z     operator: 'match',
gateway-web	Run pnpm test	2026-10-06T04:59:41.8904052Z     diff: 'simple'
gateway-web	Run pnpm test	2026-10-06T04:59:41.8904832Z   }
gateway-web	Run pnpm test	2026-10-06T04:59:41.9300535Z [ELIFECYCLE] Test failed. See above for more details.
gateway-web	Run pnpm test	2026-10-06T04:59:42.0515152Z ##[error]Process completed with exit code 1.
