android	Set up job	﻿2026-10-04T10:22:19.7141510Z Current runner version: '2.337.0'
android	Set up job	2026-10-04T10:22:19.7168604Z ##[group]Runner Image Provisioner
android	Set up job	2026-10-04T10:22:19.7169856Z Hosted Compute Agent
android	Set up job	2026-10-04T10:22:19.7170552Z Version: 20260901.588
android	Set up job	2026-10-04T10:22:19.7171204Z Commit: f88ec8081b781fac6c440065ac7ff9e710ce3d0b
android	Set up job	2026-10-04T10:22:19.7171983Z Build Date: 2026-09-01T19:56:44Z
android	Set up job	2026-10-04T10:22:19.7172757Z Worker ID: {2900de04-77c9-4a23-80e4-d1f2a64a90f6}
android	Set up job	2026-10-04T10:22:19.7173928Z Azure Region: eastus
android	Set up job	2026-10-04T10:22:19.7174612Z ##[endgroup]
android	Set up job	2026-10-04T10:22:19.7176180Z ##[group]Operating System
android	Set up job	2026-10-04T10:22:19.7176887Z Ubuntu
android	Set up job	2026-10-04T10:22:19.7177526Z 24.04.5
android	Set up job	2026-10-04T10:22:19.7178091Z LTS
android	Set up job	2026-10-04T10:22:19.7178659Z ##[endgroup]
android	Set up job	2026-10-04T10:22:19.7179241Z ##[group]Runner Image
android	Set up job	2026-10-04T10:22:19.7179882Z Image: ubuntu-24.04
android	Set up job	2026-10-04T10:22:19.7180530Z Version: 20260927.320.1
android	Set up job	2026-10-04T10:22:19.7181613Z Included Software: https://github.com/actions/runner-images/blob/ubuntu24/20260927.320/images/ubuntu/Ubuntu2404-Readme.md
android	Set up job	2026-10-04T10:22:19.7183658Z Image Release: https://github.com/actions/runner-images/releases/tag/ubuntu24%2F20260927.320
android	Set up job	2026-10-04T10:22:19.7185086Z ##[endgroup]
android	Set up job	2026-10-04T10:22:19.7186396Z ##[group]GITHUB_TOKEN Permissions
android	Set up job	2026-10-04T10:22:19.7188588Z Contents: read
android	Set up job	2026-10-04T10:22:19.7189271Z Metadata: read
android	Set up job	2026-10-04T10:22:19.7189901Z Packages: read
android	Set up job	2026-10-04T10:22:19.7190583Z ##[endgroup]
android	Set up job	2026-10-04T10:22:19.7192667Z Secret source: Actions
android	Set up job	2026-10-04T10:22:19.7193989Z Cache mode: write
android	Set up job	2026-10-04T10:22:19.7194979Z Prepare workflow directory
android	Set up job	2026-10-04T10:22:19.7526125Z Prepare all required actions
android	Set up job	2026-10-04T10:22:19.7574691Z Getting action download info
android	Set up job	2026-10-04T10:22:20.0110415Z Download action repository 'actions/checkout@v4' (SHA:11d5960a326750d5838078e36cf38b85af677262)
android	Set up job	2026-10-04T10:22:20.1198049Z Download action repository 'actions/setup-java@v4' (SHA:cf277c60eb25467037889841efdb72551f06f6c3)
android	Set up job	2026-10-04T10:22:20.3618326Z Download action repository 'android-actions/setup-android@v3' (SHA:9fc6c4e9069bf8d3d10b2204b1fb8f6ef7065407)
android	Set up job	2026-10-04T10:22:20.4916168Z Download action repository 'gradle/actions@v4' (SHA:ed408507eac070d1f99cc633dbcf757c94c7933a)
android	Set up job	2026-10-04T10:22:21.0931566Z Download action repository 'actions/upload-artifact@v4' (SHA:ea165f8d65b6e75b540449e92b4886f43607fa02)
android	Set up job	2026-10-04T10:22:21.3195070Z Complete job name: android
android	Run actions/checkout@v4	﻿2026-10-04T10:22:21.3962712Z ##[group]Run actions/checkout@v4
android	Run actions/checkout@v4	2026-10-04T10:22:21.3963852Z with:
android	Run actions/checkout@v4	2026-10-04T10:22:21.3964265Z   repository: zhiheng-zhang-Mera/utopia
android	Run actions/checkout@v4	2026-10-04T10:22:21.3967292Z   token: ***
android	Run actions/checkout@v4	2026-10-04T10:22:21.3967671Z   ssh-strict: true
android	Run actions/checkout@v4	2026-10-04T10:22:21.3968080Z   ssh-user: git
android	Run actions/checkout@v4	2026-10-04T10:22:21.3968477Z   persist-credentials: true
android	Run actions/checkout@v4	2026-10-04T10:22:21.3968954Z   clean: true
android	Run actions/checkout@v4	2026-10-04T10:22:21.3969423Z   sparse-checkout-cone-mode: true
android	Run actions/checkout@v4	2026-10-04T10:22:21.3969836Z   fetch-depth: 1
android	Run actions/checkout@v4	2026-10-04T10:22:21.3970227Z   fetch-tags: false
android	Run actions/checkout@v4	2026-10-04T10:22:21.3970612Z   show-progress: true
android	Run actions/checkout@v4	2026-10-04T10:22:21.3970986Z   lfs: false
android	Run actions/checkout@v4	2026-10-04T10:22:21.3971403Z   submodules: false
android	Run actions/checkout@v4	2026-10-04T10:22:21.3971796Z   set-safe-directory: true
android	Run actions/checkout@v4	2026-10-04T10:22:21.3972194Z   allow-unsafe-pr-checkout: false
android	Run actions/checkout@v4	2026-10-04T10:22:21.3973193Z ##[endgroup]
android	Run actions/checkout@v4	2026-10-04T10:22:21.5067054Z Syncing repository: zhiheng-zhang-Mera/utopia
android	Run actions/checkout@v4	2026-10-04T10:22:21.5069552Z ##[group]Getting Git version info
android	Run actions/checkout@v4	2026-10-04T10:22:21.5070316Z Working directory is '/home/runner/work/utopia/utopia'
android	Run actions/checkout@v4	2026-10-04T10:22:21.5071490Z [command]/usr/bin/git version
android	Run actions/checkout@v4	2026-10-04T10:22:21.5195264Z git version 2.55.0
android	Run actions/checkout@v4	2026-10-04T10:22:21.5208349Z ##[endgroup]
android	Run actions/checkout@v4	2026-10-04T10:22:21.5226898Z Temporarily overriding HOME='/home/runner/work/_temp/362c4e6f-43b4-46c3-89db-8cca72a8b09c' before making global git config changes
android	Run actions/checkout@v4	2026-10-04T10:22:21.5228558Z Adding repository directory to the temporary git global config as a safe directory
android	Run actions/checkout@v4	2026-10-04T10:22:21.5234109Z [command]/usr/bin/git config --global --add safe.directory /home/runner/work/utopia/utopia
android	Run actions/checkout@v4	2026-10-04T10:22:21.5291748Z Deleting the contents of '/home/runner/work/utopia/utopia'
android	Run actions/checkout@v4	2026-10-04T10:22:21.5297622Z ##[group]Initializing the repository
android	Run actions/checkout@v4	2026-10-04T10:22:21.5302124Z [command]/usr/bin/git init /home/runner/work/utopia/utopia
android	Run actions/checkout@v4	2026-10-04T10:22:21.5424753Z hint: Using 'master' as the name for the initial branch. This default branch name
android	Run actions/checkout@v4	2026-10-04T10:22:21.5425967Z hint: will change to "main" in Git 3.0. To configure the initial branch name
android	Run actions/checkout@v4	2026-10-04T10:22:21.5426912Z hint: to use in all of your new repositories, which will suppress this warning,
android	Run actions/checkout@v4	2026-10-04T10:22:21.5427615Z hint: call:
android	Run actions/checkout@v4	2026-10-04T10:22:21.5427953Z hint:
android	Run actions/checkout@v4	2026-10-04T10:22:21.5428450Z hint: 	git config --global init.defaultBranch <name>
android	Run actions/checkout@v4	2026-10-04T10:22:21.5429025Z hint:
android	Run actions/checkout@v4	2026-10-04T10:22:21.5429519Z hint: Names commonly chosen instead of 'master' are 'main', 'trunk' and
android	Run actions/checkout@v4	2026-10-04T10:22:21.5430341Z hint: 'development'. The just-created branch can be renamed via this command:
android	Run actions/checkout@v4	2026-10-04T10:22:21.5431032Z hint:
android	Run actions/checkout@v4	2026-10-04T10:22:21.5431406Z hint: 	git branch -m <name>
android	Run actions/checkout@v4	2026-10-04T10:22:21.5432141Z hint:
android	Run actions/checkout@v4	2026-10-04T10:22:21.5433313Z hint: Disable this message with "git config set advice.defaultBranchName false"
android	Run actions/checkout@v4	2026-10-04T10:22:21.5439803Z Initialized empty Git repository in /home/runner/work/utopia/utopia/.git/
android	Run actions/checkout@v4	2026-10-04T10:22:21.5460016Z [command]/usr/bin/git remote add origin https://github.com/zhiheng-zhang-Mera/utopia
android	Run actions/checkout@v4	2026-10-04T10:22:21.5506327Z ##[endgroup]
android	Run actions/checkout@v4	2026-10-04T10:22:21.5507331Z ##[group]Disabling automatic garbage collection
android	Run actions/checkout@v4	2026-10-04T10:22:21.5510210Z [command]/usr/bin/git config --local gc.auto 0
android	Run actions/checkout@v4	2026-10-04T10:22:21.5545875Z ##[endgroup]
android	Run actions/checkout@v4	2026-10-04T10:22:21.5546683Z ##[group]Setting up auth
android	Run actions/checkout@v4	2026-10-04T10:22:21.5552380Z [command]/usr/bin/git config --local --name-only --get-regexp core\.sshCommand
android	Run actions/checkout@v4	2026-10-04T10:22:21.5591942Z [command]/usr/bin/git submodule foreach --recursive sh -c "git config --local --name-only --get-regexp 'core\.sshCommand' && git config --local --unset-all 'core.sshCommand' || :"
android	Run actions/checkout@v4	2026-10-04T10:22:21.6000904Z [command]/usr/bin/git config --local --name-only --get-regexp http\.https\:\/\/github\.com\/\.extraheader
android	Run actions/checkout@v4	2026-10-04T10:22:21.6039927Z [command]/usr/bin/git submodule foreach --recursive sh -c "git config --local --name-only --get-regexp 'http\.https\:\/\/github\.com\/\.extraheader' && git config --local --unset-all 'http.https://github.com/.extraheader' || :"
android	Run actions/checkout@v4	2026-10-04T10:22:21.6268027Z [command]/usr/bin/git config --local --name-only --get-regexp ^includeIf\.gitdir:
android	Run actions/checkout@v4	2026-10-04T10:22:21.6304587Z [command]/usr/bin/git submodule foreach --recursive git config --local --show-origin --name-only --get-regexp remote.origin.url
android	Run actions/checkout@v4	2026-10-04T10:22:21.6531201Z [command]/usr/bin/git config --local http.https://github.com/.extraheader AUTHORIZATION: basic ***
android	Run actions/checkout@v4	2026-10-04T10:22:21.6572670Z ##[endgroup]
android	Run actions/checkout@v4	2026-10-04T10:22:21.6574076Z ##[group]Fetching the repository
android	Run actions/checkout@v4	2026-10-04T10:22:21.6582888Z [command]/usr/bin/git -c protocol.version=2 fetch --no-tags --prune --no-recurse-submodules --depth=1 origin +e4849bf46972977d9fc1bb06ce1fedaf1a06f093:refs/remotes/origin/codex/city-names-host-preflight
android	Run actions/checkout@v4	2026-10-04T10:22:22.6817454Z From https://github.com/zhiheng-zhang-Mera/utopia
android	Run actions/checkout@v4	2026-10-04T10:22:22.6818523Z  * [new ref]         e4849bf46972977d9fc1bb06ce1fedaf1a06f093 -> origin/codex/city-names-host-preflight
android	Run actions/checkout@v4	2026-10-04T10:22:22.6822848Z ##[endgroup]
android	Run actions/checkout@v4	2026-10-04T10:22:22.6824207Z ##[group]Determining the checkout info
android	Run actions/checkout@v4	2026-10-04T10:22:22.6826514Z ##[endgroup]
android	Run actions/checkout@v4	2026-10-04T10:22:22.6834518Z [command]/usr/bin/git sparse-checkout disable
android	Run actions/checkout@v4	2026-10-04T10:22:22.6889457Z [command]/usr/bin/git config --local --unset-all extensions.worktreeConfig
android	Run actions/checkout@v4	2026-10-04T10:22:22.6921545Z ##[group]Checking out the ref
android	Run actions/checkout@v4	2026-10-04T10:22:22.6927292Z [command]/usr/bin/git checkout --progress --force -B codex/city-names-host-preflight refs/remotes/origin/codex/city-names-host-preflight
android	Run actions/checkout@v4	2026-10-04T10:22:22.8379472Z Switched to a new branch 'codex/city-names-host-preflight'
android	Run actions/checkout@v4	2026-10-04T10:22:22.8387731Z branch 'codex/city-names-host-preflight' set up to track 'origin/codex/city-names-host-preflight'.
android	Run actions/checkout@v4	2026-10-04T10:22:22.8396698Z ##[endgroup]
android	Run actions/checkout@v4	2026-10-04T10:22:22.8444282Z [command]/usr/bin/git log -1 --format=%H
android	Run actions/checkout@v4	2026-10-04T10:22:22.8471480Z e4849bf46972977d9fc1bb06ce1fedaf1a06f093
android	Run actions/setup-java@v4	﻿2026-10-04T10:22:22.8776637Z ##[group]Run actions/setup-java@v4
android	Run actions/setup-java@v4	2026-10-04T10:22:22.8777165Z with:
android	Run actions/setup-java@v4	2026-10-04T10:22:22.8777577Z   distribution: temurin
android	Run actions/setup-java@v4	2026-10-04T10:22:22.8777862Z   java-version: 21
android	Run actions/setup-java@v4	2026-10-04T10:22:22.8778122Z   java-package: jdk
android	Run actions/setup-java@v4	2026-10-04T10:22:22.8778392Z   check-latest: false
android	Run actions/setup-java@v4	2026-10-04T10:22:22.8778656Z   server-id: github
android	Run actions/setup-java@v4	2026-10-04T10:22:22.8778924Z   server-username: GITHUB_ACTOR
android	Run actions/setup-java@v4	2026-10-04T10:22:22.8779237Z   server-password: GITHUB_TOKEN
android	Run actions/setup-java@v4	2026-10-04T10:22:22.8779548Z   overwrite-settings: true
android	Run actions/setup-java@v4	2026-10-04T10:22:22.8779826Z   job-status: success
android	Run actions/setup-java@v4	2026-10-04T10:22:22.8782456Z   token: ***
android	Run actions/setup-java@v4	2026-10-04T10:22:22.8782725Z ##[endgroup]
android	Run actions/setup-java@v4	2026-10-04T10:22:23.0429817Z ##[warning]setup-java v4 is deprecated and will no longer receive updates. Please migrate to actions/setup-java@v5.
android	Run actions/setup-java@v4	2026-10-04T10:22:23.0438760Z ##[group]Installed distributions
android	Run actions/setup-java@v4	2026-10-04T10:22:23.0478565Z Resolved Java 21.0.12+1 from tool-cache
android	Run actions/setup-java@v4	2026-10-04T10:22:23.0479234Z Setting Java 21.0.12+1 as the default
android	Run actions/setup-java@v4	2026-10-04T10:22:23.0489197Z (node:2284) [DEP0040] DeprecationWarning: The `punycode` module is deprecated. Please use a userland alternative instead.
android	Run actions/setup-java@v4	2026-10-04T10:22:23.0490616Z (Use `node --trace-deprecation ...` to show where the warning was created)
android	Run actions/setup-java@v4	2026-10-04T10:22:23.0492742Z Creating toolchains.xml for JDK version 21 from temurin
android	Run actions/setup-java@v4	2026-10-04T10:22:23.0567566Z Writing to /home/runner/.m2/toolchains.xml
android	Run actions/setup-java@v4	2026-10-04T10:22:23.0568226Z
android	Run actions/setup-java@v4	2026-10-04T10:22:23.0568645Z Java configuration:
android	Run actions/setup-java@v4	2026-10-04T10:22:23.0569351Z   Distribution: temurin
android	Run actions/setup-java@v4	2026-10-04T10:22:23.0570049Z   Version: 21.0.12+1
android	Run actions/setup-java@v4	2026-10-04T10:22:23.0570877Z   Path: /opt/hostedtoolcache/Java_Temurin-Hotspot_jdk/21.0.12-1/x64
android	Run actions/setup-java@v4	2026-10-04T10:22:23.0571386Z
android	Run actions/setup-java@v4	2026-10-04T10:22:23.0571899Z ##[endgroup]
android	Run actions/setup-java@v4	2026-10-04T10:22:23.0592290Z Creating settings.xml with server-id: github
android	Run actions/setup-java@v4	2026-10-04T10:22:23.0615723Z Writing to /home/runner/.m2/settings.xml
android	Run android-actions/setup-android@v3	﻿2026-10-04T10:22:23.0810610Z ##[group]Run android-actions/setup-android@v3
android	Run android-actions/setup-android@v3	2026-10-04T10:22:23.0811026Z with:
android	Run android-actions/setup-android@v3	2026-10-04T10:22:23.0811292Z   packages: platform-tools
android	Run android-actions/setup-android@v3	2026-10-04T10:22:23.0811627Z   log-accepted-android-sdk-licenses: false
android	Run android-actions/setup-android@v3	2026-10-04T10:22:23.0811979Z   cmdline-tools-version: 12266719
android	Run android-actions/setup-android@v3	2026-10-04T10:22:23.0812303Z   accept-android-sdk-licenses: true
android	Run android-actions/setup-android@v3	2026-10-04T10:22:23.0812603Z env:
android	Run android-actions/setup-android@v3	2026-10-04T10:22:23.0812945Z   JAVA_HOME: /opt/hostedtoolcache/Java_Temurin-Hotspot_jdk/21.0.12-1/x64
android	Run android-actions/setup-android@v3	2026-10-04T10:22:23.0813733Z   JAVA_HOME_21_X64: /opt/hostedtoolcache/Java_Temurin-Hotspot_jdk/21.0.12-1/x64
android	Run android-actions/setup-android@v3	2026-10-04T10:22:23.0814177Z ##[endgroup]
android	Run android-actions/setup-android@v3	2026-10-04T10:22:23.1595052Z Found preinstalled sdkmanager in /usr/local/lib/android/sdk/cmdline-tools/latest with following source.properties:
android	Run android-actions/setup-android@v3	2026-10-04T10:22:23.1596539Z Pkg.Revision=12.0
android	Run android-actions/setup-android@v3	2026-10-04T10:22:23.1597188Z Pkg.Path=cmdline-tools;12.0
android	Run android-actions/setup-android@v3	2026-10-04T10:22:23.1597895Z Pkg.Desc=Android SDK Command-line Tools
android	Run android-actions/setup-android@v3	2026-10-04T10:22:23.1598381Z
android	Run android-actions/setup-android@v3	2026-10-04T10:22:23.1598746Z Wrong version in preinstalled sdkmanager
android	Run android-actions/setup-android@v3	2026-10-04T10:22:23.1600217Z Downloading commandline tools from https://dl.google.com/android/repository/commandlinetools-linux-12266719_latest.zip
android	Run android-actions/setup-android@v3	2026-10-04T10:22:23.9642962Z [command]/usr/bin/unzip -o -q /home/runner/work/_temp/2bc67aa2-cc2c-41d4-aa54-1c4a8a251075
android	Run android-actions/setup-android@v3	2026-10-04T10:22:24.7325310Z Accepting Android SDK licenses
android	Run android-actions/setup-android@v3	2026-10-04T10:22:30.1811652Z [command]/usr/local/lib/android/sdk/cmdline-tools/16.0/bin/sdkmanager platform-tools
android	Run android-actions/setup-android@v3	2026-10-04T10:22:30.9422317Z Loading package information...
android	Run android-actions/setup-android@v3	2026-10-04T10:22:31.0269961Z Loading local repository...
android	Run android-actions/setup-android@v3	2026-10-04T10:22:31.0278164Z [                                       ] 3% Loading local repository...
android	Run android-actions/setup-android@v3	2026-10-04T10:22:31.0319458Z [                                       ] 3% Fetch remote repository...
android	Run android-actions/setup-android@v3	2026-10-04T10:22:31.3545838Z [=                                      ] 3% Fetch remote repository...
android	Run android-actions/setup-android@v3	2026-10-04T10:22:31.5028589Z [=                                      ] 4% Fetch remote repository...
android	Run android-actions/setup-android@v3	2026-10-04T10:22:31.5379943Z [=                                      ] 5% Fetch remote repository...
android	Run android-actions/setup-android@v3	2026-10-04T10:22:31.6089749Z [==                                     ] 5% Fetch remote repository...
android	Run android-actions/setup-android@v3	2026-10-04T10:22:31.7111840Z [==                                     ] 6% Fetch remote repository...
android	Run android-actions/setup-android@v3	2026-10-04T10:22:31.7886390Z [==                                     ] 7% Fetch remote repository...
android	Run android-actions/setup-android@v3	2026-10-04T10:22:31.7923674Z [==                                     ] 7% Computing updates...
android	Run android-actions/setup-android@v3	2026-10-04T10:22:31.8033749Z [===                                    ] 8% Computing updates...
android	Run android-actions/setup-android@v3	2026-10-04T10:22:31.8074066Z [===                                    ] 10% Computing updates...
android	Run android-actions/setup-android@v3	2026-10-04T10:22:31.8094337Z [=======================================] 100% Computing updates...
android	Run android-actions/setup-android@v3	2026-10-04T10:22:31.8094971Z
android	Run sdkmanager 'platforms;android-36' 'build-tools;36.0.0'	﻿2026-10-04T10:22:31.8564856Z ##[group]Run sdkmanager 'platforms;android-36' 'build-tools;36.0.0'
android	Run sdkmanager 'platforms;android-36' 'build-tools;36.0.0'	2026-10-04T10:22:31.8565457Z ^[[36;1msdkmanager 'platforms;android-36' 'build-tools;36.0.0'^[[0m
android	Run sdkmanager 'platforms;android-36' 'build-tools;36.0.0'	2026-10-04T10:22:31.8911244Z shell: /usr/bin/bash -e {0}
android	Run sdkmanager 'platforms;android-36' 'build-tools;36.0.0'	2026-10-04T10:22:31.8911654Z env:
android	Run sdkmanager 'platforms;android-36' 'build-tools;36.0.0'	2026-10-04T10:22:31.8912133Z   JAVA_HOME: /opt/hostedtoolcache/Java_Temurin-Hotspot_jdk/21.0.12-1/x64
android	Run sdkmanager 'platforms;android-36' 'build-tools;36.0.0'	2026-10-04T10:22:31.8913147Z   JAVA_HOME_21_X64: /opt/hostedtoolcache/Java_Temurin-Hotspot_jdk/21.0.12-1/x64
android	Run sdkmanager 'platforms;android-36' 'build-tools;36.0.0'	2026-10-04T10:22:31.8913816Z   ANDROID_HOME: /usr/local/lib/android/sdk
android	Run sdkmanager 'platforms;android-36' 'build-tools;36.0.0'	2026-10-04T10:22:31.8914309Z   ANDROID_SDK_ROOT: /usr/local/lib/android/sdk
android	Run sdkmanager 'platforms;android-36' 'build-tools;36.0.0'	2026-10-04T10:22:31.8914760Z ##[endgroup]
android	Run sdkmanager 'platforms;android-36' 'build-tools;36.0.0'	2026-10-04T10:22:32.8134970Z Loading package information...
android	Run sdkmanager 'platforms;android-36' 'build-tools;36.0.0'	2026-10-04T10:22:32.9141934Z Loading local repository...
android	Run sdkmanager 'platforms;android-36' 'build-tools;36.0.0'	2026-10-04T10:22:32.9145032Z [                                       ] 3% Loading local repository...
android	Run sdkmanager 'platforms;android-36' 'build-tools;36.0.0'	2026-10-04T10:22:32.9184359Z [                                       ] 3% Fetch remote repository...
android	Run sdkmanager 'platforms;android-36' 'build-tools;36.0.0'	2026-10-04T10:22:33.2375144Z [=                                      ] 3% Fetch remote repository...
android	Run sdkmanager 'platforms;android-36' 'build-tools;36.0.0'	2026-10-04T10:22:33.2870182Z [=                                      ] 4% Fetch remote repository...
android	Run sdkmanager 'platforms;android-36' 'build-tools;36.0.0'	2026-10-04T10:22:33.3243699Z [=                                      ] 5% Fetch remote repository...
android	Run sdkmanager 'platforms;android-36' 'build-tools;36.0.0'	2026-10-04T10:22:33.3565051Z [==                                     ] 5% Fetch remote repository...
android	Run sdkmanager 'platforms;android-36' 'build-tools;36.0.0'	2026-10-04T10:22:33.4364783Z [==                                     ] 6% Fetch remote repository...
android	Run sdkmanager 'platforms;android-36' 'build-tools;36.0.0'	2026-10-04T10:22:33.5034740Z [==                                     ] 7% Fetch remote repository...
android	Run sdkmanager 'platforms;android-36' 'build-tools;36.0.0'	2026-10-04T10:22:33.5058075Z [==                                     ] 7% Computing updates...
android	Run sdkmanager 'platforms;android-36' 'build-tools;36.0.0'	2026-10-04T10:22:33.5198746Z [===                                    ] 8% Computing updates...
android	Run sdkmanager 'platforms;android-36' 'build-tools;36.0.0'	2026-10-04T10:22:33.5248269Z [===                                    ] 10% Computing updates...
android	Run sdkmanager 'platforms;android-36' 'build-tools;36.0.0'	2026-10-04T10:22:33.5258595Z [=======================================] 100% Computing updates...
android	Run sdkmanager 'platforms;android-36' 'build-tools;36.0.0'	2026-10-04T10:22:33.5259125Z
android	Run gradle/actions/setup-gradle@v4	﻿2026-10-04T10:22:33.5766638Z ##[group]Run gradle/actions/setup-gradle@v4
android	Run gradle/actions/setup-gradle@v4	2026-10-04T10:22:33.5766991Z with:
android	Run gradle/actions/setup-gradle@v4	2026-10-04T10:22:33.5767199Z   cache-disabled: false
android	Run gradle/actions/setup-gradle@v4	2026-10-04T10:22:33.5767436Z   cache-read-only: true
android	Run gradle/actions/setup-gradle@v4	2026-10-04T10:22:33.5767661Z   cache-write-only: false
android	Run gradle/actions/setup-gradle@v4	2026-10-04T10:22:33.5767906Z   cache-overwrite-existing: false
android	Run gradle/actions/setup-gradle@v4	2026-10-04T10:22:33.5768179Z   cache-cleanup: on-success
android	Run gradle/actions/setup-gradle@v4	2026-10-04T10:22:33.5768474Z   gradle-home-cache-includes: caches
android	Run gradle/actions/setup-gradle@v4	notifications
android	Run gradle/actions/setup-gradle@v4
android	Run gradle/actions/setup-gradle@v4	2026-10-04T10:22:33.5768806Z   add-job-summary: always
android	Run gradle/actions/setup-gradle@v4	2026-10-04T10:22:33.5769068Z   add-job-summary-as-pr-comment: never
android	Run gradle/actions/setup-gradle@v4	2026-10-04T10:22:33.5769356Z   dependency-graph: disabled
android	Run gradle/actions/setup-gradle@v4	2026-10-04T10:22:33.5769658Z   dependency-graph-report-dir: dependency-graph-reports
android	Run gradle/actions/setup-gradle@v4	2026-10-04T10:22:33.5770033Z   dependency-graph-continue-on-failure: true
android	Run gradle/actions/setup-gradle@v4	2026-10-04T10:22:33.5770522Z   build-scan-publish: false
android	Run gradle/actions/setup-gradle@v4	2026-10-04T10:22:33.5770774Z   validate-wrappers: true
android	Run gradle/actions/setup-gradle@v4	2026-10-04T10:22:33.5771018Z   allow-snapshot-wrappers: false
android	Run gradle/actions/setup-gradle@v4	2026-10-04T10:22:33.5771290Z   gradle-home-cache-strict-match: false
android	Run gradle/actions/setup-gradle@v4	2026-10-04T10:22:33.5771604Z   workflow-job-context: null
android	Run gradle/actions/setup-gradle@v4	2026-10-04T10:22:33.5774366Z   github-token: ***
android	Run gradle/actions/setup-gradle@v4	2026-10-04T10:22:33.5774579Z env:
android	Run gradle/actions/setup-gradle@v4	2026-10-04T10:22:33.5774885Z   JAVA_HOME: /opt/hostedtoolcache/Java_Temurin-Hotspot_jdk/21.0.12-1/x64
android	Run gradle/actions/setup-gradle@v4	2026-10-04T10:22:33.5775383Z   JAVA_HOME_21_X64: /opt/hostedtoolcache/Java_Temurin-Hotspot_jdk/21.0.12-1/x64
android	Run gradle/actions/setup-gradle@v4	2026-10-04T10:22:33.5775791Z   ANDROID_HOME: /usr/local/lib/android/sdk
android	Run gradle/actions/setup-gradle@v4	2026-10-04T10:22:33.5776089Z   ANDROID_SDK_ROOT: /usr/local/lib/android/sdk
android	Run gradle/actions/setup-gradle@v4	2026-10-04T10:22:33.5776370Z ##[endgroup]
android	Run gradle/actions/setup-gradle@v4	2026-10-04T10:22:33.9363906Z Merged default JDK locations into /home/runner/.m2/toolchains.xml
android	Run gradle/actions/setup-gradle@v4	2026-10-04T10:22:33.9367127Z ##[group]Restore Gradle state from cache
android	Run gradle/actions/setup-gradle@v4	2026-10-04T10:22:34.0059330Z Cache hit for restore-key: gradle-home-v1|Linux-X64|android[1b8766f93310b93e84da98e473f7fc1d]-69a097b5394a9fece39dd11cc13f04c9b4d28bfe
android	Run gradle/actions/setup-gradle@v4	2026-10-04T10:22:34.0919919Z Received 710257 of 710257 (100.0%), 13.8 MBs/sec
android	Run gradle/actions/setup-gradle@v4	2026-10-04T10:22:34.0922135Z Cache Size: ~1 MB (710257 B)
android	Run gradle/actions/setup-gradle@v4	2026-10-04T10:22:34.0958919Z [command]/usr/bin/tar -xf /home/runner/work/_temp/11c36ac8-3f79-4bf5-91fb-fc4b5a34069e/cache.tzst -P -C /home/runner/work/utopia/utopia --use-compress-program unzstd
android	Run gradle/actions/setup-gradle@v4	2026-10-04T10:22:34.1877167Z Cache restored successfully
android	Run gradle/actions/setup-gradle@v4	2026-10-04T10:22:34.1882700Z Restored cache entry with key gradle-home-v1|Linux-X64|android[1b8766f93310b93e84da98e473f7fc1d]-e4849bf46972977d9fc1bb06ce1fedaf1a06f093 to /home/runner/.gradle/caches,/home/runner/.gradle/notifications,/home/runner/.gradle/.setup-gradle in 251ms
android	Run gradle/actions/setup-gradle@v4	2026-10-04T10:22:34.2576645Z Cache hit for: gradle-kotlin-dsl-v1-3f2fefd0dfdb2b19412dca94a922274d
android	Run gradle/actions/setup-gradle@v4	2026-10-04T10:22:34.2598534Z Cache hit for: gradle-instrumented-jars-v1-6f0f4f9b4c936f6c0f95021460e4586d
android	Run gradle/actions/setup-gradle@v4	2026-10-04T10:22:34.2622074Z Cache hit for: gradle-wrapper-zips-v1-5ae5d3da5e8e0c748d04bcdd9bc97bdb
android	Run gradle/actions/setup-gradle@v4	2026-10-04T10:22:34.2644528Z Cache hit for: gradle-transforms-v1-de43bc87ee6d8e2edf03eed03aee40ea
android	Run gradle/actions/setup-gradle@v4	2026-10-04T10:22:34.2648905Z Cache hit for: gradle-groovy-dsl-v1-89d54d3ccea49fcf7526415d0d51939b
android	Run gradle/actions/setup-gradle@v4	2026-10-04T10:22:34.2691564Z Cache hit for: gradle-dependencies-v1-710a3b371db75b163f0594fc4e68cd08
android	Run gradle/actions/setup-gradle@v4	2026-10-04T10:22:34.2732255Z Cache hit for: gradle-generated-gradle-jars-v1-4434c59050703a48bf14168622b59891
android	Run gradle/actions/setup-gradle@v4	2026-10-04T10:22:34.3714642Z Received 122863 of 122863 (100.0%), 1.5 MBs/sec
android	Run gradle/actions/setup-gradle@v4	2026-10-04T10:22:34.3724823Z Cache Size: ~0 MB (122863 B)
android	Run gradle/actions/setup-gradle@v4	2026-10-04T10:22:34.4333328Z Received 114035 of 114035 (100.0%), 0.7 MBs/sec
android	Run gradle/actions/setup-gradle@v4	2026-10-04T10:22:34.4334225Z Cache Size: ~0 MB (114035 B)
android	Run gradle/actions/setup-gradle@v4	2026-10-04T10:22:34.4799843Z Received 202831 of 202831 (100.0%), 1.5 MBs/sec
android	Run gradle/actions/setup-gradle@v4	2026-10-04T10:22:34.4801372Z Cache Size: ~0 MB (202831 B)
android	Run gradle/actions/setup-gradle@v4	2026-10-04T10:22:34.6161567Z [command]/usr/bin/tar -xf /home/runner/work/_temp/4e5ec208-2f80-42e5-90a3-dd5b61e7a9a6/cache.tzst -P -C /home/runner/work/utopia/utopia --use-compress-program unzstd
android	Run gradle/actions/setup-gradle@v4	2026-10-04T10:22:34.6603637Z Cache restored successfully
android	Run gradle/actions/setup-gradle@v4	2026-10-04T10:22:34.6766898Z Restored cache entry with key gradle-instrumented-jars-v1-6f0f4f9b4c936f6c0f95021460e4586d to /home/runner/.gradle/caches/jars-*/*/ in 487ms
android	Run gradle/actions/setup-gradle@v4	2026-10-04T10:22:34.6771064Z [command]/usr/bin/tar -xf /home/runner/work/_temp/6e03d127-a425-4c3d-a05f-30010e125862/cache.tzst -P -C /home/runner/work/utopia/utopia --use-compress-program unzstd
android	Run gradle/actions/setup-gradle@v4	2026-10-04T10:22:34.7324441Z [command]/usr/bin/tar -xf /home/runner/work/_temp/64fb3bfd-7bc6-4ec4-8cb5-c53df58c7d23/cache.tzst -P -C /home/runner/work/utopia/utopia --use-compress-program unzstd
android	Run gradle/actions/setup-gradle@v4	2026-10-04T10:22:34.7747959Z Cache restored successfully
android	Run gradle/actions/setup-gradle@v4	2026-10-04T10:22:34.7840806Z Cache restored successfully
android	Run gradle/actions/setup-gradle@v4	2026-10-04T10:22:34.7894219Z Restored cache entry with key gradle-kotlin-dsl-v1-3f2fefd0dfdb2b19412dca94a922274d to /home/runner/.gradle/caches/*/kotlin-dsl/accessors/*/,/home/runner/.gradle/caches/*/kotlin-dsl/scripts/*/ in 599ms
android	Run gradle/actions/setup-gradle@v4	2026-10-04T10:22:34.7897226Z Restored cache entry with key gradle-groovy-dsl-v1-89d54d3ccea49fcf7526415d0d51939b to /home/runner/.gradle/caches/*/groovy-dsl/*/ in 599ms
android	Run gradle/actions/setup-gradle@v4	2026-10-04T10:22:34.9853329Z Received 41093001 of 41093001 (100.0%), 58.1 MBs/sec
android	Run gradle/actions/setup-gradle@v4	2026-10-04T10:22:34.9854355Z Cache Size: ~39 MB (41093001 B)
android	Run gradle/actions/setup-gradle@v4	2026-10-04T10:22:35.0735432Z [command]/usr/bin/tar -xf /home/runner/work/_temp/0327a9f5-c7e6-4ddb-a147-476129ca806d/cache.tzst -P -C /home/runner/work/utopia/utopia --use-compress-program unzstd
android	Run gradle/actions/setup-gradle@v4	2026-10-04T10:22:35.3091998Z Received 54525952 of 136713466 (39.9%), 51.4 MBs/sec
android	Run gradle/actions/setup-gradle@v4	2026-10-04T10:22:35.3366949Z Received 37748736 of 137977965 (27.4%), 35.6 MBs/sec
android	Run gradle/actions/setup-gradle@v4	2026-10-04T10:22:35.3733265Z Received 54525952 of 218837890 (24.9%), 50.9 MBs/sec
android	Run gradle/actions/setup-gradle@v4	2026-10-04T10:22:35.6034502Z Cache restored successfully
android	Run gradle/actions/setup-gradle@v4	2026-10-04T10:22:35.6135318Z Restored cache entry with key gradle-generated-gradle-jars-v1-4434c59050703a48bf14168622b59891 to /home/runner/.gradle/caches/8.14.3/generated-gradle-jars/gradle-api-8.14.3.jar in 1424ms
android	Run gradle/actions/setup-gradle@v4	2026-10-04T10:22:35.9337932Z Received 136713466 of 136713466 (100.0%), 79.7 MBs/sec
android	Run gradle/actions/setup-gradle@v4	2026-10-04T10:22:35.9339886Z Cache Size: ~130 MB (136713466 B)
android	Run gradle/actions/setup-gradle@v4	2026-10-04T10:22:35.9440602Z [command]/usr/bin/tar -xf /home/runner/work/_temp/f6dc953a-842d-4a1d-8c30-6fd872220d95/cache.tzst -P -C /home/runner/work/utopia/utopia --use-compress-program unzstd
android	Run gradle/actions/setup-gradle@v4	2026-10-04T10:22:36.1043684Z Received 137977965 of 137977965 (100.0%), 74.0 MBs/sec
android	Run gradle/actions/setup-gradle@v4	2026-10-04T10:22:36.1046967Z Cache Size: ~132 MB (137977965 B)
android	Run gradle/actions/setup-gradle@v4	2026-10-04T10:22:36.1150235Z [command]/usr/bin/tar -xf /home/runner/work/_temp/967d4e20-bed8-457b-aa32-633cb81d6d26/cache.tzst -P -C /home/runner/work/utopia/utopia --use-compress-program unzstd
android	Run gradle/actions/setup-gradle@v4	2026-10-04T10:22:36.3457289Z Cache restored successfully
android	Run gradle/actions/setup-gradle@v4	2026-10-04T10:22:36.3781606Z Received 218837890 of 218837890 (100.0%), 102.9 MBs/sec
android	Run gradle/actions/setup-gradle@v4	2026-10-04T10:22:36.3782770Z Cache Size: ~209 MB (218837890 B)
android	Run gradle/actions/setup-gradle@v4	2026-10-04T10:22:36.3854888Z [command]/usr/bin/tar -xf /home/runner/work/_temp/8d421eb3-4ccb-4649-b792-e0684ae6f67d/cache.tzst -P -C /home/runner/work/utopia/utopia --use-compress-program unzstd
android	Run gradle/actions/setup-gradle@v4	2026-10-04T10:22:36.8786857Z Cache restored successfully
android	Run gradle/actions/setup-gradle@v4	2026-10-04T10:22:37.4245763Z Restored cache entry with key gradle-dependencies-v1-710a3b371db75b163f0594fc4e68cd08 to /home/runner/.gradle/caches/modules-*/files-*/*/*/*/* in 3233ms
android	Run gradle/actions/setup-gradle@v4	2026-10-04T10:22:37.4249004Z Restored cache entry with key gradle-wrapper-zips-v1-5ae5d3da5e8e0c748d04bcdd9bc97bdb to /home/runner/.gradle/wrapper/dists/gradle-8.14.3-bin/cv11ve7ro1n3o1j4so8xd9n66 in 3234ms
android	Run gradle/actions/setup-gradle@v4	2026-10-04T10:22:38.0828485Z Cache restored successfully
android	Run gradle/actions/setup-gradle@v4	2026-10-04T10:22:38.2752237Z Restored cache entry with key gradle-transforms-v1-de43bc87ee6d8e2edf03eed03aee40ea to /home/runner/.gradle/caches/transforms-4/*/,/home/runner/.gradle/caches/*/transforms/*/ in 4083ms
android	Run gradle/actions/setup-gradle@v4	2026-10-04T10:22:38.3262706Z ##[endgroup]
android	Run gradle/actions/setup-gradle@v4	2026-10-04T10:22:38.3546510Z ##[group]All Gradle Wrapper jars are valid
android	Run gradle/actions/setup-gradle@v4	2026-10-04T10:22:38.3548029Z ✓ Found known Gradle Wrapper JAR files:
android	Run gradle/actions/setup-gradle@v4	2026-10-04T10:22:38.3549547Z   7d3a4ac4de1c32b59bc6a4eb8ecb8e612ccd0cf1ae1e99f66902da64df296172 apps/android/gradle/wrapper/gradle-wrapper.jar
android	Run gradle/actions/setup-gradle@v4	2026-10-04T10:22:38.3551099Z ##[endgroup]
android	Run bash gradlew :app:testDebugUnitTest :app:assembleDebug --console=plain	﻿2026-10-04T10:22:38.6187432Z ##[group]Run bash gradlew :app:testDebugUnitTest :app:assembleDebug --console=plain
android	Run bash gradlew :app:testDebugUnitTest :app:assembleDebug --console=plain	2026-10-04T10:22:38.6188638Z ^[[36;1mbash gradlew :app:testDebugUnitTest :app:assembleDebug --console=plain^[[0m
android	Run bash gradlew :app:testDebugUnitTest :app:assembleDebug --console=plain	2026-10-04T10:22:38.6270590Z shell: /usr/bin/bash -e {0}
android	Run bash gradlew :app:testDebugUnitTest :app:assembleDebug --console=plain	2026-10-04T10:22:38.6271088Z env:
android	Run bash gradlew :app:testDebugUnitTest :app:assembleDebug --console=plain	2026-10-04T10:22:38.6271683Z   JAVA_HOME: /opt/hostedtoolcache/Java_Temurin-Hotspot_jdk/21.0.12-1/x64
android	Run bash gradlew :app:testDebugUnitTest :app:assembleDebug --console=plain	2026-10-04T10:22:38.6272658Z   JAVA_HOME_21_X64: /opt/hostedtoolcache/Java_Temurin-Hotspot_jdk/21.0.12-1/x64
android	Run bash gradlew :app:testDebugUnitTest :app:assembleDebug --console=plain	2026-10-04T10:22:38.6273655Z   ANDROID_HOME: /usr/local/lib/android/sdk
android	Run bash gradlew :app:testDebugUnitTest :app:assembleDebug --console=plain	2026-10-04T10:22:38.6274270Z   ANDROID_SDK_ROOT: /usr/local/lib/android/sdk
android	Run bash gradlew :app:testDebugUnitTest :app:assembleDebug --console=plain	2026-10-04T10:22:38.6274904Z   GRADLE_ACTION_ID: gradle/actions/setup-gradle
android	Run bash gradlew :app:testDebugUnitTest :app:assembleDebug --console=plain	2026-10-04T10:22:38.6275510Z   GRADLE_USER_HOME: /home/runner/.gradle
android	Run bash gradlew :app:testDebugUnitTest :app:assembleDebug --console=plain	2026-10-04T10:22:38.6276089Z   GRADLE_BUILD_ACTION_SETUP_COMPLETED: true
android	Run bash gradlew :app:testDebugUnitTest :app:assembleDebug --console=plain	2026-10-04T10:22:38.6276680Z   GRADLE_BUILD_ACTION_CACHE_RESTORED: true
android	Run bash gradlew :app:testDebugUnitTest :app:assembleDebug --console=plain	2026-10-04T10:22:38.6277774Z   DEVELOCITY_INJECTION_INIT_SCRIPT_NAME: gradle-actions.inject-develocity.init.gradle
android	Run bash gradlew :app:testDebugUnitTest :app:assembleDebug --console=plain	2026-10-04T10:22:38.6278740Z   DEVELOCITY_INJECTION_CUSTOM_VALUE: gradle-actions
android	Run bash gradlew :app:testDebugUnitTest :app:assembleDebug --console=plain	2026-10-04T10:22:38.6279366Z   GITHUB_DEPENDENCY_GRAPH_ENABLED: false
android	Run bash gradlew :app:testDebugUnitTest :app:assembleDebug --console=plain	2026-10-04T10:22:38.6279892Z ##[endgroup]
android	Run bash gradlew :app:testDebugUnitTest :app:assembleDebug --console=plain	2026-10-04T10:22:40.0545059Z Starting a Gradle Daemon (subsequent builds will be faster)
android	Run bash gradlew :app:testDebugUnitTest :app:assembleDebug --console=plain	2026-10-04T10:22:51.5567531Z > Task :app:checkKotlinGradlePluginConfigurationErrors SKIPPED
android	Run bash gradlew :app:testDebugUnitTest :app:assembleDebug --console=plain	2026-10-04T10:22:51.5574119Z > Task :app:preBuild UP-TO-DATE
android	Run bash gradlew :app:testDebugUnitTest :app:assembleDebug --console=plain	2026-10-04T10:22:51.5593832Z > Task :app:preDebugBuild UP-TO-DATE
android	Run bash gradlew :app:testDebugUnitTest :app:assembleDebug --console=plain	2026-10-04T10:22:51.9554382Z > Task :app:generateDebugResValues
android	Run bash gradlew :app:testDebugUnitTest :app:assembleDebug --console=plain	2026-10-04T10:22:51.9556444Z > Task :app:checkDebugAarMetadata
android	Run bash gradlew :app:testDebugUnitTest :app:assembleDebug --console=plain	2026-10-04T10:22:52.0536329Z > Task :app:mapDebugSourceSetPaths
android	Run bash gradlew :app:testDebugUnitTest :app:assembleDebug --console=plain	2026-10-04T10:22:52.0537663Z > Task :app:generateDebugResources
android	Run bash gradlew :app:testDebugUnitTest :app:assembleDebug --console=plain	2026-10-04T10:22:53.1536336Z > Task :app:packageDebugResources
android	Run bash gradlew :app:testDebugUnitTest :app:assembleDebug --console=plain	2026-10-04T10:22:54.2584860Z > Task :app:createDebugCompatibleScreenManifests
android	Run bash gradlew :app:testDebugUnitTest :app:assembleDebug --console=plain	2026-10-04T10:22:54.2604098Z > Task :app:extractDeepLinksDebug
android	Run bash gradlew :app:testDebugUnitTest :app:assembleDebug --console=plain	2026-10-04T10:22:54.2633759Z > Task :app:mergeDebugResources
android	Run bash gradlew :app:testDebugUnitTest :app:assembleDebug --console=plain	2026-10-04T10:22:54.3564572Z > Task :app:parseDebugLocalResources
android	Run bash gradlew :app:testDebugUnitTest :app:assembleDebug --console=plain	2026-10-04T10:22:54.5551026Z > Task :app:processDebugMainManifest
android	Run bash gradlew :app:testDebugUnitTest :app:assembleDebug --console=plain	2026-10-04T10:22:54.6538399Z > Task :app:processDebugManifest
android	Run bash gradlew :app:testDebugUnitTest :app:assembleDebug --console=plain	2026-10-04T10:22:54.6556684Z > Task :app:preDebugUnitTestBuild UP-TO-DATE
android	Run bash gradlew :app:testDebugUnitTest :app:assembleDebug --console=plain	2026-10-04T10:22:54.6558008Z > Task :app:javaPreCompileDebug
android	Run bash gradlew :app:testDebugUnitTest :app:assembleDebug --console=plain	2026-10-04T10:22:54.6559056Z > Task :app:javaPreCompileDebugUnitTest
android	Run bash gradlew :app:testDebugUnitTest :app:assembleDebug --console=plain	2026-10-04T10:22:54.6561216Z > Task :app:mergeDebugNativeDebugMetadata NO-SOURCE
android	Run bash gradlew :app:testDebugUnitTest :app:assembleDebug --console=plain	2026-10-04T10:22:54.7536751Z > Task :app:mergeDebugShaders
android	Run bash gradlew :app:testDebugUnitTest :app:assembleDebug --console=plain	2026-10-04T10:22:54.7552197Z > Task :app:compileDebugShaders NO-SOURCE
android	Run bash gradlew :app:testDebugUnitTest :app:assembleDebug --console=plain	2026-10-04T10:22:54.7559420Z > Task :app:generateDebugAssets UP-TO-DATE
android	Run bash gradlew :app:testDebugUnitTest :app:assembleDebug --console=plain	2026-10-04T10:22:54.7560468Z > Task :app:mergeDebugAssets
android	Run bash gradlew :app:testDebugUnitTest :app:assembleDebug --console=plain	2026-10-04T10:22:54.7561218Z > Task :app:compressDebugAssets
android	Run bash gradlew :app:testDebugUnitTest :app:assembleDebug --console=plain	2026-10-04T10:22:54.7562010Z > Task :app:processDebugManifestForPackage
android	Run bash gradlew :app:testDebugUnitTest :app:assembleDebug --console=plain	2026-10-04T10:22:54.9564410Z > Task :app:desugarDebugFileDependencies
android	Run bash gradlew :app:testDebugUnitTest :app:assembleDebug --console=plain	2026-10-04T10:22:55.0559036Z > Task :app:mergeDebugJniLibFolders
android	Run bash gradlew :app:testDebugUnitTest :app:assembleDebug --console=plain	2026-10-04T10:22:55.0584303Z > Task :app:checkDebugDuplicateClasses
android	Run bash gradlew :app:testDebugUnitTest :app:assembleDebug --console=plain	2026-10-04T10:22:55.1552917Z > Task :app:mergeDebugNativeLibs
android	Run bash gradlew :app:testDebugUnitTest :app:assembleDebug --console=plain	2026-10-04T10:22:55.3585840Z > Task :app:mergeLibDexDebug
android	Run bash gradlew :app:testDebugUnitTest :app:assembleDebug --console=plain	2026-10-04T10:22:55.3613418Z
android	Run bash gradlew :app:testDebugUnitTest :app:assembleDebug --console=plain	2026-10-04T10:22:55.3613931Z > Task :app:stripDebugDebugSymbols
android	Run bash gradlew :app:testDebugUnitTest :app:assembleDebug --console=plain	2026-10-04T10:22:55.3615674Z Unable to strip the following libraries, packaging them as they are: libandroidx.graphics.path.so. Run with --info option to learn more.
android	Run bash gradlew :app:testDebugUnitTest :app:assembleDebug --console=plain	2026-10-04T10:22:55.4565387Z
android	Run bash gradlew :app:testDebugUnitTest :app:assembleDebug --console=plain	2026-10-04T10:22:55.4584235Z > Task :app:processDebugResources
android	Run bash gradlew :app:testDebugUnitTest :app:assembleDebug --console=plain	2026-10-04T10:22:56.4594502Z > Task :app:validateSigningDebug
android	Run bash gradlew :app:testDebugUnitTest :app:assembleDebug --console=plain	2026-10-04T10:22:57.3536269Z > Task :app:writeDebugAppMetadata
android	Run bash gradlew :app:testDebugUnitTest :app:assembleDebug --console=plain	2026-10-04T10:22:57.4546889Z > Task :app:writeDebugSigningConfigVersions
android	Run bash gradlew :app:testDebugUnitTest :app:assembleDebug --console=plain	2026-10-04T10:23:04.6584538Z > Task :app:mergeExtDexDebug
android	Run bash gradlew :app:testDebugUnitTest :app:assembleDebug --console=plain	2026-10-04T10:23:20.0552737Z
android	Run bash gradlew :app:testDebugUnitTest :app:assembleDebug --console=plain	2026-10-04T10:23:20.0574109Z > Task :app:compileDebugKotlin
android	Run bash gradlew :app:testDebugUnitTest :app:assembleDebug --console=plain	2026-10-04T10:23:20.0605672Z w: file:///home/runner/work/utopia/utopia/apps/android/app/src/main/java/city/utopia/control/AutoZoomCaptureActivity.kt:24:31 'val isZoomSupported: Boolean' is deprecated. Deprecated in Java.
android	Run bash gradlew :app:testDebugUnitTest :app:assembleDebug --console=plain	2026-10-04T10:23:20.0609768Z w: file:///home/runner/work/utopia/utopia/apps/android/app/src/main/java/city/utopia/control/AutoZoomCaptureActivity.kt:24:59 'val zoomRatios: (Mutable)List<Int!>!' is deprecated. Deprecated in Java.
android	Run bash gradlew :app:testDebugUnitTest :app:assembleDebug --console=plain	2026-10-04T10:23:20.0613435Z w: file:///home/runner/work/utopia/utopia/apps/android/app/src/main/java/city/utopia/control/AutoZoomCaptureActivity.kt:25:51 'val maxZoom: Int' is deprecated. Deprecated in Java.
android	Run bash gradlew :app:testDebugUnitTest :app:assembleDebug --console=plain	2026-10-04T10:23:20.0616687Z w: file:///home/runner/work/utopia/utopia/apps/android/app/src/main/java/city/utopia/control/AutoZoomCaptureActivity.kt:27:48 'var zoom: Int' is deprecated. Deprecated in Java.
android	Run bash gradlew :app:testDebugUnitTest :app:assembleDebug --console=plain	2026-10-04T10:23:20.0619624Z w: file:///home/runner/work/utopia/utopia/apps/android/app/src/main/java/city/utopia/control/AutoZoomCaptureActivity.kt:28:36 'var zoom: Int' is deprecated. Deprecated in Java.
android	Run bash gradlew :app:testDebugUnitTest :app:assembleDebug --console=plain	2026-10-04T10:23:20.0623234Z w: file:///home/runner/work/utopia/utopia/apps/android/app/src/main/java/city/utopia/control/AutoZoomCaptureActivity.kt:31:62 'val isZoomSupported: Boolean' is deprecated. Deprecated in Java.
android	Run bash gradlew :app:testDebugUnitTest :app:assembleDebug --console=plain	2026-10-04T10:23:20.0626341Z w: file:///home/runner/work/utopia/utopia/apps/android/app/src/main/java/city/utopia/control/AutoZoomCaptureActivity.kt:34:36 'var focusMode: String!' is deprecated. Deprecated in Java.
android	Run bash gradlew :app:testDebugUnitTest :app:assembleDebug --console=plain	2026-10-04T10:23:20.0629742Z w: file:///home/runner/work/utopia/utopia/apps/android/app/src/main/java/city/utopia/control/CityDiscovery.kt:31:94 'fun resolveService(p0: NsdServiceInfo!, p1: NsdManager.ResolveListener!): Unit' is deprecated. Deprecated in Java.
android	Run bash gradlew :app:testDebugUnitTest :app:assembleDebug --console=plain	2026-10-04T10:23:20.0663374Z w: file:///home/runner/work/utopia/utopia/apps/android/app/src/main/java/city/utopia/control/CityDiscovery.kt:33:382 'var host: InetAddress!' is deprecated. Deprecated in Java.
android	Run bash gradlew :app:testDebugUnitTest :app:assembleDebug --console=plain	2026-10-04T10:23:20.0666350Z w: file:///home/runner/work/utopia/utopia/apps/android/app/src/main/java/city/utopia/control/Devices.kt:39:66 Java type mismatch: inferred type is 'Nothing?', but 'String' was expected.
android	Run bash gradlew :app:testDebugUnitTest :app:assembleDebug --console=plain	2026-10-04T10:23:20.0669220Z w: file:///home/runner/work/utopia/utopia/apps/android/app/src/main/java/city/utopia/control/Devices.kt:44:58 Java type mismatch: inferred type is 'Nothing?', but 'String' was expected.
android	Run bash gradlew :app:testDebugUnitTest :app:assembleDebug --console=plain	2026-10-04T10:23:20.0672351Z w: file:///home/runner/work/utopia/utopia/apps/android/app/src/main/java/city/utopia/control/MainActivity.kt:143:389 Only safe (?.) or non-null asserted (!!.) calls are allowed on a nullable receiver of type 'Any?'.
android	Run bash gradlew :app:testDebugUnitTest :app:assembleDebug --console=plain	2026-10-04T10:23:20.0675966Z w: file:///home/runner/work/utopia/utopia/apps/android/app/src/main/java/city/utopia/control/MainActivity.kt:143:495 Only safe (?.) or non-null asserted (!!.) calls are allowed on a nullable receiver of type 'Any?'.
android	Run bash gradlew :app:testDebugUnitTest :app:assembleDebug --console=plain	2026-10-04T10:23:20.1535959Z
android	Run bash gradlew :app:testDebugUnitTest :app:assembleDebug --console=plain	2026-10-04T10:23:20.1573743Z > Task :app:compileDebugJavaWithJavac NO-SOURCE
android	Run bash gradlew :app:testDebugUnitTest :app:assembleDebug --console=plain	2026-10-04T10:23:20.1584536Z > Task :app:bundleDebugClassesToCompileJar
android	Run bash gradlew :app:testDebugUnitTest :app:assembleDebug --console=plain	2026-10-04T10:23:20.1585684Z > Task :app:processDebugJavaRes
android	Run bash gradlew :app:testDebugUnitTest :app:assembleDebug --console=plain	2026-10-04T10:23:20.2539984Z > Task :app:bundleDebugClassesToRuntimeJar
android	Run bash gradlew :app:testDebugUnitTest :app:assembleDebug --console=plain	2026-10-04T10:23:24.1544446Z > Task :app:compileDebugUnitTestKotlin
android	Run bash gradlew :app:testDebugUnitTest :app:assembleDebug --console=plain	2026-10-04T10:23:26.5535988Z > Task :app:dexBuilderDebug
android	Run bash gradlew :app:testDebugUnitTest :app:assembleDebug --console=plain	2026-10-04T10:23:26.5537269Z > Task :app:compileDebugUnitTestJavaWithJavac NO-SOURCE
android	Run bash gradlew :app:testDebugUnitTest :app:assembleDebug --console=plain	2026-10-04T10:23:26.5538500Z > Task :app:processDebugUnitTestJavaRes
android	Run bash gradlew :app:testDebugUnitTest :app:assembleDebug --console=plain	2026-10-04T10:23:27.9544054Z > Task :app:testDebugUnitTest
android	Run bash gradlew :app:testDebugUnitTest :app:assembleDebug --console=plain	2026-10-04T10:23:28.0555060Z > Task :app:mergeDebugGlobalSynthetics
android	Run bash gradlew :app:testDebugUnitTest :app:assembleDebug --console=plain	2026-10-04T10:23:28.3536230Z > Task :app:mergeProjectDexDebug
android	Run bash gradlew :app:testDebugUnitTest :app:assembleDebug --console=plain	2026-10-04T10:23:28.7535960Z > Task :app:mergeDebugJavaResource
android	Run bash gradlew :app:testDebugUnitTest :app:assembleDebug --console=plain	2026-10-04T10:23:29.2537087Z > Task :app:packageDebug
android	Run bash gradlew :app:testDebugUnitTest :app:assembleDebug --console=plain	2026-10-04T10:23:29.3535736Z > Task :app:createDebugApkListingFileRedirect
android	Run bash gradlew :app:testDebugUnitTest :app:assembleDebug --console=plain	2026-10-04T10:23:29.3538663Z > Task :app:assembleDebug
android	Run bash gradlew :app:testDebugUnitTest :app:assembleDebug --console=plain	2026-10-04T10:23:29.3540971Z gradle/actions: Writing build results to /home/runner/work/_temp/.gradle-actions/build-results/__run_2-1791109363741.json
android	Run bash gradlew :app:testDebugUnitTest :app:assembleDebug --console=plain	2026-10-04T10:23:29.3542808Z
android	Run bash gradlew :app:testDebugUnitTest :app:assembleDebug --console=plain	2026-10-04T10:23:29.3543652Z BUILD SUCCESSFUL in 50s
android	Run bash gradlew :app:testDebugUnitTest :app:assembleDebug --console=plain	2026-10-04T10:23:29.3544951Z 41 actionable tasks: 41 executed
android	Run actions/upload-artifact@v4	﻿2026-10-04T10:23:29.7024998Z ##[group]Run actions/upload-artifact@v4
android	Run actions/upload-artifact@v4	2026-10-04T10:23:29.7025388Z with:
android	Run actions/upload-artifact@v4	2026-10-04T10:23:29.7025641Z   name: utopia-debug-apk
android	Run actions/upload-artifact@v4	2026-10-04T10:23:29.7026038Z   path: apps/android/app/build/outputs/apk/debug/app-debug.apk
android	Run actions/upload-artifact@v4	2026-10-04T10:23:29.7026480Z   if-no-files-found: warn
android	Run actions/upload-artifact@v4	2026-10-04T10:23:29.7026773Z   compression-level: 6
android	Run actions/upload-artifact@v4	2026-10-04T10:23:29.7027049Z   overwrite: false
android	Run actions/upload-artifact@v4	2026-10-04T10:23:29.7027314Z   include-hidden-files: false
android	Run actions/upload-artifact@v4	2026-10-04T10:23:29.7027607Z env:
android	Run actions/upload-artifact@v4	2026-10-04T10:23:29.7027953Z   JAVA_HOME: /opt/hostedtoolcache/Java_Temurin-Hotspot_jdk/21.0.12-1/x64
android	Run actions/upload-artifact@v4	2026-10-04T10:23:29.7028525Z   JAVA_HOME_21_X64: /opt/hostedtoolcache/Java_Temurin-Hotspot_jdk/21.0.12-1/x64
android	Run actions/upload-artifact@v4	2026-10-04T10:23:29.7028991Z   ANDROID_HOME: /usr/local/lib/android/sdk
android	Run actions/upload-artifact@v4	2026-10-04T10:23:29.7029350Z   ANDROID_SDK_ROOT: /usr/local/lib/android/sdk
android	Run actions/upload-artifact@v4	2026-10-04T10:23:29.7029726Z   GRADLE_ACTION_ID: gradle/actions/setup-gradle
android	Run actions/upload-artifact@v4	2026-10-04T10:23:29.7030265Z   GRADLE_USER_HOME: /home/runner/.gradle
android	Run actions/upload-artifact@v4	2026-10-04T10:23:29.7030605Z   GRADLE_BUILD_ACTION_SETUP_COMPLETED: true
android	Run actions/upload-artifact@v4	2026-10-04T10:23:29.7030984Z   GRADLE_BUILD_ACTION_CACHE_RESTORED: true
android	Run actions/upload-artifact@v4	2026-10-04T10:23:29.7031488Z   DEVELOCITY_INJECTION_INIT_SCRIPT_NAME: gradle-actions.inject-develocity.init.gradle
android	Run actions/upload-artifact@v4	2026-10-04T10:23:29.7032036Z   DEVELOCITY_INJECTION_CUSTOM_VALUE: gradle-actions
android	Run actions/upload-artifact@v4	2026-10-04T10:23:29.7032417Z   GITHUB_DEPENDENCY_GRAPH_ENABLED: false
android	Run actions/upload-artifact@v4	2026-10-04T10:23:29.7032728Z ##[endgroup]
android	Run actions/upload-artifact@v4	2026-10-04T10:23:29.8667313Z (node:2919) [DEP0040] DeprecationWarning: The `punycode` module is deprecated. Please use a userland alternative instead.
android	Run actions/upload-artifact@v4	2026-10-04T10:23:29.8669081Z (Use `node --trace-deprecation ...` to show where the warning was created)
android	Run actions/upload-artifact@v4	2026-10-04T10:23:29.8716589Z With the provided path, there will be 1 file uploaded
android	Run actions/upload-artifact@v4	2026-10-04T10:23:29.8722657Z Artifact name is valid!
android	Run actions/upload-artifact@v4	2026-10-04T10:23:29.8723762Z Root directory input is valid!
android	Run actions/upload-artifact@v4	2026-10-04T10:23:30.0659245Z Beginning upload of artifact content to blob storage
android	Run actions/upload-artifact@v4	2026-10-04T10:23:30.3605640Z (node:2919) [DEP0169] DeprecationWarning: `url.parse()` behavior is not standardized and prone to errors that have security implications. Use the WHATWG URL API instead. CVEs are not issued for `url.parse()` vulnerabilities.
android	Run actions/upload-artifact@v4	2026-10-04T10:23:30.5189996Z Uploaded bytes 8388608
android	Run actions/upload-artifact@v4	2026-10-04T10:23:30.5580381Z Uploaded bytes 10042994
android	Run actions/upload-artifact@v4	2026-10-04T10:23:30.5750547Z Finished uploading artifact content to blob storage!
android	Run actions/upload-artifact@v4	2026-10-04T10:23:30.5752805Z SHA256 digest of uploaded artifact zip is 16cc76a49be3061f88c0afa739739654c46ec53d1a85cbeaea2876ce3643c89f
android	Run actions/upload-artifact@v4	2026-10-04T10:23:30.5754747Z Finalizing artifact upload
android	Run actions/upload-artifact@v4	2026-10-04T10:23:30.8110419Z Artifact utopia-debug-apk.zip successfully finalized. Artifact ID 11300756038
android	Run actions/upload-artifact@v4	2026-10-04T10:23:30.8112305Z Artifact utopia-debug-apk has been successfully uploaded! Final size is 10042994 bytes. Artifact ID is 11300756038
android	Run actions/upload-artifact@v4	2026-10-04T10:23:30.8118465Z Artifact download URL: https://github.com/zhiheng-zhang-Mera/utopia/actions/runs/37195145857/artifacts/11300756038
android	Post Run gradle/actions/setup-gradle@v4	﻿2026-10-04T10:23:30.8362693Z Post job cleanup.
android	Post Run gradle/actions/setup-gradle@v4	2026-10-04T10:23:31.0823667Z In post-action step
android	Post Run gradle/actions/setup-gradle@v4	2026-10-04T10:23:31.0835537Z Cache is read-only: will not save state for use in subsequent builds.
android	Post Run gradle/actions/setup-gradle@v4	2026-10-04T10:23:31.0842000Z Generating Job Summary
android	Post Run gradle/actions/setup-gradle@v4	2026-10-04T10:23:31.0863648Z Completed post-action step
android	Post Run actions/setup-java@v4	﻿2026-10-04T10:23:31.1119910Z Post job cleanup.
android	Post Run actions/setup-java@v4	2026-10-04T10:23:31.2471209Z (node:2943) [DEP0040] DeprecationWarning: The `punycode` module is deprecated. Please use a userland alternative instead.
android	Post Run actions/setup-java@v4	2026-10-04T10:23:31.2472675Z (Use `node --trace-deprecation ...` to show where the warning was created)
android	Post Run actions/checkout@v4	﻿2026-10-04T10:23:31.2692501Z Post job cleanup.
android	Post Run actions/checkout@v4	2026-10-04T10:23:31.3619820Z [command]/usr/bin/git version
android	Post Run actions/checkout@v4	2026-10-04T10:23:31.3663923Z git version 2.55.0
android	Post Run actions/checkout@v4	2026-10-04T10:23:31.3702137Z Temporarily overriding HOME='/home/runner/work/_temp/1328d819-37d6-4397-9d17-a12eaaeec77c' before making global git config changes
android	Post Run actions/checkout@v4	2026-10-04T10:23:31.3704052Z Adding repository directory to the temporary git global config as a safe directory
android	Post Run actions/checkout@v4	2026-10-04T10:23:31.3707313Z [command]/usr/bin/git config --global --add safe.directory /home/runner/work/utopia/utopia
android	Post Run actions/checkout@v4	2026-10-04T10:23:31.3748609Z [command]/usr/bin/git config --local --name-only --get-regexp core\.sshCommand
android	Post Run actions/checkout@v4	2026-10-04T10:23:31.3783829Z [command]/usr/bin/git submodule foreach --recursive sh -c "git config --local --name-only --get-regexp 'core\.sshCommand' && git config --local --unset-all 'core.sshCommand' || :"
android	Post Run actions/checkout@v4	2026-10-04T10:23:31.4134487Z [command]/usr/bin/git config --local --name-only --get-regexp http\.https\:\/\/github\.com\/\.extraheader
android	Post Run actions/checkout@v4	2026-10-04T10:23:31.4135703Z http.https://github.com/.extraheader
android	Post Run actions/checkout@v4	2026-10-04T10:23:31.4137439Z [command]/usr/bin/git config --local --unset-all http.https://github.com/.extraheader
android	Post Run actions/checkout@v4	2026-10-04T10:23:31.4172608Z [command]/usr/bin/git submodule foreach --recursive sh -c "git config --local --name-only --get-regexp 'http\.https\:\/\/github\.com\/\.extraheader' && git config --local --unset-all 'http.https://github.com/.extraheader' || :"
android	Post Run actions/checkout@v4	2026-10-04T10:23:31.4456920Z [command]/usr/bin/git config --local --name-only --get-regexp ^includeIf\.gitdir:
android	Post Run actions/checkout@v4	2026-10-04T10:23:31.4530130Z [command]/usr/bin/git submodule foreach --recursive git config --local --show-origin --name-only --get-regexp remote.origin.url
android	Complete job	﻿2026-10-04T10:23:31.4999145Z Cleaning up orphan processes
android	Complete job	2026-10-04T10:23:31.5503092Z Terminate orphan process: pid (2693) (java)
android	Complete job	2026-10-04T10:23:31.5549033Z Terminate orphan process: pid (2811) (java)
android	Complete job	2026-10-04T10:23:31.5575366Z ##[warning]Node.js 20 is deprecated. The following actions target Node.js 20 but are being forced to run on Node.js 24: actions/checkout@v4, actions/setup-java@v4, actions/upload-artifact@v4, android-actions/setup-android@v3, gradle/actions/setup-gradle@v4. For more information see: https://github.blog/changelog/2025-09-19-deprecation-of-node-20-on-github-actions-runners/
gateway-web	Set up job	﻿2026-10-04T10:22:21.0858002Z Current runner version: '2.337.0'
gateway-web	Set up job	2026-10-04T10:22:21.0915855Z ##[group]Runner Image Provisioner
gateway-web	Set up job	2026-10-04T10:22:21.0916906Z Hosted Compute Agent
gateway-web	Set up job	2026-10-04T10:22:21.0917556Z Version: 20260901.588
gateway-web	Set up job	2026-10-04T10:22:21.0918498Z Commit: f88ec8081b781fac6c440065ac7ff9e710ce3d0b
gateway-web	Set up job	2026-10-04T10:22:21.0919344Z Build Date: 2026-09-01T19:56:44Z
gateway-web	Set up job	2026-10-04T10:22:21.0920108Z Worker ID: {41154e0b-39c8-4685-a68a-414141ad3d6e}
gateway-web	Set up job	2026-10-04T10:22:21.0920948Z Azure Region: westus3
gateway-web	Set up job	2026-10-04T10:22:21.0921578Z ##[endgroup]
gateway-web	Set up job	2026-10-04T10:22:21.0923227Z ##[group]Operating System
gateway-web	Set up job	2026-10-04T10:22:21.0923989Z Microsoft Windows Server 2025
gateway-web	Set up job	2026-10-04T10:22:21.0924671Z 10.0.26100
gateway-web	Set up job	2026-10-04T10:22:21.0925305Z Datacenter
gateway-web	Set up job	2026-10-04T10:22:21.0925886Z ##[endgroup]
gateway-web	Set up job	2026-10-04T10:22:21.0926479Z ##[group]Runner Image
gateway-web	Set up job	2026-10-04T10:22:21.0927154Z Image: windows-2025-vs2026
gateway-web	Set up job	2026-10-04T10:22:21.0927831Z Version: 20260925.250.1
gateway-web	Set up job	2026-10-04T10:22:21.0929230Z Included Software: https://github.com/actions/runner-images/blob/win25-vs2026/20260925.250/images/windows/Windows2025-VS2026-Readme.md
gateway-web	Set up job	2026-10-04T10:22:21.0931643Z Image Release: https://github.com/actions/runner-images/releases/tag/win25-vs2026%2F20260925.250
gateway-web	Set up job	2026-10-04T10:22:21.0932870Z ##[endgroup]
gateway-web	Set up job	2026-10-04T10:22:21.0934291Z ##[group]GITHUB_TOKEN Permissions
gateway-web	Set up job	2026-10-04T10:22:21.0936466Z Contents: read
gateway-web	Set up job	2026-10-04T10:22:21.0937116Z Metadata: read
gateway-web	Set up job	2026-10-04T10:22:21.0937756Z Packages: read
gateway-web	Set up job	2026-10-04T10:22:21.0938565Z ##[endgroup]
gateway-web	Set up job	2026-10-04T10:22:21.0940959Z Secret source: Actions
gateway-web	Set up job	2026-10-04T10:22:21.0941971Z Cache mode: write
gateway-web	Set up job	2026-10-04T10:22:21.0942967Z Prepare workflow directory
gateway-web	Set up job	2026-10-04T10:22:21.1398979Z Prepare all required actions
gateway-web	Set up job	2026-10-04T10:22:21.1455576Z Getting action download info
gateway-web	Set up job	2026-10-04T10:22:21.4758160Z Download action repository 'actions/checkout@v4' (SHA:11d5960a326750d5838078e36cf38b85af677262)
gateway-web	Set up job	2026-10-04T10:22:21.5867269Z Download action repository 'actions/setup-node@v4' (SHA:49933ea5288caeca8642d1e84afbd3f7d6820020)
gateway-web	Set up job	2026-10-04T10:22:21.7948142Z Download action repository 'pnpm/action-setup@v4' (SHA:b906affcce14559ad1aafd4ab0e942779e9f58b1)
gateway-web	Set up job	2026-10-04T10:22:22.5284241Z Complete job name: gateway-web
gateway-web	Run actions/checkout@v4	﻿2026-10-04T10:22:22.6606244Z ##[group]Run actions/checkout@v4
gateway-web	Run actions/checkout@v4	2026-10-04T10:22:22.6607177Z with:
gateway-web	Run actions/checkout@v4	2026-10-04T10:22:22.6607483Z   fetch-depth: 0
gateway-web	Run actions/checkout@v4	2026-10-04T10:22:22.6607821Z   repository: zhiheng-zhang-Mera/utopia
gateway-web	Run actions/checkout@v4	2026-10-04T10:22:22.6610965Z   token: ***
gateway-web	Run actions/checkout@v4	2026-10-04T10:22:22.6611275Z   ssh-strict: true
gateway-web	Run actions/checkout@v4	2026-10-04T10:22:22.6611588Z   ssh-user: git
gateway-web	Run actions/checkout@v4	2026-10-04T10:22:22.6611902Z   persist-credentials: true
gateway-web	Run actions/checkout@v4	2026-10-04T10:22:22.6612254Z   clean: true
gateway-web	Run actions/checkout@v4	2026-10-04T10:22:22.6612565Z   sparse-checkout-cone-mode: true
gateway-web	Run actions/checkout@v4	2026-10-04T10:22:22.6612941Z   fetch-tags: false
gateway-web	Run actions/checkout@v4	2026-10-04T10:22:22.6613256Z   show-progress: true
gateway-web	Run actions/checkout@v4	2026-10-04T10:22:22.6613573Z   lfs: false
gateway-web	Run actions/checkout@v4	2026-10-04T10:22:22.6613877Z   submodules: false
gateway-web	Run actions/checkout@v4	2026-10-04T10:22:22.6614198Z   set-safe-directory: true
gateway-web	Run actions/checkout@v4	2026-10-04T10:22:22.6614565Z   allow-unsafe-pr-checkout: false
gateway-web	Run actions/checkout@v4	2026-10-04T10:22:22.6615130Z ##[endgroup]
gateway-web	Run actions/checkout@v4	2026-10-04T10:22:22.7839716Z Syncing repository: zhiheng-zhang-Mera/utopia
gateway-web	Run actions/checkout@v4	2026-10-04T10:22:22.7842129Z ##[group]Getting Git version info
gateway-web	Run actions/checkout@v4	2026-10-04T10:22:22.7843135Z Working directory is 'D:\a\utopia\utopia'
gateway-web	Run actions/checkout@v4	2026-10-04T10:22:22.8722335Z [command]"C:\Program Files\Git\bin\git.exe" version
gateway-web	Run actions/checkout@v4	2026-10-04T10:22:23.3021164Z git version 2.55.0.windows.5
gateway-web	Run actions/checkout@v4	2026-10-04T10:22:23.3058932Z ##[endgroup]
gateway-web	Run actions/checkout@v4	2026-10-04T10:22:23.3073921Z Temporarily overriding HOME='D:\a\_temp\e65f2c29-fb87-43ae-9056-756c95121c87' before making global git config changes
gateway-web	Run actions/checkout@v4	2026-10-04T10:22:23.3074928Z Adding repository directory to the temporary git global config as a safe directory
gateway-web	Run actions/checkout@v4	2026-10-04T10:22:23.3082586Z [command]"C:\Program Files\Git\bin\git.exe" config --global --add safe.directory D:\a\utopia\utopia
gateway-web	Run actions/checkout@v4	2026-10-04T10:22:23.3801021Z Deleting the contents of 'D:\a\utopia\utopia'
gateway-web	Run actions/checkout@v4	2026-10-04T10:22:23.3806080Z ##[group]Initializing the repository
gateway-web	Run actions/checkout@v4	2026-10-04T10:22:23.3813424Z [command]"C:\Program Files\Git\bin\git.exe" init D:\a\utopia\utopia
gateway-web	Run actions/checkout@v4	2026-10-04T10:22:23.4650264Z Initialized empty Git repository in D:/a/utopia/utopia/.git/
gateway-web	Run actions/checkout@v4	2026-10-04T10:22:23.4687998Z [command]"C:\Program Files\Git\bin\git.exe" remote add origin https://github.com/zhiheng-zhang-Mera/utopia
gateway-web	Run actions/checkout@v4	2026-10-04T10:22:23.5319325Z ##[endgroup]
gateway-web	Run actions/checkout@v4	2026-10-04T10:22:23.5320061Z ##[group]Disabling automatic garbage collection
gateway-web	Run actions/checkout@v4	2026-10-04T10:22:23.5326298Z [command]"C:\Program Files\Git\bin\git.exe" config --local gc.auto 0
gateway-web	Run actions/checkout@v4	2026-10-04T10:22:23.5556687Z ##[endgroup]
gateway-web	Run actions/checkout@v4	2026-10-04T10:22:23.5557272Z ##[group]Setting up auth
gateway-web	Run actions/checkout@v4	2026-10-04T10:22:23.5566409Z [command]"C:\Program Files\Git\bin\git.exe" config --local --name-only --get-regexp core\.sshCommand
gateway-web	Run actions/checkout@v4	2026-10-04T10:22:23.5794721Z [command]"C:\Program Files\Git\bin\git.exe" submodule foreach --recursive "sh -c \"git config --local --name-only --get-regexp 'core\.sshCommand' && git config --local --unset-all 'core.sshCommand' || :\""
gateway-web	Run actions/checkout@v4	2026-10-04T10:22:25.1188771Z [command]"C:\Program Files\Git\bin\git.exe" config --local --name-only --get-regexp http\.https\:\/\/github\.com\/\.extraheader
gateway-web	Run actions/checkout@v4	2026-10-04T10:22:25.1430555Z [command]"C:\Program Files\Git\bin\git.exe" submodule foreach --recursive "sh -c \"git config --local --name-only --get-regexp 'http\.https\:\/\/github\.com\/\.extraheader' && git config --local --unset-all 'http.https://github.com/.extraheader' || :\""
gateway-web	Run actions/checkout@v4	2026-10-04T10:22:25.5540594Z [command]"C:\Program Files\Git\bin\git.exe" config --local --name-only --get-regexp ^includeIf\.gitdir:
gateway-web	Run actions/checkout@v4	2026-10-04T10:22:25.5809002Z [command]"C:\Program Files\Git\bin\git.exe" submodule foreach --recursive "git config --local --show-origin --name-only --get-regexp remote.origin.url"
gateway-web	Run actions/checkout@v4	2026-10-04T10:22:26.0112283Z [command]"C:\Program Files\Git\bin\git.exe" config --local http.https://github.com/.extraheader "AUTHORIZATION: basic ***"
gateway-web	Run actions/checkout@v4	2026-10-04T10:22:26.0345043Z ##[endgroup]
gateway-web	Run actions/checkout@v4	2026-10-04T10:22:26.0345479Z ##[group]Fetching the repository
gateway-web	Run actions/checkout@v4	2026-10-04T10:22:26.0355722Z [command]"C:\Program Files\Git\bin\git.exe" -c protocol.version=2 fetch --prune --no-recurse-submodules origin +refs/heads/*:refs/remotes/origin/* +refs/tags/*:refs/tags/*
gateway-web	Run actions/checkout@v4	2026-10-04T10:22:28.1723632Z From https://github.com/zhiheng-zhang-Mera/utopia
gateway-web	Run actions/checkout@v4	2026-10-04T10:22:28.1727623Z  * [new branch]      codex/city-names-host-preflight -> origin/codex/city-names-host-preflight
gateway-web	Run actions/checkout@v4	2026-10-04T10:22:28.1728572Z  * [new branch]      codex/pairing-discovery-ux -> origin/codex/pairing-discovery-ux
gateway-web	Run actions/checkout@v4	2026-10-04T10:22:28.1729702Z  * [new branch]      codex/single-host-city-remote-login -> origin/codex/single-host-city-remote-login
gateway-web	Run actions/checkout@v4	2026-10-04T10:22:28.1730448Z  * [new branch]      evidence/MESH-301-mech-receipts -> origin/evidence/MESH-301-mech-receipts
gateway-web	Run actions/checkout@v4	2026-10-04T10:22:28.1731237Z  * [new branch]      feat/launcher-and-shareable-invite -> origin/feat/launcher-and-shareable-invite
gateway-web	Run actions/checkout@v4	2026-10-04T10:22:28.1732050Z  * [new branch]      feat/primary-city-and-connect-entry -> origin/feat/primary-city-and-connect-entry
gateway-web	Run actions/checkout@v4	2026-10-04T10:22:28.1732848Z  * [new branch]      fix/device-pilot-harness-integration -> origin/fix/device-pilot-harness-integration
gateway-web	Run actions/checkout@v4	2026-10-04T10:22:28.1733654Z  * [new branch]      fix/device-pilot-process-identity -> origin/fix/device-pilot-process-identity
gateway-web	Run actions/checkout@v4	2026-10-04T10:22:28.1734417Z  * [new branch]      fix/device-pilot-route-from-source -> origin/fix/device-pilot-route-from-source
gateway-web	Run actions/checkout@v4	2026-10-04T10:22:28.1735115Z  * [new branch]      integration/join-502-nearby -> origin/integration/join-502-nearby
gateway-web	Run actions/checkout@v4	2026-10-04T10:22:28.1735935Z  * [new branch]      join/JOIN-501-pairing-session-lifecycle -> origin/join/JOIN-501-pairing-session-lifecycle
gateway-web	Run actions/checkout@v4	2026-10-04T10:22:28.1736873Z  * [new branch]      join/JOIN-502-nearby-discovery-approval -> origin/join/JOIN-502-nearby-discovery-approval
gateway-web	Run actions/checkout@v4	2026-10-04T10:22:28.1737914Z  * [new branch]      join/JOIN-503-device-enrollment-and-tokenless-reconnect -> origin/join/JOIN-503-device-enrollment-and-tokenless-reconnect
gateway-web	Run actions/checkout@v4	2026-10-04T10:22:28.1739280Z  * [new branch]      join/JOIN-503-edenrollment-repair -> origin/join/JOIN-503-edenrollment-repair
gateway-web	Run actions/checkout@v4	2026-10-04T10:22:28.1741265Z  * [new branch]      main                      -> origin/main
gateway-web	Run actions/checkout@v4	2026-10-04T10:22:28.1741831Z  * [new branch]      mesh/MESH-301-three-end   -> origin/mesh/MESH-301-three-end
gateway-web	Run actions/checkout@v4	2026-10-04T10:22:28.1742538Z  * [new branch]      review/JOIN-501-mech-formal-review -> origin/review/JOIN-501-mech-formal-review
gateway-web	Run actions/checkout@v4	2026-10-04T10:22:28.1743319Z  * [new branch]      review/JOIN-502-alien-formal-review -> origin/review/JOIN-502-alien-formal-review
gateway-web	Run actions/checkout@v4	2026-10-04T10:22:28.1744114Z  * [new branch]      review/JOIN-503-mech-formal-review -> origin/review/JOIN-503-mech-formal-review
gateway-web	Run actions/checkout@v4	2026-10-04T10:22:28.1744893Z  * [new branch]      review/MESH-301-mech-formal-review -> origin/review/MESH-301-mech-formal-review
gateway-web	Run actions/checkout@v4	2026-10-04T10:22:28.1745679Z  * [new branch]      rs/RS-201-dynamic-ai-pool -> origin/rs/RS-201-dynamic-ai-pool
gateway-web	Run actions/checkout@v4	2026-10-04T10:22:28.1746447Z  * [new branch]      rs/RS-202-multi-device-concurrency -> origin/rs/RS-202-multi-device-concurrency
gateway-web	Run actions/checkout@v4	2026-10-04T10:22:28.1747269Z  * [new branch]      rs/RS-203-cross-device-return-recovery -> origin/rs/RS-203-cross-device-return-recovery
gateway-web	Run actions/checkout@v4	2026-10-04T10:22:28.1748118Z  * [new branch]      rs/RS-290-scheduling-baseline-freeze -> origin/rs/RS-290-scheduling-baseline-freeze
gateway-web	Run actions/checkout@v4	2026-10-04T10:22:28.1749248Z  * [new branch]      ui/UI-000-visual-direction-candidates -> origin/ui/UI-000-visual-direction-candidates
gateway-web	Run actions/checkout@v4	2026-10-04T10:22:28.1749988Z  * [new branch]      ui/UI-101-web-product-shell -> origin/ui/UI-101-web-product-shell
gateway-web	Run actions/checkout@v4	2026-10-04T10:22:28.1750643Z  * [new branch]      ui/UI-102-android-product-shell -> origin/ui/UI-102-android-product-shell
gateway-web	Run actions/checkout@v4	2026-10-04T10:22:28.1751372Z  * [new branch]      ui/UI-103-rooms-visual-unification -> origin/ui/UI-103-rooms-visual-unification
gateway-web	Run actions/checkout@v4	2026-10-04T10:22:28.1752155Z  * [new branch]      ui/UI-190-ui-baseline-freeze -> origin/ui/UI-190-ui-baseline-freeze
gateway-web	Run actions/checkout@v4	2026-10-04T10:22:28.1752948Z  * [new branch]      uxi/UXI-301-scheduler-status-into-product-ui -> origin/uxi/UXI-301-scheduler-status-into-product-ui
gateway-web	Run actions/checkout@v4	2026-10-04T10:22:28.1753928Z  * [new branch]      uxi/UXI-390-final-product-acceptance -> origin/uxi/UXI-390-final-product-acceptance
gateway-web	Run actions/checkout@v4	2026-10-04T10:22:28.1754749Z  * [new branch]      uxi/UXI-391-remote-handoff-closeout -> origin/uxi/UXI-391-remote-handoff-closeout
gateway-web	Run actions/checkout@v4	2026-10-04T10:22:28.1756089Z  * [new tag]         archive/BA-001            -> archive/BA-001
gateway-web	Run actions/checkout@v4	2026-10-04T10:22:28.1756427Z  * [new tag]         archive/BA-002            -> archive/BA-002
gateway-web	Run actions/checkout@v4	2026-10-04T10:22:28.1757082Z  * [new tag]         archive/BA-003            -> archive/BA-003
gateway-web	Run actions/checkout@v4	2026-10-04T10:22:28.1757460Z  * [new tag]         archive/BA-004            -> archive/BA-004
gateway-web	Run actions/checkout@v4	2026-10-04T10:22:28.1757748Z  * [new tag]         archive/BA-005            -> archive/BA-005
gateway-web	Run actions/checkout@v4	2026-10-04T10:22:28.1758004Z  * [new tag]         archive/BA-006            -> archive/BA-006
gateway-web	Run actions/checkout@v4	2026-10-04T10:22:28.1758253Z  * [new tag]         archive/BA-007            -> archive/BA-007
gateway-web	Run actions/checkout@v4	2026-10-04T10:22:28.1758504Z  * [new tag]         archive/BA-008            -> archive/BA-008
gateway-web	Run actions/checkout@v4	2026-10-04T10:22:28.1758774Z  * [new tag]         archive/BA-009            -> archive/BA-009
gateway-web	Run actions/checkout@v4	2026-10-04T10:22:28.1759031Z  * [new tag]         archive/EM-001            -> archive/EM-001
gateway-web	Run actions/checkout@v4	2026-10-04T10:22:28.1759297Z  * [new tag]         archive/EM-002            -> archive/EM-002
gateway-web	Run actions/checkout@v4	2026-10-04T10:22:28.1759548Z  * [new tag]         archive/EM-003            -> archive/EM-003
gateway-web	Run actions/checkout@v4	2026-10-04T10:22:28.1759802Z  * [new tag]         archive/EM-004            -> archive/EM-004
gateway-web	Run actions/checkout@v4	2026-10-04T10:22:28.1760063Z  * [new tag]         archive/EM-005            -> archive/EM-005
gateway-web	Run actions/checkout@v4	2026-10-04T10:22:28.1760305Z  * [new tag]         archive/EM-006            -> archive/EM-006
gateway-web	Run actions/checkout@v4	2026-10-04T10:22:28.1760563Z  * [new tag]         archive/EM-007            -> archive/EM-007
gateway-web	Run actions/checkout@v4	2026-10-04T10:22:28.1760811Z  * [new tag]         archive/EM-008            -> archive/EM-008
gateway-web	Run actions/checkout@v4	2026-10-04T10:22:28.1761056Z  * [new tag]         archive/EM-009            -> archive/EM-009
gateway-web	Run actions/checkout@v4	2026-10-04T10:22:28.1761299Z  * [new tag]         archive/EM-010            -> archive/EM-010
gateway-web	Run actions/checkout@v4	2026-10-04T10:22:28.1761691Z  * [new tag]         archive/EM-011            -> archive/EM-011
gateway-web	Run actions/checkout@v4	2026-10-04T10:22:28.1761965Z  * [new tag]         archive/EM-012            -> archive/EM-012
gateway-web	Run actions/checkout@v4	2026-10-04T10:22:28.1762412Z  * [new tag]         archive/EM-013            -> archive/EM-013
gateway-web	Run actions/checkout@v4	2026-10-04T10:22:28.1762685Z  * [new tag]         archive/GAI-001           -> archive/GAI-001
gateway-web	Run actions/checkout@v4	2026-10-04T10:22:28.1762957Z  * [new tag]         archive/GAI-002           -> archive/GAI-002
gateway-web	Run actions/checkout@v4	2026-10-04T10:22:28.1763218Z  * [new tag]         archive/GAI-003           -> archive/GAI-003
gateway-web	Run actions/checkout@v4	2026-10-04T10:22:28.1763469Z  * [new tag]         archive/GAI-004           -> archive/GAI-004
gateway-web	Run actions/checkout@v4	2026-10-04T10:22:28.1763728Z  * [new tag]         archive/GAI-005           -> archive/GAI-005
gateway-web	Run actions/checkout@v4	2026-10-04T10:22:28.1763979Z  * [new tag]         archive/GAI-006           -> archive/GAI-006
gateway-web	Run actions/checkout@v4	2026-10-04T10:22:28.1764230Z  * [new tag]         archive/GAI-007           -> archive/GAI-007
gateway-web	Run actions/checkout@v4	2026-10-04T10:22:28.1764482Z  * [new tag]         archive/GAI-008           -> archive/GAI-008
gateway-web	Run actions/checkout@v4	2026-10-04T10:22:28.1764740Z  * [new tag]         archive/GAI-009           -> archive/GAI-009
gateway-web	Run actions/checkout@v4	2026-10-04T10:22:28.1765052Z  * [new tag]         archive/RF-001            -> archive/RF-001
gateway-web	Run actions/checkout@v4	2026-10-04T10:22:28.1765318Z  * [new tag]         archive/RF-002            -> archive/RF-002
gateway-web	Run actions/checkout@v4	2026-10-04T10:22:28.1765577Z  * [new tag]         archive/RF-003            -> archive/RF-003
gateway-web	Run actions/checkout@v4	2026-10-04T10:22:28.1765829Z  * [new tag]         archive/RF-004            -> archive/RF-004
gateway-web	Run actions/checkout@v4	2026-10-04T10:22:28.1766078Z  * [new tag]         archive/RF-005            -> archive/RF-005
gateway-web	Run actions/checkout@v4	2026-10-04T10:22:28.1766755Z  * [new tag]         archive/RF-006            -> archive/RF-006
gateway-web	Run actions/checkout@v4	2026-10-04T10:22:28.1767322Z  * [new tag]         archive/RF-007            -> archive/RF-007
gateway-web	Run actions/checkout@v4	2026-10-04T10:22:28.1767788Z  * [new tag]         archive/RF-008            -> archive/RF-008
gateway-web	Run actions/checkout@v4	2026-10-04T10:22:28.1768197Z  * [new tag]         archive/RF-009            -> archive/RF-009
gateway-web	Run actions/checkout@v4	2026-10-04T10:22:28.1768606Z  * [new tag]         archive/RF-010            -> archive/RF-010
gateway-web	Run actions/checkout@v4	2026-10-04T10:22:28.1769233Z  * [new tag]         archive/alien/capability-bridge-v0.3 -> archive/alien/capability-bridge-v0.3
gateway-web	Run actions/checkout@v4	2026-10-04T10:22:28.1770174Z  * [new tag]         archive/alien/v0.3-hardening-repair -> archive/alien/v0.3-hardening-repair
gateway-web	Run actions/checkout@v4	2026-10-04T10:22:28.1770856Z  * [new tag]         archive/alien/wave2-repair-v1 -> archive/alien/wave2-repair-v1
gateway-web	Run actions/checkout@v4	2026-10-04T10:22:28.1771445Z  * [new tag]         archive/alien/wave3-theme-build -> archive/alien/wave3-theme-build
gateway-web	Run actions/checkout@v4	2026-10-04T10:22:28.1772293Z  * [new tag]         archive/codex/alien-device-center-connectivity-v0.2 -> archive/codex/alien-device-center-connectivity-v0.2
gateway-web	Run actions/checkout@v4	2026-10-04T10:22:28.1773093Z  * [new tag]         archive/codex/product-v0  -> archive/codex/product-v0
gateway-web	Run actions/checkout@v4	2026-10-04T10:22:28.1773659Z  * [new tag]         archive/docs/v02-acceptance-links -> archive/docs/v02-acceptance-links
gateway-web	Run actions/checkout@v4	2026-10-04T10:22:28.1774435Z  * [new tag]         archive/infra/mission-evolution-bootstrap -> archive/infra/mission-evolution-bootstrap
gateway-web	Run actions/checkout@v4	2026-10-04T10:22:28.1775244Z  * [new tag]         archive/mech/city-implementation-v1 -> archive/mech/city-implementation-v1
gateway-web	Run actions/checkout@v4	2026-10-04T10:22:28.1775866Z  * [new tag]         archive/mech/d9-theme-builder -> archive/mech/d9-theme-builder
gateway-web	Run actions/checkout@v4	2026-10-04T10:22:28.1776741Z  * [new tag]         archive/mech/donor-document-intake-v1 -> archive/mech/donor-document-intake-v1
gateway-web	Run actions/checkout@v4	2026-10-04T10:22:28.1777457Z  * [new tag]         archive/mech/donor-knowledge-core-v1 -> archive/mech/donor-knowledge-core-v1
gateway-web	Run actions/checkout@v4	2026-10-04T10:22:28.1778116Z  * [new tag]         archive/mech/donor-skill-intake-v1 -> archive/mech/donor-skill-intake-v1
gateway-web	Run actions/checkout@v4	2026-10-04T10:22:28.1778795Z  * [new tag]         archive/mech/donor-theme-engine-v1 -> archive/mech/donor-theme-engine-v1
gateway-web	Run actions/checkout@v4	2026-10-04T10:22:28.1779438Z  * [new tag]         archive/mech/knowledge-room-k0 -> archive/mech/knowledge-room-k0
gateway-web	Run actions/checkout@v4	2026-10-04T10:22:28.1780064Z  * [new tag]         archive/mech/room-incubation-v1 -> archive/mech/room-incubation-v1
gateway-web	Run actions/checkout@v4	2026-10-04T10:22:28.1780826Z  * [new tag]         archive/mech/room-pack-v1 -> archive/mech/room-pack-v1
gateway-web	Run actions/checkout@v4	2026-10-04T10:22:28.1781467Z  * [new tag]         archive/mech/wave1-closeout-repair -> archive/mech/wave1-closeout-repair
gateway-web	Run actions/checkout@v4	2026-10-04T10:22:28.1782186Z  * [new tag]         archive/mech/wave3-road-activation -> archive/mech/wave3-road-activation
gateway-web	Run actions/checkout@v4	2026-10-04T10:22:28.1782811Z  * [new tag]         archive/mech/web-i18n-v1  -> archive/mech/web-i18n-v1
gateway-web	Run actions/checkout@v4	2026-10-04T10:22:28.1783547Z  * [new tag]         archive/merge/butler-assistant-integration -> archive/merge/butler-assistant-integration
gateway-web	Run actions/checkout@v4	2026-10-04T10:22:28.1784469Z  * [new tag]         archive/merge/engineering-manager-integration -> archive/merge/engineering-manager-integration
gateway-web	Run actions/checkout@v4	2026-10-04T10:22:28.1785407Z  * [new tag]         archive/merge/general-ai-gateway-integration -> archive/merge/general-ai-gateway-integration
gateway-web	Run actions/checkout@v4	2026-10-04T10:22:28.1786301Z  * [new tag]         archive/merge/remote-fabric-integration -> archive/merge/remote-fabric-integration
gateway-web	Run actions/checkout@v4	2026-10-04T10:22:28.1786994Z  * [new tag]         archive/mission/MB-001-core-os -> archive/mission/MB-001-core-os
gateway-web	Run actions/checkout@v4	2026-10-04T10:22:28.1788121Z  * [new tag]         archive/mission/MB-002-capability-fabric -> archive/mission/MB-002-capability-fabric
gateway-web	Run actions/checkout@v4	2026-10-04T10:22:28.1788971Z  * [new tag]         archive/mission/MB-003-worker-gateway -> archive/mission/MB-003-worker-gateway
gateway-web	Run actions/checkout@v4	2026-10-04T10:22:28.1789742Z  * [new tag]         archive/mission/MB-004-project-foreman -> archive/mission/MB-004-project-foreman
gateway-web	Run actions/checkout@v4	2026-10-04T10:22:28.1790414Z  * [new tag]         archive/mission/MB-005-host-health -> archive/mission/MB-005-host-health
gateway-web	Run actions/checkout@v4	2026-10-04T10:22:28.1791151Z  * [new tag]         archive/mission/MB-006-restart-recovery -> archive/mission/MB-006-restart-recovery
gateway-web	Run actions/checkout@v4	2026-10-04T10:22:28.1791735Z  * [new tag]         archive/mission/MB-007-research-institute -> archive/mission/MB-007-research-institute
gateway-web	Run actions/checkout@v4	2026-10-04T10:22:28.1792227Z  * [new tag]         archive/mission/MB-008-computer-use -> archive/mission/MB-008-computer-use
gateway-web	Run actions/checkout@v4	2026-10-04T10:22:28.1792702Z  * [new tag]         archive/mission/MB-009-theme-relocation -> archive/mission/MB-009-theme-relocation
gateway-web	Run actions/checkout@v4	2026-10-04T10:22:28.1793138Z  * [new tag]         archive/mission/MB-010-node-fabric -> archive/mission/MB-010-node-fabric
gateway-web	Run actions/checkout@v4	2026-10-04T10:22:28.1793698Z  * [new tag]         archive/mission/MB-011-customs -> archive/mission/MB-011-customs
gateway-web	Run actions/checkout@v4	2026-10-04T10:22:28.1794128Z  * [new tag]         archive/mission/MB-012-runtime-compliance -> archive/mission/MB-012-runtime-compliance
gateway-web	Run actions/checkout@v4	2026-10-04T10:22:28.1794641Z  * [new tag]         archive/product/upt-pre-assistant-closeout -> archive/product/upt-pre-assistant-closeout
gateway-web	Run actions/checkout@v4	2026-10-04T10:22:28.1795183Z  * [new tag]         archive/repair/MB-007-owner-override-finalize -> archive/repair/MB-007-owner-override-finalize
gateway-web	Run actions/checkout@v4	2026-10-04T10:22:28.1795645Z  * [new tag]         utopia-donor-wave1-closed-v1 -> utopia-donor-wave1-closed-v1
gateway-web	Run actions/checkout@v4	2026-10-04T10:22:28.1795986Z  * [new tag]         utopia-v0.3-hardening     -> utopia-v0.3-hardening
gateway-web	Run actions/checkout@v4	2026-10-04T10:22:28.1796582Z  * [new tag]         utopia-wave3              -> utopia-wave3
gateway-web	Run actions/checkout@v4	2026-10-04T10:22:28.1796882Z  * [new tag]         v0.1.0-product            -> v0.1.0-product
gateway-web	Run actions/checkout@v4	2026-10-04T10:22:28.1797237Z  * [new tag]         v0.2.0-device-center-connectivity -> v0.2.0-device-center-connectivity
gateway-web	Run actions/checkout@v4	2026-10-04T10:22:28.1798340Z [command]"C:\Program Files\Git\bin\git.exe" branch --list --remote origin/codex/city-names-host-preflight
gateway-web	Run actions/checkout@v4	2026-10-04T10:22:28.2161712Z   origin/codex/city-names-host-preflight
gateway-web	Run actions/checkout@v4	2026-10-04T10:22:28.2200136Z [command]"C:\Program Files\Git\bin\git.exe" rev-parse refs/remotes/origin/codex/city-names-host-preflight
gateway-web	Run actions/checkout@v4	2026-10-04T10:22:28.2410823Z e4849bf46972977d9fc1bb06ce1fedaf1a06f093
gateway-web	Run actions/checkout@v4	2026-10-04T10:22:28.2438168Z ##[endgroup]
gateway-web	Run actions/checkout@v4	2026-10-04T10:22:28.2438673Z ##[group]Determining the checkout info
gateway-web	Run actions/checkout@v4	2026-10-04T10:22:28.2440752Z ##[endgroup]
gateway-web	Run actions/checkout@v4	2026-10-04T10:22:28.2448343Z [command]"C:\Program Files\Git\bin\git.exe" sparse-checkout disable
gateway-web	Run actions/checkout@v4	2026-10-04T10:22:28.2844525Z [command]"C:\Program Files\Git\bin\git.exe" config --local --unset-all extensions.worktreeConfig
gateway-web	Run actions/checkout@v4	2026-10-04T10:22:28.3092636Z ##[group]Checking out the ref
gateway-web	Run actions/checkout@v4	2026-10-04T10:22:28.3100466Z [command]"C:\Program Files\Git\bin\git.exe" checkout --progress --force -B codex/city-names-host-preflight refs/remotes/origin/codex/city-names-host-preflight
gateway-web	Run actions/checkout@v4	2026-10-04T10:22:28.8070343Z Switched to a new branch 'codex/city-names-host-preflight'
gateway-web	Run actions/checkout@v4	2026-10-04T10:22:28.8162717Z branch 'codex/city-names-host-preflight' set up to track 'origin/codex/city-names-host-preflight'.
gateway-web	Run actions/checkout@v4	2026-10-04T10:22:28.8216067Z ##[endgroup]
gateway-web	Run actions/checkout@v4	2026-10-04T10:22:28.8612137Z [command]"C:\Program Files\Git\bin\git.exe" log -1 --format=%H
gateway-web	Run actions/checkout@v4	2026-10-04T10:22:28.8820882Z e4849bf46972977d9fc1bb06ce1fedaf1a06f093
gateway-web	Run actions/setup-node@v4	﻿2026-10-04T10:22:28.9197967Z ##[group]Run actions/setup-node@v4
gateway-web	Run actions/setup-node@v4	2026-10-04T10:22:28.9198245Z with:
gateway-web	Run actions/setup-node@v4	2026-10-04T10:22:28.9198398Z   node-version: 24
gateway-web	Run actions/setup-node@v4	2026-10-04T10:22:28.9198569Z   always-auth: false
gateway-web	Run actions/setup-node@v4	2026-10-04T10:22:28.9198730Z   check-latest: false
gateway-web	Run actions/setup-node@v4	2026-10-04T10:22:28.9200623Z   token: ***
gateway-web	Run actions/setup-node@v4	2026-10-04T10:22:28.9200781Z ##[endgroup]
gateway-web	Run actions/setup-node@v4	2026-10-04T10:22:29.0592824Z Found in cache @ C:\hostedtoolcache\windows\node\24.21.0\x64
gateway-web	Run actions/setup-node@v4	2026-10-04T10:22:29.0599302Z (node:2928) [DEP0040] DeprecationWarning: The `punycode` module is deprecated. Please use a userland alternative instead.
gateway-web	Run actions/setup-node@v4	2026-10-04T10:22:29.0600199Z (Use `node --trace-deprecation ...` to show where the warning was created)
gateway-web	Run actions/setup-node@v4	2026-10-04T10:22:29.0601856Z ##[group]Environment details
gateway-web	Run actions/setup-node@v4	2026-10-04T10:22:36.3590285Z node: v24.21.0
gateway-web	Run actions/setup-node@v4	2026-10-04T10:22:36.3590543Z npm: 11.19.0
gateway-web	Run actions/setup-node@v4	2026-10-04T10:22:36.3590691Z yarn: 1.22.22
gateway-web	Run actions/setup-node@v4	2026-10-04T10:22:36.3591604Z ##[endgroup]
gateway-web	Run pnpm/action-setup@v4	﻿2026-10-04T10:22:36.3846389Z ##[group]Run pnpm/action-setup@v4
gateway-web	Run pnpm/action-setup@v4	2026-10-04T10:22:36.3846661Z with:
gateway-web	Run pnpm/action-setup@v4	2026-10-04T10:22:36.3846814Z   version: 11.19.0
gateway-web	Run pnpm/action-setup@v4	2026-10-04T10:22:36.3846971Z   dest: ~/setup-pnpm
gateway-web	Run pnpm/action-setup@v4	2026-10-04T10:22:36.3847127Z   run_install: null
gateway-web	Run pnpm/action-setup@v4	2026-10-04T10:22:36.3847268Z   cache: false
gateway-web	Run pnpm/action-setup@v4	2026-10-04T10:22:36.3847429Z   cache_dependency_path: pnpm-lock.yaml
gateway-web	Run pnpm/action-setup@v4	2026-10-04T10:22:36.3847656Z   package_json_file: package.json
gateway-web	Run pnpm/action-setup@v4	2026-10-04T10:22:36.3847839Z   standalone: false
gateway-web	Run pnpm/action-setup@v4	2026-10-04T10:22:36.3847990Z ##[endgroup]
gateway-web	Run pnpm/action-setup@v4	2026-10-04T10:22:36.5355445Z ##[group]Running self-installer...
gateway-web	Run pnpm/action-setup@v4	2026-10-04T10:22:36.8858512Z (node:2564) [DEP0169] DeprecationWarning: `url.parse()` behavior is not standardized and prone to errors that have security implications. Use the WHATWG URL API instead. CVEs are not issued for `url.parse()` vulnerabilities.
gateway-web	Run pnpm/action-setup@v4	2026-10-04T10:22:36.8859438Z (Use `node --trace-deprecation ...` to show where the warning was created)
gateway-web	Run pnpm/action-setup@v4	2026-10-04T10:22:37.0398886Z Progress: resolved 1, reused 0, downloaded 0, added 0
gateway-web	Run pnpm/action-setup@v4	2026-10-04T10:22:37.0488778Z Packages: +1
gateway-web	Run pnpm/action-setup@v4	2026-10-04T10:22:37.0489469Z +
gateway-web	Run pnpm/action-setup@v4	2026-10-04T10:22:38.0668192Z Progress: resolved 1, reused 0, downloaded 1, added 0
gateway-web	Run pnpm/action-setup@v4	2026-10-04T10:22:38.4818636Z Progress: resolved 1, reused 0, downloaded 1, added 1, done
gateway-web	Run pnpm/action-setup@v4	2026-10-04T10:22:38.5804872Z
gateway-web	Run pnpm/action-setup@v4	2026-10-04T10:22:38.5805517Z dependencies:
gateway-web	Run pnpm/action-setup@v4	2026-10-04T10:22:38.5805921Z + pnpm 11.19.0 (12.9.1 is available)
gateway-web	Run pnpm/action-setup@v4	2026-10-04T10:22:38.5806177Z
gateway-web	Run pnpm/action-setup@v4	2026-10-04T10:22:38.9181547Z Done in 2.2s
gateway-web	Run pnpm/action-setup@v4	2026-10-04T10:22:38.9358805Z ##[endgroup]
gateway-web	Run pnpm/action-setup@v4	2026-10-04T10:22:38.9359316Z Installation Completed!
gateway-web	Run pnpm install --frozen-lockfile	﻿2026-10-04T10:22:38.9602176Z ##[group]Run pnpm install --frozen-lockfile
gateway-web	Run pnpm install --frozen-lockfile	2026-10-04T10:22:38.9602586Z ^[[36;1mpnpm install --frozen-lockfile^[[0m
gateway-web	Run pnpm install --frozen-lockfile	2026-10-04T10:22:39.0159216Z shell: C:\Program Files\PowerShell\7\pwsh.EXE -command ". '{0}'"
gateway-web	Run pnpm install --frozen-lockfile	2026-10-04T10:22:39.0159579Z env:
gateway-web	Run pnpm install --frozen-lockfile	2026-10-04T10:22:39.0159830Z   PNPM_HOME: C:\Users\runneradmin\setup-pnpm\node_modules\.bin
gateway-web	Run pnpm install --frozen-lockfile	2026-10-04T10:22:39.0160150Z ##[endgroup]
gateway-web	Run pnpm install --frozen-lockfile	2026-10-04T10:22:40.7732153Z ? Verifying lockfile against supply-chain policies (39 entries)...
gateway-web	Run pnpm install --frozen-lockfile	2026-10-04T10:22:40.7776144Z Lockfile is up to date, resolution step is skipped
gateway-web	Run pnpm install --frozen-lockfile	2026-10-04T10:22:40.9497904Z Progress: resolved 1, reused 0, downloaded 0, added 0
gateway-web	Run pnpm install --frozen-lockfile	2026-10-04T10:22:40.9603360Z Packages: +38
gateway-web	Run pnpm install --frozen-lockfile	2026-10-04T10:22:40.9604586Z ++++++++++++++++++++++++++++++++++++++
gateway-web	Run pnpm install --frozen-lockfile	2026-10-04T10:22:41.5084460Z Packages are hard linked from the content-addressable store to the virtual store.
gateway-web	Run pnpm install --frozen-lockfile	2026-10-04T10:22:41.5085925Z   Content-addressable store is at: D:\.pnpm-store\v11
gateway-web	Run pnpm install --frozen-lockfile	2026-10-04T10:22:41.5086424Z   Virtual store is at:             node_modules/.pnpm
gateway-web	Run pnpm install --frozen-lockfile	2026-10-04T10:22:41.8149210Z Progress: resolved 38, reused 0, downloaded 38, added 38, done
gateway-web	Run pnpm install --frozen-lockfile	2026-10-04T10:22:41.8473754Z ✓ Lockfile passes supply-chain policies (39 entries in 1s)
gateway-web	Run pnpm install --frozen-lockfile	2026-10-04T10:22:41.8718447Z
gateway-web	Run pnpm install --frozen-lockfile	2026-10-04T10:22:41.8718850Z dependencies:
gateway-web	Run pnpm install --frozen-lockfile	2026-10-04T10:22:41.8719088Z + bonjour-service 1.4.4
gateway-web	Run pnpm install --frozen-lockfile	2026-10-04T10:22:41.8719275Z + qrcode 1.5.4
gateway-web	Run pnpm install --frozen-lockfile	2026-10-04T10:22:41.8719415Z + ws 8.18.3
gateway-web	Run pnpm install --frozen-lockfile	2026-10-04T10:22:41.8719501Z
gateway-web	Run pnpm install --frozen-lockfile	2026-10-04T10:22:41.8719566Z devDependencies:
gateway-web	Run pnpm install --frozen-lockfile	2026-10-04T10:22:41.8719900Z + playwright 1.55.1
gateway-web	Run pnpm install --frozen-lockfile	2026-10-04T10:22:41.8719997Z
gateway-web	Run pnpm install --frozen-lockfile	2026-10-04T10:22:41.8830286Z Done in 2.5s using pnpm v11.19.0
gateway-web	Run pnpm --dir city install --frozen-lockfile	﻿2026-10-04T10:22:42.0525380Z ##[group]Run pnpm --dir city install --frozen-lockfile
gateway-web	Run pnpm --dir city install --frozen-lockfile	2026-10-04T10:22:42.0525764Z ^[[36;1mpnpm --dir city install --frozen-lockfile^[[0m
gateway-web	Run pnpm --dir city install --frozen-lockfile	2026-10-04T10:22:42.0583199Z shell: C:\Program Files\PowerShell\7\pwsh.EXE -command ". '{0}'"
gateway-web	Run pnpm --dir city install --frozen-lockfile	2026-10-04T10:22:42.0583479Z env:
gateway-web	Run pnpm --dir city install --frozen-lockfile	2026-10-04T10:22:42.0583694Z   PNPM_HOME: C:\Users\runneradmin\setup-pnpm\node_modules\.bin
gateway-web	Run pnpm --dir city install --frozen-lockfile	2026-10-04T10:22:42.0583950Z ##[endgroup]
gateway-web	Run pnpm --dir city install --frozen-lockfile	2026-10-04T10:22:42.6807832Z ? Verifying lockfile against supply-chain policies (41 entries)...
gateway-web	Run pnpm --dir city install --frozen-lockfile	2026-10-04T10:22:42.6865354Z Lockfile is up to date, resolution step is skipped
gateway-web	Run pnpm --dir city install --frozen-lockfile	2026-10-04T10:22:42.7431528Z Progress: resolved 1, reused 0, downloaded 0, added 0
gateway-web	Run pnpm --dir city install --frozen-lockfile	2026-10-04T10:22:42.7529883Z Packages: +31
gateway-web	Run pnpm --dir city install --frozen-lockfile	2026-10-04T10:22:42.7530436Z +++++++++++++++++++++++++++++++
gateway-web	Run pnpm --dir city install --frozen-lockfile	2026-10-04T10:22:43.1704853Z Packages are hard linked from the content-addressable store to the virtual store.
gateway-web	Run pnpm --dir city install --frozen-lockfile	2026-10-04T10:22:43.1705623Z   Content-addressable store is at: D:\.pnpm-store\v11
gateway-web	Run pnpm --dir city install --frozen-lockfile	2026-10-04T10:22:43.1706103Z   Virtual store is at:             node_modules/.pnpm
gateway-web	Run pnpm --dir city install --frozen-lockfile	2026-10-04T10:22:43.2767960Z ✓ Lockfile passes supply-chain policies (41 entries in 596ms)
gateway-web	Run pnpm --dir city install --frozen-lockfile	2026-10-04T10:22:43.5812028Z Progress: resolved 31, reused 0, downloaded 31, added 31, done
gateway-web	Run pnpm --dir city install --frozen-lockfile	2026-10-04T10:22:43.6361324Z
gateway-web	Run pnpm --dir city install --frozen-lockfile	2026-10-04T10:22:43.6361930Z dependencies:
gateway-web	Run pnpm --dir city install --frozen-lockfile	2026-10-04T10:22:43.6362153Z + fflate 0.8.3
gateway-web	Run pnpm --dir city install --frozen-lockfile	2026-10-04T10:22:43.6362315Z + mammoth 1.12.2
gateway-web	Run pnpm --dir city install --frozen-lockfile	2026-10-04T10:22:43.6362502Z + pdfjs-dist 6.3.289
gateway-web	Run pnpm --dir city install --frozen-lockfile	2026-10-04T10:22:43.6362671Z + yaml 2.9.0
gateway-web	Run pnpm --dir city install --frozen-lockfile	2026-10-04T10:22:43.6362763Z
gateway-web	Run pnpm --dir city install --frozen-lockfile	2026-10-04T10:22:43.6495226Z Done in 1.3s using pnpm v11.19.0
gateway-web	Run pnpm test	﻿2026-10-04T10:22:43.7934579Z ##[group]Run pnpm test
gateway-web	Run pnpm test	2026-10-04T10:22:43.7934894Z ^[[36;1mpnpm test^[[0m
gateway-web	Run pnpm test	2026-10-04T10:22:43.7991880Z shell: C:\Program Files\PowerShell\7\pwsh.EXE -command ". '{0}'"
gateway-web	Run pnpm test	2026-10-04T10:22:43.7992201Z env:
gateway-web	Run pnpm test	2026-10-04T10:22:43.7992433Z   PNPM_HOME: C:\Users\runneradmin\setup-pnpm\node_modules\.bin
gateway-web	Run pnpm test	2026-10-04T10:22:43.7992720Z ##[endgroup]
gateway-web	Run pnpm test	2026-10-04T10:22:44.4667454Z $ node --test tests/*.test.mjs
gateway-web	Run pnpm test	2026-10-04T10:22:44.7598709Z ✔ UXI-301 android: the Kotlin term table equals the contract EXACTLY, in both directions (17.0453ms)
gateway-web	Run pnpm test	2026-10-04T10:22:44.7600449Z ✔ UXI-301 android: the Kotlin state and action tables equal the contract (0.4597ms)
gateway-web	Run pnpm test	2026-10-04T10:22:44.7603765Z ✔ UXI-301 android: Kotlin severity agrees with the contract class wherever the class carries meaning (0.3705ms)
gateway-web	Run pnpm test	2026-10-04T10:22:44.7607400Z ✔ UXI-301 android: the parity guard would actually fail on drift (0.3326ms)
gateway-web	Run pnpm test	2026-10-04T10:22:44.7609466Z ✔ UXI-390: Android action wiring equals the web surface wiring map (0.8167ms)
gateway-web	Run pnpm test	2026-10-04T10:22:44.7889719Z ✔ Android UI evidence parser preserves single-quoted JSON and double-quoted attributes (4.4306ms)
gateway-web	Run pnpm test	2026-10-04T10:22:44.8229547Z ✔ a committed record from one embodiment is visible to another embodiment of the same assistant (4.9094ms)
gateway-web	Run pnpm test	2026-10-04T10:22:44.8234184Z ✔ two embodiments keep different local context while sharing one authoritative identity (1.1218ms)
gateway-web	Run pnpm test	2026-10-04T10:22:44.8262493Z ✔ disconnecting one embodiment does not terminate the assistant while another remains (0.4958ms)
gateway-web	Run pnpm test	2026-10-04T10:22:44.8264987Z ✔ embodiment-local transient state never leaks into shared state unless promoted (1.311ms)
gateway-web	Run pnpm test	2026-10-04T10:22:44.8267203Z ✔ concurrent promotion attempts are settled by revision checks, not last-writer-wins (0.6634ms)
gateway-web	Run pnpm test	2026-10-04T10:22:44.8269979Z ✔ promotion is idempotent and rejects key reuse with a different payload (0.4726ms)
gateway-web	Run pnpm test	2026-10-04T10:22:44.8271203Z ✔ authoritative state never holds user identity, authority or raw secrets (0.6884ms)
gateway-web	Run pnpm test	2026-10-04T10:22:44.8272324Z ✔ disclosure is limited by audience and requested scopes (0.8379ms)
gateway-web	Run pnpm test	2026-10-04T10:22:44.8273336Z ✔ recovery keeps the logical assistant and its durable records across a restart (0.9275ms)
gateway-web	Run pnpm test	2026-10-04T10:22:44.8274946Z ✔ a process restart refuses old sessions and stale local scratch as authority (0.8463ms)
gateway-web	Run pnpm test	2026-10-04T10:22:44.8276082Z ✔ in-process recovery expires live sessions until the device re-fetches authority (0.7131ms)
gateway-web	Run pnpm test	2026-10-04T10:22:44.8277423Z ✔ one expired embodiment does not disturb the other embodiments of the same assistant (0.3716ms)
gateway-web	Run pnpm test	2026-10-04T10:22:44.8278461Z ✔ the assistant profile port is a versioned seam with a deterministic double (0.4611ms)
gateway-web	Run pnpm test	2026-10-04T10:22:44.8279357Z ✔ core contract flags state the one-identity-many-projections invariant (0.2314ms)
gateway-web	Run pnpm test	2026-10-04T10:22:44.8280363Z ✔ authority and user-identity state cannot be promoted under a different spelling (0.4303ms)
gateway-web	Run pnpm test	2026-10-04T10:22:44.8281467Z ✔ a raw secret cannot be promoted under a plural or camelCase spelling (0.25ms)
gateway-web	Run pnpm test	2026-10-04T10:22:44.8282521Z ✔ an embodiment reference from a previous epoch never names a live embodiment (0.4358ms)
gateway-web	Run pnpm test	2026-10-04T10:22:44.8284448Z ✔ a tampered snapshot cannot install authority, a secret, an unpromotable scope or an unknown audience as truth (3.5935ms)
gateway-web	Run pnpm test	2026-10-04T10:22:44.8285745Z ✔ a retry carrying a different payload is refused, not silently replayed (0.3645ms)
gateway-web	Run pnpm test	2026-10-04T10:22:44.9091528Z ✔ two assistants hold different duties and proactivity over one authorized user context (4.7874ms)
gateway-web	Run pnpm test	2026-10-04T10:22:44.9092689Z ✔ out-of-duty requests are refused or delegated without changing permissions (0.9295ms)
gateway-web	Run pnpm test	2026-10-04T10:22:44.9094463Z ✔ effective permission is the four-axis intersection and a lease never substitutes for it (2.0976ms)
gateway-web	Run pnpm test	2026-10-04T10:22:44.9097878Z ✔ a handoff to a less-privileged assistant stays less privileged (0.8332ms)
gateway-web	Run pnpm test	2026-10-04T10:22:44.9119476Z ✔ permission is recomputed after handoff, device change, reconnect and capability change (1.1885ms)
gateway-web	Run pnpm test	2026-10-04T10:22:44.9138842Z ✔ proactivity levels bound initiative and notification audiences (0.922ms)
gateway-web	Run pnpm test	2026-10-04T10:22:44.9163535Z ✔ the policy engine is strict, frozen, observable and independent (1.1068ms)
gateway-web	Run pnpm test	2026-10-04T10:22:44.9164467Z ✔ the deployment policy is validated and its ceiling cannot be removed (0.5495ms)
gateway-web	Run pnpm test	2026-10-04T10:22:44.9168485Z ✔ the confirmation floor comes from the deployment policy, not from the assistant (0.5516ms)
gateway-web	Run pnpm test	2026-10-04T10:22:44.9174749Z ✔ notification audiences are a list of references, not a substring match (0.5619ms)
gateway-web	Run pnpm test	2026-10-04T10:22:44.9187926Z ✔ a handoff payload cannot carry authority whatever its shape (0.9257ms)
gateway-web	Run pnpm test	2026-10-04T10:22:44.9192169Z ✔ the assistant axis is the registry own duty policy and the Core axes say so (0.5391ms)
gateway-web	Run pnpm test	2026-10-04T10:22:44.9197191Z ✔ an uninterpretable instant is refused rather than recorded (0.4223ms)
gateway-web	Run pnpm test	2026-10-04T10:22:44.9206935Z ✔ the duty gate is about the action, and a named duty only narrows it (0.467ms)
gateway-web	Run pnpm test	2026-10-04T10:22:44.9207952Z ✔ a handoff carries the capability factor and reports relative privilege honestly (0.3748ms)
gateway-web	Run pnpm test	2026-10-04T10:22:44.9208848Z ✔ a lease must be unexpired and held here to count as execution safety (0.4779ms)
gateway-web	Run pnpm test	2026-10-04T10:22:44.9215341Z ✔ a recomputation supersedes the decisions it replaces, and ids are registry scoped (0.5917ms)
gateway-web	Run pnpm test	2026-10-04T10:22:44.9553085Z ✔ embodiment events are the canonical Assistant model and transport stays non-canonical (6.6223ms)
gateway-web	Run pnpm test	2026-10-04T10:22:44.9554477Z ✔ contradictory commands from two devices cannot produce two exclusive side effects (1.7799ms)
gateway-web	Run pnpm test	2026-10-04T10:22:44.9566193Z ✔ retries and replays with the same action key never duplicate the external side effect (1.0155ms)
gateway-web	Run pnpm test	2026-10-04T10:22:44.9567221Z ✔ lease expiry, revocation and reassignment are authoritative and observable (1.4796ms)
gateway-web	Run pnpm test	2026-10-04T10:22:44.9568100Z ✔ after a disconnect nothing resumes on a stale local lease (1.7147ms)
gateway-web	Run pnpm test	2026-10-04T10:22:44.9568983Z ✔ output routing respects availability, foreground and privacy without broadcasting (0.8406ms)
gateway-web	Run pnpm test	2026-10-04T10:22:44.9569770Z ✔ the bus is strict, frozen and free of ambient state (0.7653ms)
gateway-web	Run pnpm test	2026-10-04T10:22:44.9570718Z ✔ the canonical contract allow-list is decided by own keys (0.2822ms)
gateway-web	Run pnpm test	2026-10-04T10:22:44.9571298Z ✔ a caller instant must be real, not merely well shaped (0.4358ms)
gateway-web	Run pnpm test	2026-10-04T10:22:44.9571719Z ✔ the bus policy bounds are validated rather than trusted (0.5175ms)
gateway-web	Run pnpm test	2026-10-04T10:22:44.9572199Z ✔ a reconnecting device never revives a lease another holder has taken over (0.5933ms)
gateway-web	Run pnpm test	2026-10-04T10:22:44.9572701Z ✔ an action key stays the same action across renewal and reassignment (0.4448ms)
gateway-web	Run pnpm test	2026-10-04T10:22:44.9573179Z ✔ renewal retires the previous lease reference instead of aliasing it (0.7183ms)
gateway-web	Run pnpm test	2026-10-04T10:22:44.9573667Z ✔ authority is never anonymous: acting on a lease needs the holder it names (0.5722ms)
gateway-web	Run pnpm test	2026-10-04T10:22:44.9574150Z ✔ an expired lease cannot be revived with a backdated instant (0.6215ms)
gateway-web	Run pnpm test	2026-10-04T10:22:44.9574584Z ✔ reconciliation requires an authoritative lease inventory (1.1108ms)
gateway-web	Run pnpm test	2026-10-04T10:22:44.9575049Z ✔ routing never delivers to a device the bus knows is disconnected (0.4833ms)
gateway-web	Run pnpm test	2026-10-04T10:22:44.9575558Z ✔ staleness and replay absorption do not depend on an optional command reference (0.4617ms)
gateway-web	Run pnpm test	2026-10-04T10:22:44.9576268Z ✔ a refused reconciliation grants no authority (0.4926ms)
gateway-web	Run pnpm test	2026-10-04T10:22:44.9576726Z ✔ the canonical event carries the declared identity and transport correlation (0.3279ms)
gateway-web	Run pnpm test	2026-10-04T10:22:44.9577188Z ✔ an envelope field is validated and used exactly once (0.3061ms)
gateway-web	Run pnpm test	2026-10-04T10:22:44.9577588Z ✔ exclusivity is a boolean grant, not a truthy flag (0.3928ms)
gateway-web	Run pnpm test	2026-10-04T10:22:44.9577986Z ✔ an instant helper that guards decisions is not shape-only (0.0937ms)
gateway-web	Run pnpm test	2026-10-04T10:22:44.9695627Z ✔ an embodiment descriptor references Remote Fabric identity and never mints its own (5.5467ms)
gateway-web	Run pnpm test	2026-10-04T10:22:44.9713331Z ✔ a device without cross-device identity is representable, and says so (0.4617ms)
gateway-web	Run pnpm test	2026-10-04T10:22:44.9714319Z ✔ descriptor vocabularies are closed and unknown values are refused (1.4434ms)
gateway-web	Run pnpm test	2026-10-04T10:22:44.9716903Z ✔ one logical assistant inhabits PC and Android at the same time (1.3423ms)
gateway-web	Run pnpm test	2026-10-04T10:22:44.9717779Z ✔ a device refuses a second simultaneous foreground assistant (0.7415ms)
gateway-web	Run pnpm test	2026-10-04T10:22:44.9718573Z ✔ detaching the foreground assistant releases the binding (0.5039ms)
gateway-web	Run pnpm test	2026-10-04T10:22:44.9719803Z ✔ foreground A->B switches cleanly and releases the outgoing local context (0.8073ms)
gateway-web	Run pnpm test	2026-10-04T10:22:44.9720645Z ✔ a stale foreground view cannot take the device over (0.6337ms)
gateway-web	Run pnpm test	2026-10-04T10:22:44.9722665Z ✔ a foreground switch leaves an unrelated background task owned, executing and uncancelled (16.1253ms)
gateway-web	Run pnpm test	2026-10-04T10:22:44.9724183Z ✔ device-local context stays per-device and never becomes authoritative (0.9991ms)
gateway-web	Run pnpm test	2026-10-04T10:22:44.9725213Z ✔ binding reconstructs from authoritative state after a restart (1.6491ms)
gateway-web	Run pnpm test	2026-10-04T10:22:44.9726173Z ✔ a reconnecting device is refused when its local belief disagrees with authority (1.0367ms)
gateway-web	Run pnpm test	2026-10-04T10:22:44.9727044Z ✔ one assistant on many devices keeps each device independent (0.8429ms)
gateway-web	Run pnpm test	2026-10-04T10:22:44.9727822Z ✔ duplicate device identity and unknown embodiments are refused (1.4355ms)
gateway-web	Run pnpm test	2026-10-04T10:22:44.9728908Z ✔ undeclared keys inherited from Object.prototype are refused, and a prototype key never is a descriptor field (1.2041ms)
gateway-web	Run pnpm test	2026-10-04T10:22:44.9729979Z ✔ a competing physical-device identity is refused in every spelling (1.7686ms)
gateway-web	Run pnpm test	2026-10-04T10:22:44.9730871Z ✔ a foreground binding reference is never re-issued across a restart (2.2098ms)
gateway-web	Run pnpm test	2026-10-04T10:22:44.9732736Z ✔ a physical device cannot be claimed twice, including by refreshing an unidentified embodiment (0.6597ms)
gateway-web	Run pnpm test	2026-10-04T10:22:44.9733756Z ✔ the single-foreground invariant is derived from physical device identity (0.5872ms)
gateway-web	Run pnpm test	2026-10-04T10:22:44.9734927Z ✔ a restored binding keeps its recovery provenance on every later read (0.474ms)
gateway-web	Run pnpm test	2026-10-04T10:22:44.9736046Z ✔ the foreground compare-and-set token is the binding reference, not the assistant (0.4383ms)
gateway-web	Run pnpm test	2026-10-04T10:22:44.9737132Z ✔ re-attaching with a different session is a session change, not an idempotent repeat (0.3827ms)
gateway-web	Run pnpm test	2026-10-04T10:22:45.0366908Z ✔ switching the foreground assistant touches no task (2.3035ms)
gateway-web	Run pnpm test	2026-10-04T10:22:45.0393365Z ✔ a handoff carries responsibility and never authority (2.0599ms)
gateway-web	Run pnpm test	2026-10-04T10:22:45.0398226Z ✔ a true transfer needs acceptance and leaves exactly one authoritative owner (2.2009ms)
gateway-web	Run pnpm test	2026-10-04T10:22:45.0399433Z ✔ an explicit executor move is carried by the handoff and recorded separately (0.3455ms)
gateway-web	Run pnpm test	2026-10-04T10:22:45.0403784Z ✔ a rejected or expired handoff leaves the authoritative owner unchanged (0.6619ms)
gateway-web	Run pnpm test	2026-10-04T10:22:45.0407828Z ✔ a consultation transfers nothing even when accepted (0.2975ms)
gateway-web	Run pnpm test	2026-10-04T10:22:45.0408963Z ✔ the handoff package is strict, idempotent and refuses terminal or foreign tasks (1.4328ms)
gateway-web	Run pnpm test	2026-10-04T10:22:45.0410477Z ✔ unknown fields are refused even when named after Object.prototype members (0.7157ms)
gateway-web	Run pnpm test	2026-10-04T10:22:45.0417478Z ✔ a non-enumerable own authority field cannot evade the authority scan (2.2638ms)
gateway-web	Run pnpm test	2026-10-04T10:22:45.0418531Z ✔ a stale concurrent handoff cannot take ownership from a new owner (0.9371ms)
gateway-web	Run pnpm test	2026-10-04T10:22:45.0419548Z ✔ recipient authority is recomputed at takeover, not reused from proposal time (0.4274ms)
gateway-web	Run pnpm test	2026-10-04T10:22:45.0420561Z ✔ a policy lookup is own-key only, never through the prototype chain (0.2964ms)
gateway-web	Run pnpm test	2026-10-04T10:22:45.0421583Z ✔ a re-proposal under a live id is only a duplicate when it says the same thing (0.7737ms)
gateway-web	Run pnpm test	2026-10-04T10:22:45.0432545Z ✔ transition timestamps must be real instants at or after the proposal (0.5783ms)
gateway-web	Run pnpm test	2026-10-04T10:22:45.0434738Z ✔ a cyclic or over-deep handoff is refused, never a stack overflow (0.5905ms)
gateway-web	Run pnpm test	2026-10-04T10:22:45.0435808Z ✔ a calendar-impossible instant is refused, not merely shape-checked (0.1957ms)
gateway-web	Run pnpm test	2026-10-04T10:22:45.0436833Z ✔ the switch report does not invent the outgoing assistant's presence (0.1732ms)
gateway-web	Run pnpm test	2026-10-04T10:22:45.0438210Z ✔ a refusal that cannot be explained is not half-applied (0.5756ms)
gateway-web	Run pnpm test	2026-10-04T10:22:45.0439148Z ✔ a transfer must declare the capabilities the recipient is judged against (0.4854ms)
gateway-web	Run pnpm test	2026-10-04T10:22:45.0441344Z ✔ the task store double does not leak or alias canonical state (0.2212ms)
gateway-web	Run pnpm test	2026-10-04T10:22:45.0442667Z ✔ a versioned task refuses a handoff built against another version (0.866ms)
gateway-web	Run pnpm test	2026-10-04T10:22:45.0837982Z ✔ assistants are listed and selected, with the five identity roles kept distinct (11.3502ms)
gateway-web	Run pnpm test	2026-10-04T10:22:45.0840448Z ✔ profile changes propagate as committed shared state and never touch Digital-Me or tasks (1.4866ms)
gateway-web	Run pnpm test	2026-10-04T10:22:45.0841420Z ✔ foreground switching is a UI operation that transfers nothing (2.1963ms)
gateway-web	Run pnpm test	2026-10-04T10:22:45.0842422Z ✔ stale, offline and reconnecting embodiments are surfaced and never shown as authority (0.9908ms)
gateway-web	Run pnpm test	2026-10-04T10:22:45.0843394Z ✔ reserved voice/avatar adapters exist as adapters without being required now (1.1725ms)
gateway-web	Run pnpm test	2026-10-04T10:22:45.0844265Z ✔ the surface is strict, frozen and independent of ambient state (1.3855ms)
gateway-web	Run pnpm test	2026-10-04T10:22:45.0847124Z ✔ an editable field carries the kind of value its name promises (1.0513ms)
gateway-web	Run pnpm test	2026-10-04T10:22:45.0847917Z ✔ a change the surface cannot read is refused rather than dropped (0.5139ms)
gateway-web	Run pnpm test	2026-10-04T10:22:45.0848627Z ✔ the version guard is not switchable off by policy (0.7236ms)
gateway-web	Run pnpm test	2026-10-04T10:22:45.0849425Z ✔ re-registering a device never discards the binding the user chose (1.0265ms)
gateway-web	Run pnpm test	2026-10-04T10:22:45.0854973Z ✔ a task the surface cannot read is reported, not hidden (0.4197ms)
gateway-web	Run pnpm test	2026-10-04T10:22:45.0855881Z ✔ the committed-update cursor must be a version and the instants must be real (0.6926ms)
gateway-web	Run pnpm test	2026-10-04T10:22:45.0856781Z ✔ freshness needs a recent observation, not only a declared state (0.871ms)
gateway-web	Run pnpm test	2026-10-04T10:22:45.0857862Z ✔ every projection of a device gives the same freshness answer (0.3603ms)
gateway-web	Run pnpm test	2026-10-04T10:22:45.0858751Z ✔ a committed update carries the change, the previous values and the actor (0.6573ms)
gateway-web	Run pnpm test	2026-10-04T10:22:45.0860450Z ✔ a handoff or a provisional switch is never taken from a cached view (0.4611ms)
gateway-web	Run pnpm test	2026-10-04T10:22:45.0861325Z ✔ a task foreground flag is a boolean and its role reflects the data (0.4472ms)
gateway-web	Run pnpm test	2026-10-04T10:22:45.0862110Z ✔ an untypeable value is refused before anything is recorded (0.5263ms)
gateway-web	Run pnpm test	2026-10-04T10:22:45.0983057Z ✔ one authoritative task is shared by every embodiment — never duplicated per device (4.1121ms)
gateway-web	Run pnpm test	2026-10-04T10:22:45.0988532Z ✔ ownership is logical, execution is physical — sessions and devices are never the owner (2.1513ms)
gateway-web	Run pnpm test	2026-10-04T10:22:45.0990359Z ✔ mutations are versioned and typed, and conflicting updates keep a causal audit trail (0.916ms)
gateway-web	Run pnpm test	2026-10-04T10:22:45.0997079Z ✔ foreground switching never changes owner, coordinator or executor (0.5335ms)
gateway-web	Run pnpm test	2026-10-04T10:22:45.1004324Z ✔ ownership moves only through an explicit accepted handoff, and never restarts the executor (1.4314ms)
gateway-web	Run pnpm test	2026-10-04T10:22:45.1005380Z ✔ an exclusive side effect can never have two simultaneous valid executors (0.929ms)
gateway-web	Run pnpm test	2026-10-04T10:22:45.1006533Z ✔ device release suspends the lease, never orphans a task and never moves ownership (1.1226ms)
gateway-web	Run pnpm test	2026-10-04T10:22:45.1007496Z ✔ every contract surface is closed, frozen and free of ambient state (0.5719ms)
gateway-web	Run pnpm test	2026-10-04T10:22:45.1008297Z ✔ the canonical contract allow-list is decided by own keys (0.3501ms)
gateway-web	Run pnpm test	2026-10-04T10:22:45.1009216Z ✔ a hidden authority field in a handoff is found, and a cycle does not crash the scan (0.5064ms)
gateway-web	Run pnpm test	2026-10-04T10:22:45.1009945Z ✔ a caller instant must be real, not merely well shaped (0.46ms)
gateway-web	Run pnpm test	2026-10-04T10:22:45.1010532Z ✔ a refused patch changes nothing (0.3532ms)
gateway-web	Run pnpm test	2026-10-04T10:22:45.1011217Z ✔ a released executor must revalidate its lease instead of re-issuing it (0.6ms)
gateway-web	Run pnpm test	2026-10-04T10:22:45.1011978Z ✔ an exclusive side effect cannot complete without a lease (0.4663ms)
gateway-web	Run pnpm test	2026-10-04T10:22:45.1012700Z ✔ a refused foreground change leaves the binding untouched (0.2836ms)
gateway-web	Run pnpm test	2026-10-04T10:22:45.1013841Z ✔ a device release never rewrites a settled task, and a handoff checkpoint is text (0.5924ms)
gateway-web	Run pnpm test	2026-10-04T10:22:45.1483616Z ✔ Windows manufacturer payload prefixes locator with canonical UUID bytes (0.9779ms)
gateway-web	Run pnpm test	2026-10-04T10:22:45.1488679Z ✔ BLE locator contains exactly version IPv4 and big-endian port (1.043ms)
gateway-web	Run pnpm test	2026-10-04T10:22:45.1493267Z ✔ non-Windows adapter reports software platform error rather than hardware evidence (1.283ms)
gateway-web	Run pnpm test	2026-10-04T10:22:45.2034699Z ✔ a fresh profile is fully normalized, descriptive and authority-free (4.7743ms)
gateway-web	Run pnpm test	2026-10-04T10:22:45.2039662Z ✔ partially specified ports receive safe defaults (0.9332ms)
gateway-web	Run pnpm test	2026-10-04T10:22:45.2089106Z ✔ two assistant identities hold independent profiles and relationship modes at the same time (11.9652ms)
gateway-web	Run pnpm test	2026-10-04T10:22:45.2110745Z ✔ a relationship change on one assistant never leaks into another assistant or its bundle (0.6777ms)
gateway-web	Run pnpm test	2026-10-04T10:22:45.2119939Z ✔ several assistant identities can be online at once and presence is idempotent (0.4972ms)
gateway-web	Run pnpm test	2026-10-04T10:22:45.2122487Z ✔ a duplicate assistant id is refused and leaves state untouched (0.3607ms)
gateway-web	Run pnpm test	2026-10-04T10:22:45.2160968Z ✔ minted assistant ids are stable, unique and honestly labelled (0.329ms)
gateway-web	Run pnpm test	2026-10-04T10:22:45.2164975Z ✔ profiles reject embedded permission grants, execution leases and authority fields (0.5411ms)
gateway-web	Run pnpm test	2026-10-04T10:22:45.2180807Z ✔ extension namespaces cannot smuggle Digital-Me or authority namespaces (1.2738ms)
gateway-web	Run pnpm test	2026-10-04T10:22:45.2185322Z ✔ schema version and port shape are validated instead of silently accepted (0.6387ms)
gateway-web	Run pnpm test	2026-10-04T10:22:45.2186870Z ✔ unknown future attributes migrate forward without losing data (1.4717ms)
gateway-web	Run pnpm test	2026-10-04T10:22:45.2187991Z ✔ a rejected write is a no-op and schema_version cannot be patched (1.4274ms)
gateway-web	Run pnpm test	2026-10-04T10:22:45.2189121Z ✔ a stale profile write is refused instead of silently overwriting (0.8106ms)
gateway-web	Run pnpm test	2026-10-04T10:22:45.2190221Z ✔ export and import restore durable assistant state after a simulated restart (1.3477ms)
gateway-web	Run pnpm test	2026-10-04T10:22:45.2191319Z ✔ replace import touches only the target assistant and bumps its revision (0.6993ms)
gateway-web	Run pnpm test	2026-10-04T10:22:45.2192440Z ✔ import rejects Digital-Me data, authority fields and malformed bundles atomically (2.3402ms)
gateway-web	Run pnpm test	2026-10-04T10:22:45.2193559Z ✔ reset restores safe defaults for one assistant without touching the others (1.3927ms)
gateway-web	Run pnpm test	2026-10-04T10:22:45.2195551Z ✔ duty labels describe a role and never grant the corresponding action (0.869ms)
gateway-web	Run pnpm test	2026-10-04T10:22:45.2197556Z ✔ the personalization surface never writes Digital-Me state (0.5066ms)
gateway-web	Run pnpm test	2026-10-04T10:22:45.2203212Z ✔ identity lifecycle errors are typed and presence is cleaned up (1.2075ms)
gateway-web	Run pnpm test	2026-10-04T10:22:45.2204872Z ✔ applyProfilePatch merges one port level and replaces arrays (0.5033ms)
gateway-web	Run pnpm test	2026-10-04T10:22:45.2205792Z ✔ the published schema matches the runtime contract (0.6137ms)
gateway-web	Run pnpm test	2026-10-04T10:22:45.2213490Z ✔ a profile patch cannot rewrite a prototype or inject a hidden property (0.4868ms)
gateway-web	Run pnpm test	2026-10-04T10:22:45.2223014Z ✔ the Zone patch path is closed to prototype injection and leaves state untouched (0.2849ms)
gateway-web	Run pnpm test	2026-10-04T10:22:45.2224341Z ✔ a rejected patch leaves the stored profile byte-identical (0.3006ms)
gateway-web	Run pnpm test	2026-10-04T10:22:45.2228062Z ✔ inherited property names are not declared port fields (1.0649ms)
gateway-web	Run pnpm test	2026-10-04T10:22:45.2228810Z ✔ reserved keys are refused at every depth of a stored profile document (0.3051ms)
gateway-web	Run pnpm test	2026-10-04T10:22:45.2229617Z ✔ a bundle refuses a reserved key anywhere, including inside an extension value (0.4427ms)
gateway-web	Run pnpm test	2026-10-04T10:22:45.2230484Z ✔ a reserved key cannot be registered as a personalization port (0.2872ms)
gateway-web	Run pnpm test	2026-10-04T10:22:45.2231363Z ✔ the published schema states the reserved-prototype-key rule the runtime enforces (0.4192ms)
gateway-web	Run pnpm test	2026-10-04T10:23:06.2597261Z ✔ document bytes flow through real readers and into temporary knowledge (20972.7892ms)
gateway-web	Run pnpm test	2026-10-04T10:23:06.2600614Z ✔ evidence review is deterministic and tampering never gets rehashed (4.363ms)
gateway-web	Run pnpm test	2026-10-04T10:23:06.2604786Z ✔ theme generation returns a reproducible PNG and validation (58.0723ms)
gateway-web	Run pnpm test	2026-10-04T10:23:06.2608052Z ✔ future promoted module stays pending and all five existing adapters still execute (23.0815ms)
gateway-web	Run pnpm test	2026-10-04T10:23:06.2610090Z ✔ malformed and oversized inputs have explicit refusals (23.5927ms)
gateway-web	Run pnpm test	2026-10-04T10:23:06.2801289Z ✔ dependency failure degrades the same descriptor used to gate invocations (699.8835ms)
gateway-web	Run pnpm test	2026-10-04T10:23:06.2802373Z ✔ capabilities use control auth, canonical results, typed refusal and durable history (1992.3967ms)
gateway-web	Run pnpm test	2026-10-04T10:23:06.2803507Z ✔ the per-capability degradation latch is owned by the migrated provider-resilience breaker (563.803ms)
gateway-web	Run pnpm test	2026-10-04T10:23:19.6024914Z ✔ old SQLite results migrate without changing identity, digest or metadata, including restart (867.7054ms)
gateway-web	Run pnpm test	2026-10-04T10:23:19.6026351Z ✔ migration fails closed and rolls back earlier rows when legacy history is corrupt (746.1959ms)
gateway-web	Run pnpm test	2026-10-04T10:23:19.6027733Z ✔ 560 large legacy results keep 500 summaries and 50 details; new saves remain bounded (32581.5751ms)
gateway-web	Run pnpm test	2026-10-04T10:23:27.9647256Z ✔ city and list APIs send summaries only, enforce limits and retrieve individual details (8362.3811ms)
gateway-web	Run pnpm test	2026-10-04T10:23:45.2583475Z ✔ a long running invocation survives pruning and its completion remains readable (17293.2073ms)
gateway-web	Run pnpm test	2026-10-04T10:23:45.2701156Z ✔ qualified identities keep duplicate names independent and cannot replace missing dependencies (3.6877ms)
gateway-web	Run pnpm test	2026-10-04T10:23:45.2702508Z ✔ registry restricts mixed module lifecycle and exposes every dependency lifecycle (2.3984ms)
gateway-web	Run pnpm test	2026-10-04T10:23:45.2703725Z ✔ unbridged duplicate module names receive different qualified capability IDs (0.879ms)
gateway-web	Run pnpm test	2026-10-04T10:23:45.2704542Z ✔ Theme advertises implemented generate and build operations and refuses validate (0.9027ms)
gateway-web	Run pnpm test	2026-10-04T10:23:45.2705356Z ✔ infrastructure modules are never advertised as capabilities (0.7237ms)
gateway-web	Run pnpm test	2026-10-04T10:23:45.2706237Z ✔ custom City name is canonical across snapshot, pairing, discovery descriptor and restart (71.1441ms)
gateway-web	Run pnpm test	2026-10-04T10:23:45.2707486Z ✔ Settings changes the visible City name and keeps editing stable across snapshots (15690.5044ms)
gateway-web	Run pnpm test	2026-10-04T10:23:45.2708615Z ✔ Road rejects missing array elements instead of producing null serialized entries (2.0791ms)
gateway-web	Run pnpm test	2026-10-04T10:23:45.2709730Z ✔ Road preserves section order, deterministic IDs and explicit temporary unverified ownership (0.6223ms)
gateway-web	Run pnpm test	2026-10-04T10:23:45.2710907Z ✔ Road accepts empty documents and preserves empty heading and text without coercion (0.131ms)
gateway-web	Run pnpm test	2026-10-04T10:23:45.2712024Z ✔ Road refuses malformed document boundaries and never accepts caller trust injection (0.3208ms)
gateway-web	Run pnpm test	2026-10-04T10:23:45.2713115Z ✔ Road output validation rejects permanence, trust escalation and reordered IDs (0.1659ms)
gateway-web	Run pnpm test	2026-10-04T10:23:45.2714130Z ✔ Bridge Road extraction preserves all six published document retrieval digests (1112.305ms)
gateway-web	Run pnpm test	2026-10-04T10:23:45.2715438Z ✔ scope: local, lan, remote and unknown are distinguished, and an address we hold is never called "nearby" (1.2694ms)
gateway-web	Run pnpm test	2026-10-04T10:23:45.2716484Z ✔ the list always contains this machine, and offers to use it (1.0598ms)
gateway-web	Run pnpm test	2026-10-04T10:23:45.2717375Z ✔ the list is NOT fixed at two: any number of PCs is listed, in one list (11.5154ms)
gateway-web	Run pnpm test	2026-10-04T10:23:45.2718288Z ✔ each PC offers the actions that make sense for it, and none that do not (1.0701ms)
gateway-web	Run pnpm test	2026-10-04T10:23:45.2719411Z ✔ a remembered PC that discovery did NOT find is still listed, because that is when the address matters (0.4949ms)
gateway-web	Run pnpm test	2026-10-04T10:23:45.2721266Z ✔ discovery and memory overlap constantly, and a PC is never listed twice (0.3053ms)
gateway-web	Run pnpm test	2026-10-04T10:23:45.2722660Z ✔ the recommendation is attached to a row, so the list and the recommendation cannot disagree (0.3812ms)
gateway-web	Run pnpm test	2026-10-04T10:23:45.2723778Z ✔ a machine with no telemetry is marked as thin evidence rather than being scored as if it were measured (0.3147ms)
gateway-web	Run pnpm test	2026-10-04T10:23:45.2724968Z ✔ row count is bounded and the discarded overlap is stated rather than silently dropped (0.677ms)
gateway-web	Run pnpm test	2026-10-04T10:23:45.2726487Z ✔ the fallback channels are DESCRIBED, not moved: the entry controls stay where the app renders them (0.9198ms)
gateway-web	Run pnpm test	2026-10-04T10:23:45.2727476Z ✔ rendering is escaped and carries its action as data (0.2164ms)
gateway-web	Run pnpm test	2026-10-04T10:23:45.2728207Z ✔ an empty world renders an honest sentence, not an empty list (0.1174ms)
gateway-web	Run pnpm test	2026-10-04T10:23:45.2728998Z ✔ capability summaries report only what was measured, and say unknown when nothing was (0.128ms)
gateway-web	Run pnpm test	2026-10-04T10:23:45.2729984Z ✔ different assistants receive different authorized scopes from the same Digital-Me (3.5723ms)
gateway-web	Run pnpm test	2026-10-04T10:23:45.2730497Z ✔ a denied scope is a typed refusal with no partial leakage (0.3684ms)
gateway-web	Run pnpm test	2026-10-04T10:23:45.2731005Z ✔ assistant profile and relationship changes never change canonical records (0.6255ms)
gateway-web	Run pnpm test	2026-10-04T10:23:45.2731585Z ✔ a private fact is not surfaced through another audience without disclosure authorization (1.4149ms)
gateway-web	Run pnpm test	2026-10-04T10:23:45.2732148Z ✔ cross-assistant private memory is never visible to another assistant (0.3682ms)
gateway-web	Run pnpm test	2026-10-04T10:23:45.2732659Z ✔ least data by default, with values only when the purpose needs them (0.7299ms)
gateway-web	Run pnpm test	2026-10-04T10:23:45.2733213Z ✔ stale context is reported rather than served, and device-ephemeral context is never durable (0.655ms)
gateway-web	Run pnpm test	2026-10-04T10:23:45.2733759Z ✔ every projection carries provenance, and the surface is strict (0.4565ms)
gateway-web	Run pnpm test	2026-10-04T10:23:45.2734217Z ✔ record fields named after Object.prototype members are refused (0.47ms)
gateway-web	Run pnpm test	2026-10-04T10:23:45.2734768Z ✔ a replayed or future-dated record is never served as current (0.908ms)
gateway-web	Run pnpm test	2026-10-04T10:23:45.2735256Z ✔ a policy grant is read from the policy itself, never from the prototype chain (0.9501ms)
gateway-web	Run pnpm test	2026-10-04T10:23:45.2735720Z ✔ a SENSITIVE record is not released like an ordinary one (0.7183ms)
gateway-web	Run pnpm test	2026-10-04T10:23:45.2736169Z ✔ a cyclic or over-deep record is a typed refusal, not a stack overflow (0.6356ms)
gateway-web	Run pnpm test	2026-10-04T10:23:45.2736667Z ✔ a calendar-impossible instant is refused, not merely shape-checked (0.2287ms)
gateway-web	Run pnpm test	2026-10-04T10:23:45.2737179Z ✔ a record must be a bare own-property object (0.3039ms)
gateway-web	Run pnpm test	2026-10-04T10:23:45.2738087Z ✔ assistant-private memory belongs to the assistant that owns it (0.4982ms)
gateway-web	Run pnpm test	2026-10-04T10:23:45.2739420Z ✔ the port hands out copies, and refuses two records under one id (0.4575ms)
gateway-web	Run pnpm test	2026-10-04T10:23:45.2740324Z ✔ a malformed record refuses the whole query before anything is assembled (0.5621ms)
gateway-web	Run pnpm test	2026-10-04T10:23:45.2741188Z ✔ the gateway does not read authority from a live policy object (0.3341ms)
gateway-web	Run pnpm test	2026-10-04T10:23:45.2741993Z ✔ values are released only for an explicit includeValues boolean (0.8766ms)
gateway-web	Run pnpm test	2026-10-04T10:23:45.2743959Z ✔ device-ephemeral context cannot smuggle durable or sensitive facts (0.6861ms)
gateway-web	Run pnpm test	2026-10-04T10:23:45.2744938Z ✔ one attention_id is one logical question however many projections it carries (2.9414ms)
gateway-web	Run pnpm test	2026-10-04T10:23:45.2745862Z ✔ the current interaction device always carries the actionable projection (1.0532ms)
gateway-web	Run pnpm test	2026-10-04T10:23:45.2746803Z ✔ only the configured 2-3 recent eligible devices receive auxiliary projections (0.6797ms)
gateway-web	Run pnpm test	2026-10-04T10:23:45.2747741Z ✔ recent devices are ranked by user interaction, never by uptime or heartbeat (9.2157ms)
gateway-web	Run pnpm test	2026-10-04T10:23:45.2748763Z ✔ the first valid acknowledgement closes the question globally and withdraws the rest (0.5789ms)
gateway-web	Run pnpm test	2026-10-04T10:23:45.2749769Z ✔ a response routes back to the originating connector whichever device answered (1.2955ms)
gateway-web	Run pnpm test	2026-10-04T10:23:45.2750688Z ✔ reconnect, refresh and repeated delivery never ring the same epoch twice (0.485ms)
gateway-web	Run pnpm test	2026-10-04T10:23:45.2751634Z ✔ quiet, full-screen and protected use suppress sound but keep the notification (0.2976ms)
gateway-web	Run pnpm test	2026-10-04T10:23:45.2752534Z ✔ a non-blocking informational event is delivered visibly without ringing (0.4463ms)
gateway-web	Run pnpm test	2026-10-04T10:23:45.2753352Z ✔ withdrawal closes a question, and the envelope is strict (0.7527ms)
gateway-web	Run pnpm test	2026-10-04T10:23:45.2754147Z ✔ attention fields named after Object.prototype members are refused (0.2832ms)
gateway-web	Run pnpm test	2026-10-04T10:23:45.2755249Z ✔ a "recent" device is bounded on both sides, and never duplicated (0.3342ms)
gateway-web	Run pnpm test	2026-10-04T10:23:45.2756012Z ✔ a different question under a live attention id is refused (0.3462ms)
gateway-web	Run pnpm test	2026-10-04T10:23:45.2756720Z ✔ a malformed instant cannot half-apply a transition (0.4596ms)
gateway-web	Run pnpm test	2026-10-04T10:23:45.2757290Z ✔ a response routes exactly once (0.3368ms)
gateway-web	Run pnpm test	2026-10-04T10:23:45.2758023Z ✔ a response that cannot be stored is refused before the routing is committed (0.3041ms)
gateway-web	Run pnpm test	2026-10-04T10:23:45.2759053Z ✔ canonical state holds handle references, never plaintext secrets (3.5603ms)
gateway-web	Run pnpm test	2026-10-04T10:23:45.2759904Z ✔ each auth mode maps to exactly one reference kind, and NONE needs no handle (2.0262ms)
gateway-web	Run pnpm test	2026-10-04T10:23:45.2760756Z ✔ secret values are absent from logs and errors even when the secure store fails (0.6039ms)
gateway-web	Run pnpm test	2026-10-04T10:23:45.2762658Z ✔ an expired session becomes EXPIRED/NEEDS_USER with a job-scoped AttentionEnvelope (0.812ms)
gateway-web	Run pnpm test	2026-10-04T10:23:45.2764580Z ✔ restart restores permitted persistent session references, and only those (1.3992ms)
gateway-web	Run pnpm test	2026-10-04T10:23:45.2766738Z ✔ missing secure-store support degrades honestly with no plaintext fallback (0.7827ms)
gateway-web	Run pnpm test	2026-10-04T10:23:45.2769038Z ✔ legacy DeepSeek env discovery is consumable through the abstraction without becoming the schema (0.8818ms)
gateway-web	Run pnpm test	2026-10-04T10:23:45.2770557Z ✔ the profile contract is declarative, versioned and lifecycle-honest (1.2004ms)
gateway-web	Run pnpm test	2026-10-04T10:23:45.2771956Z ✔ a handle reference that is secret material never reaches canonical state (0.888ms)
gateway-web	Run pnpm test	2026-10-04T10:23:45.2772755Z ✔ binding refuses an ambiguous secret-or-handle request (0.4707ms)
gateway-web	Run pnpm test	2026-10-04T10:23:45.2773224Z ✔ an uninterpretable instant is never fresh, READY or recorded (0.534ms)
gateway-web	Run pnpm test	2026-10-04T10:23:45.2773686Z ✔ a user-action requirement is a boolean, not a truthy flag (0.3296ms)
gateway-web	Run pnpm test	2026-10-04T10:23:45.2774084Z ✔ canonical records are plain own-key objects (0.4602ms)
gateway-web	Run pnpm test	2026-10-04T10:23:45.2774492Z ✔ a cyclic caller value is refused instead of crashing the scan (0.6507ms)
gateway-web	Run pnpm test	2026-10-04T10:23:45.2774980Z ✔ restore validates a snapshot entry as strictly as a registration (0.5324ms)
gateway-web	Run pnpm test	2026-10-04T10:23:45.2775426Z ✔ revocation stays observable after the handle is cleared (0.2836ms)
gateway-web	Run pnpm test	2026-10-04T10:23:45.2775886Z ✔ a rotation revokes the handle it replaces instead of abandoning it (0.3404ms)
gateway-web	Run pnpm test	2026-10-04T10:23:45.2776361Z ✔ a well-shaped record may not carry a secret in a legitimate field (0.342ms)
gateway-web	Run pnpm test	2026-10-04T10:23:45.2776774Z ✔ everything the scan calls a secret is redacted (0.3407ms)
gateway-web	Run pnpm test	2026-10-04T10:23:45.2777237Z ✔ a hidden own field on a snapshot entry is not copied into canonical state (0.2059ms)
gateway-web	Run pnpm test	2026-10-04T10:23:45.2779197Z ✔ legacy discovery never binds the key into a foreign default profile (0.3834ms)
gateway-web	Run pnpm test	2026-10-04T10:23:45.2779751Z ✔ a caller field is validated and stored as the same value (0.195ms)
gateway-web	Run pnpm test	2026-10-04T10:23:45.2780222Z ✔ a refused restore installs nothing and never replaces a live profile (0.2545ms)
gateway-web	Run pnpm test	2026-10-04T10:23:45.2780685Z ✔ revoke reports whether the store released the secret (0.4457ms)
gateway-web	Run pnpm test	2026-10-04T10:23:45.2781084Z ✔ freshness cannot be rewound behind the layer clock (0.4511ms)
gateway-web	Run pnpm test	2026-10-04T10:23:45.2781515Z ✔ carrying a stale expiry over a new credential is observable (0.6644ms)
gateway-web	Run pnpm test	2026-10-04T10:23:45.2782005Z ✔ the SDK validates a definition and documents what an author must supply (3.3446ms)
gateway-web	Run pnpm test	2026-10-04T10:23:45.2782538Z ✔ a synthetic third connector passes the conformance harness without core edits (2.4117ms)
gateway-web	Run pnpm test	2026-10-04T10:23:45.2783121Z ✔ adapter exceptions, timeouts and malformed results are isolated to the faulting adapter (2.4407ms)
gateway-web	Run pnpm test	2026-10-04T10:23:45.2783731Z ✔ optional provider absence is a typed state that blocks nothing and fabricates nothing (1.4138ms)
gateway-web	Run pnpm test	2026-10-04T10:23:45.2784353Z ✔ Claude Code and WorkBuddy adapters use the SDK path, and acceptance needs real host evidence (1.1325ms)
gateway-web	Run pnpm test	2026-10-04T10:23:45.2784958Z ✔ adding an adapter alters neither the EngineeringManagerPort nor the scheduling core (0.5454ms)
gateway-web	Run pnpm test	2026-10-04T10:23:45.2785783Z ✔ the SDK surface is strict, frozen and free of ambient state (1.1552ms)
gateway-web	Run pnpm test	2026-10-04T10:23:45.2787217Z ✔ a definition cannot be declared with mistyped policy fields or an impossible instant (0.5576ms)
gateway-web	Run pnpm test	2026-10-04T10:23:45.2789180Z ✔ a cyclic port result crosses the boundary as a frozen cycle, not as the adapter own object (0.4072ms)
gateway-web	Run pnpm test	2026-10-04T10:23:45.2790255Z ✔ a non-cloneable port result is a typed refusal instead of a live object (0.5112ms)
gateway-web	Run pnpm test	2026-10-04T10:23:45.2791384Z ✔ the harness does not certify a connector that silently accepts an unsupported capability (0.5963ms)
gateway-web	Run pnpm test	2026-10-04T10:23:45.2792441Z ✔ the harness does not certify a connector that silently accepts an unsupported control (0.4835ms)
gateway-web	Run pnpm test	2026-10-04T10:23:45.2793599Z ✔ an enabled adapter whose product is not installed is not usable, not selected and not accepted (0.4371ms)
gateway-web	Run pnpm test	2026-10-04T10:23:45.2794712Z ✔ only a faulted adapter can be cleared, and the fault record survives the clearing (0.6619ms)
gateway-web	Run pnpm test	2026-10-04T10:23:45.2795598Z ✔ re-declaring availability cannot revive a faulted adapter (0.5502ms)
gateway-web	Run pnpm test	2026-10-04T10:23:45.2796505Z ✔ the registry refuses an adapter the SDK did not wrap, so isolation cannot be bypassed (0.291ms)
gateway-web	Run pnpm test	2026-10-04T10:23:45.2797092Z ✔ a caller-declared acceptance says so instead of implying the SDK verified a host (0.5048ms)
gateway-web	Run pnpm test	2026-10-04T10:23:45.2797829Z ✔ an error whose code getter throws is still an isolated, typed fault (0.3765ms)
gateway-web	Run pnpm test	2026-10-04T10:23:45.2798517Z ✔ the harness refuses a connector that reports a state outside the vocabulary (0.4464ms)
gateway-web	Run pnpm test	2026-10-04T10:23:45.2799585Z ✔ the harness refuses a declared capability the connector does not report (0.9393ms)
gateway-web	Run pnpm test	2026-10-04T10:23:45.2800499Z ✔ the harness proves the unsupported-control expectation instead of skipping it (0.4519ms)
gateway-web	Run pnpm test	2026-10-04T10:23:45.2801400Z ✔ a definition whose handlers are only inherited is refused, not claimed as satisfied (0.1651ms)
gateway-web	Run pnpm test	2026-10-04T10:23:45.2802265Z ✔ a definition stores the methods it validated, including non-enumerable ones (0.2613ms)
gateway-web	Run pnpm test	2026-10-04T10:23:45.2803068Z ✔ a non-conformant connector is given no core-edit certificate (0.3242ms)
gateway-web	Run pnpm test	2026-10-04T10:23:45.2803871Z ✔ a runtime that throws is not evidence and does not break the acceptance summary (0.1909ms)
gateway-web	Run pnpm test	2026-10-04T10:23:45.2804726Z ✔ fault identities are unique across adapters of the same kind in one process (0.3146ms)
gateway-web	Run pnpm test	2026-10-04T10:23:45.2805558Z ✔ a connector manifest declares runtime, capabilities, needs and budgets (4.0987ms)
gateway-web	Run pnpm test	2026-10-04T10:23:45.2806363Z ✔ a connector manifest has no credential slot, and raw secrets are refused (0.4632ms)
gateway-web	Run pnpm test	2026-10-04T10:23:45.2807215Z ✔ policy decides permissions and an adapter can never grant itself one (0.7145ms)
gateway-web	Run pnpm test	2026-10-04T10:23:45.2807946Z ✔ undeclared capability or method calls are refused (0.8466ms)
gateway-web	Run pnpm test	2026-10-04T10:23:45.2808708Z ✔ the pipeline runs detect, select, adapt, validate, standardize and unify (1.0354ms)
gateway-web	Run pnpm test	2026-10-04T10:23:45.2809505Z ✔ one malformed connector cannot prevent another connector from loading (1.2015ms)
gateway-web	Run pnpm test	2026-10-04T10:23:45.2810226Z ✔ loading two synthetic connectors with different capabilities needs no core change (1.4493ms)
gateway-web	Run pnpm test	2026-10-04T10:23:45.2810769Z ✔ the runtime hosts two synthetic connectors with different capabilities (1.9601ms)
gateway-web	Run pnpm test	2026-10-04T10:23:45.2811298Z ✔ startup is bounded and a process that never becomes ready is stopped, not awaited (1.0304ms)
gateway-web	Run pnpm test	2026-10-04T10:23:45.2811834Z ✔ a failing spawn is data, and a failing invocation does not crash the runtime (0.9141ms)
gateway-web	Run pnpm test	2026-10-04T10:23:45.2812293Z ✔ heartbeat freshness is bounded by the manifest interval (0.7363ms)
gateway-web	Run pnpm test	2026-10-04T10:23:45.2812734Z ✔ restarts are bounded and exhaustion is a terminal safe mode (1.452ms)
gateway-web	Run pnpm test	2026-10-04T10:23:45.2813189Z ✔ logs are bounded by the manifest and redactable by caller policy (1.1993ms)
gateway-web	Run pnpm test	2026-10-04T10:23:45.2813683Z ✔ runtime lifecycle is honest about state and unknown instances (0.584ms)
gateway-web	Run pnpm test	2026-10-04T10:23:45.2814186Z ✔ undeclared keys inherited from Object.prototype are refused at every level (2.0502ms)
gateway-web	Run pnpm test	2026-10-04T10:23:45.2815598Z ✔ a secret-shaped name is refused in its plural and compound spellings (0.4353ms)
gateway-web	Run pnpm test	2026-10-04T10:23:45.2816113Z ✔ raw credential bytes are refused in any field, not only a secret-shaped one (1.0203ms)
gateway-web	Run pnpm test	2026-10-04T10:23:45.2816559Z ✔ a connector cannot forge the runtime kind it won (0.613ms)
gateway-web	Run pnpm test	2026-10-04T10:23:45.2816983Z ✔ a nullish adapter cannot stop the other connectors from loading (1.7715ms)
gateway-web	Run pnpm test	2026-10-04T10:23:45.2817445Z ✔ a manifest carrying a reserved prototype key is refused at unify (0.4096ms)
gateway-web	Run pnpm test	2026-10-04T10:23:45.2818331Z ✔ heartbeat freshness is measured in one unit, whatever the clock returns (0.4367ms)
gateway-web	Run pnpm test	2026-10-04T10:23:45.2818794Z ✔ a heartbeat cannot resurrect a process that was killed (0.6573ms)
gateway-web	Run pnpm test	2026-10-04T10:23:45.2819324Z ✔ start persists the mediated intersection and bounds the spawn request (0.5595ms)
gateway-web	Run pnpm test	2026-10-04T10:23:45.2819870Z ✔ one adapter producing un-copyable output cannot stop the others loading (0.3647ms)
gateway-web	Run pnpm test	2026-10-04T10:23:45.2820333Z ✔ a connector entry reference is confined to its own root (0.3815ms)
gateway-web	Run pnpm test	2026-10-04T10:23:45.2820828Z ✔ one canonical job is observed by Web and Android without duplicate execution (5.6074ms)
gateway-web	Run pnpm test	2026-10-04T10:23:45.2821304Z ✔ the interaction device may differ from the execution device (0.6655ms)
gateway-web	Run pnpm test	2026-10-04T10:23:45.2821801Z ✔ remote fallback requires explicit approval and local allowed work stays local (1.3447ms)
gateway-web	Run pnpm test	2026-10-04T10:23:45.2822374Z ✔ attention comes from shared state and one acknowledgement reconciles every projection (1.676ms)
gateway-web	Run pnpm test	2026-10-04T10:23:45.2822894Z ✔ user-visible success comes only from a terminal accepted result (1.3154ms)
gateway-web	Run pnpm test	2026-10-04T10:23:45.2823601Z ✔ advanced provenance exposes identifiers without leaking secrets, and the surface is strict (2.0605ms)
gateway-web	Run pnpm test	2026-10-04T10:23:45.2824235Z ✔ the surface policy cannot be used to switch the canonical binding or the attention source off (0.407ms)
gateway-web	Run pnpm test	2026-10-04T10:23:45.2824779Z ✔ an impossible instant is refused everywhere it could become evidence (0.4111ms)
gateway-web	Run pnpm test	2026-10-04T10:23:45.2825284Z ✔ a hidden, symbol-keyed or header-shaped secret is still secret material (0.6905ms)
gateway-web	Run pnpm test	2026-10-04T10:23:45.2825754Z ✔ a cancelled job is finished even though it carries no result (0.5861ms)
gateway-web	Run pnpm test	2026-10-04T10:23:45.2826200Z ✔ control authority is bound to the job, not to whoever calls (0.3536ms)
gateway-web	Run pnpm test	2026-10-04T10:23:45.2826691Z ✔ a retry re-queues failed work only and never revives or duplicates execution (0.4376ms)
gateway-web	Run pnpm test	2026-10-04T10:23:45.2827271Z ✔ the first terminal result is the job truth and malformed artifacts are refused, not dropped (0.4859ms)
gateway-web	Run pnpm test	2026-10-04T10:23:45.2827791Z ✔ an attention-required backend is not rendered as success (0.4182ms)
gateway-web	Run pnpm test	2026-10-04T10:23:45.2828275Z ✔ the surface reports the execution device it was given and never invents one (0.2316ms)
gateway-web	Run pnpm test	2026-10-04T10:23:45.2828802Z ✔ owner and executor separation is about the owner and the executor connector (0.2199ms)
gateway-web	Run pnpm test	2026-10-04T10:23:45.2829304Z ✔ canonical refs are unique across surfaces in one process (0.2807ms)
gateway-web	Run pnpm test	2026-10-04T10:23:45.2829892Z ✔ an attention acknowledgement records the subject it answers and the read views are frozen (0.6021ms)
gateway-web	Run pnpm test	2026-10-04T10:23:45.2830493Z ✔ a finished job is not re-opened for attention and an answered question is not reset (1.0733ms)
gateway-web	Run pnpm test	2026-10-04T10:23:45.2831105Z ✔ a blocking canonical question gates progress and resume (0.4ms)
gateway-web	Run pnpm test	2026-10-04T10:23:45.2831574Z ✔ attention and approvals answer only to devices connected to the job (0.4297ms)
gateway-web	Run pnpm test	2026-10-04T10:23:45.2832068Z ✔ an object is not a provenance reference, and a nested payload is refused (0.4815ms)
gateway-web	Run pnpm test	2026-10-04T10:23:45.2832535Z ✔ the secret scan reads maps, sets and records it cannot read (0.203ms)
gateway-web	Run pnpm test	2026-10-04T10:23:45.2833058Z ✔ a lease belongs to one job and a shared task core confirms the binding when one is wired in (0.5115ms)
gateway-web	Run pnpm test	2026-10-04T10:23:45.2833701Z ✔ a result that is not a success is not accepted as one, and an uncloneable artifact is a typed refusal (0.3995ms)
gateway-web	Run pnpm test	2026-10-04T10:23:45.2834332Z ✔ the surface names where control came from and scopes its structural claims (0.1717ms)
gateway-web	Run pnpm test	2026-10-04T10:23:45.2834942Z ✔ a DAG is validated and only dependency-satisfied work is runnable (6.6219ms)
gateway-web	Run pnpm test	2026-10-04T10:23:45.2835505Z ✔ two writers cannot hold the same protected scope at once, and conflicts are reported not merged (0.9975ms)
gateway-web	Run pnpm test	2026-10-04T10:23:45.2836126Z ✔ resource pressure scales workers down and pauses new work without failing completed work (0.8294ms)
gateway-web	Run pnpm test	2026-10-04T10:23:45.2836662Z ✔ one-worker serial mode uses the same lifecycle and acceptance path (0.6096ms)
gateway-web	Run pnpm test	2026-10-04T10:23:45.2837219Z ✔ bounded retry and reassignment never duplicate a terminal result or an external effect (1.3865ms)
gateway-web	Run pnpm test	2026-10-04T10:23:45.2837972Z ✔ worker selection is capability and placement based with no provider-name branching (0.6947ms)
gateway-web	Run pnpm test	2026-10-04T10:23:45.2838684Z ✔ a controlled restart keeps completed work and never resumes stale state as success (1.8775ms)
gateway-web	Run pnpm test	2026-10-04T10:23:45.2839214Z ✔ a terminal result is immutable against late and out-of-order reports (0.7252ms)
gateway-web	Run pnpm test	2026-10-04T10:23:45.2839663Z ✔ a stall or crash report cannot re-open completed work (0.5356ms)
gateway-web	Run pnpm test	2026-10-04T10:23:45.2840297Z ✔ the attempt budget is a bound at dispatch, not only in the stall path (0.6552ms)
gateway-web	Run pnpm test	2026-10-04T10:23:45.2841094Z ✔ a running node cannot be dispatched twice into two concurrent attempts (0.5339ms)
gateway-web	Run pnpm test	2026-10-04T10:23:45.2841615Z ✔ a named worker is a choice, not a bypass of capability, readiness or capacity (0.841ms)
gateway-web	Run pnpm test	2026-10-04T10:23:45.2842068Z ✔ every foreman bound is validated rather than trusted (0.5693ms)
gateway-web	Run pnpm test	2026-10-04T10:23:45.2843086Z ✔ a worker with running attempts cannot be re-registered (0.5065ms)
gateway-web	Run pnpm test	2026-10-04T10:23:45.2843484Z ✔ a node declaration is validated where it is used (0.5846ms)
gateway-web	Run pnpm test	2026-10-04T10:23:45.2843956Z ✔ a refused resume leaves the live queue intact, and a cyclic entry cannot overflow (0.5281ms)
gateway-web	Run pnpm test	2026-10-04T10:23:45.2844445Z ✔ an uninterpretable instant is refused rather than recorded (0.684ms)
gateway-web	Run pnpm test	2026-10-04T10:23:45.2844872Z ✔ a handover or a cancel releases the worker slot it abandons (1.114ms)
gateway-web	Run pnpm test	2026-10-04T10:23:45.2845383Z ✔ a restart keeps the completed-effect memory and a dependency list must be readable (0.6559ms)
gateway-web	Run pnpm test	2026-10-04T10:23:45.2845885Z ✔ a node no worker can staff is reported instead of vanishing (0.7292ms)
gateway-web	Run pnpm test	2026-10-04T10:23:45.2846345Z ✔ a declaration the module cannot clone is a typed refusal, not a crash (0.369ms)
gateway-web	Run pnpm test	2026-10-04T10:23:45.2846877Z ✔ an autonomous job needs an objective and bounded constraints, not an operation list (4.2332ms)
gateway-web	Run pnpm test	2026-10-04T10:23:45.2847444Z ✔ a scripted job without an executable specification is refused honestly, not admitted (0.4917ms)
gateway-web	Run pnpm test	2026-10-04T10:23:45.2847959Z ✔ the job envelope is strict about route, vocabulary and secrets (0.9265ms)
gateway-web	Run pnpm test	2026-10-04T10:23:45.2848402Z ✔ a partial or progress event can never mark a job terminal (0.918ms)
gateway-web	Run pnpm test	2026-10-04T10:23:45.2848870Z ✔ late, duplicate and out-of-order events are deterministic and idempotent (2.2386ms)
gateway-web	Run pnpm test	2026-10-04T10:23:45.2849407Z ✔ a terminal result is final and cannot be resurrected by replay (1.8061ms)
gateway-web	Run pnpm test	2026-10-04T10:23:45.2849901Z ✔ a result must be honest: success needs acceptance, and versions must line up (0.767ms)
gateway-web	Run pnpm test	2026-10-04T10:23:45.2850404Z ✔ artifact references preserve job, device and connector provenance (0.8819ms)
gateway-web	Run pnpm test	2026-10-04T10:23:45.2850888Z ✔ the protocol publishes its guarantees and stays transport neutral (0.4525ms)
gateway-web	Run pnpm test	2026-10-04T10:23:45.2851384Z ✔ unknown fields are refused even when named after Object.prototype members (1.9971ms)
gateway-web	Run pnpm test	2026-10-04T10:23:45.2851919Z ✔ a job record cannot be born terminal, and success is only reached through a result (0.9341ms)
gateway-web	Run pnpm test	2026-10-04T10:23:45.2852430Z ✔ an event from a superseded job version never acts on the current job (0.5945ms)
gateway-web	Run pnpm test	2026-10-04T10:23:45.2852879Z ✔ a replayed result is recognised by its content, not by its ref (0.7555ms)
gateway-web	Run pnpm test	2026-10-04T10:23:45.2853319Z ✔ a replayed artifact is recognised by its content and digest (0.5226ms)
gateway-web	Run pnpm test	2026-10-04T10:23:45.2853740Z ✔ a malformed batch is refused with a typed contract error (0.4896ms)
gateway-web	Run pnpm test	2026-10-04T10:23:45.2854293Z ✔ an ignored duplicate is recorded on the record, once, and stays idempotent (0.646ms)
gateway-web	Run pnpm test	2026-10-04T10:23:45.2854792Z ✔ a calendar-impossible instant is refused, not merely shape-checked (0.7632ms)
gateway-web	Run pnpm test	2026-10-04T10:23:45.2855294Z ✔ a terminal announcement without a result is completed by the honest result (1.0025ms)
gateway-web	Run pnpm test	2026-10-04T10:23:45.2855772Z ✔ the job record is immutable at every level, not only at the top (1.1452ms)
gateway-web	Run pnpm test	2026-10-04T10:23:45.2856208Z ✔ a non-enumerable own out-of-contract field is refused too (0.425ms)
gateway-web	Run pnpm test	2026-10-04T10:23:45.2856645Z ✔ the structured result arrays are bounded like their siblings (22.094ms)
gateway-web	Run pnpm test	2026-10-04T10:23:45.2857097Z ✔ a cyclic or over-deep envelope is refused, never a stack overflow (1.0336ms)
gateway-web	Run pnpm test	2026-10-04T10:23:45.2857622Z ✔ a provider-neutral autonomous job validates and keeps owner and executor distinct (4.2426ms)
gateway-web	Run pnpm test	2026-10-04T10:23:45.2858562Z ✔ scripted executors need explicit operations while agent modes must not carry them (1.0736ms)
gateway-web	Run pnpm test	2026-10-04T10:23:45.2859149Z ✔ unknown version, state, mode, event type or port is rejected rather than guessed (1.4805ms)
gateway-web	Run pnpm test	2026-10-04T10:23:45.2859623Z ✔ foreign routes cannot be redefined as Engineering routes (2.6478ms)
gateway-web	Run pnpm test	2026-10-04T10:23:45.2860133Z ✔ provider product names are never a route and are never required by the core contract (0.9673ms)
gateway-web	Run pnpm test	2026-10-04T10:23:45.2860611Z ✔ Codex-Boss is rejected everywhere it could be referenced (0.7598ms)
gateway-web	Run pnpm test	2026-10-04T10:23:45.2861038Z ✔ raw secrets are rejected while handle references are allowed (1.4207ms)
gateway-web	Run pnpm test	2026-10-04T10:23:45.2861838Z ✔ Engineering Manager stores only Engineering execution state (1.6965ms)
gateway-web	Run pnpm test	2026-10-04T10:23:45.2862469Z ✔ canonical events are typed and validated (0.5765ms)
gateway-web	Run pnpm test	2026-10-04T10:23:45.2863240Z ✔ one attention event projects to the current plus recent devices and rings once (1.3404ms)
gateway-web	Run pnpm test	2026-10-04T10:23:45.2864162Z ✔ first attention acknowledgement closes the epoch globally and never rings again (0.8472ms)
gateway-web	Run pnpm test	2026-10-04T10:23:45.2864690Z ✔ reconnect and duplicate delivery do not re-ring an attention epoch (0.6213ms)
gateway-web	Run pnpm test	2026-10-04T10:23:45.2865282Z ✔ a result cannot report success on a typed blocker, without acceptance or with failing tests (0.5594ms)
gateway-web	Run pnpm test	2026-10-04T10:23:45.2865843Z ✔ ports are versioned, replacement-safe and refuse non-conforming subjects (0.7509ms)
gateway-web	Run pnpm test	2026-10-04T10:23:45.2866377Z ✔ a deterministic connector double runs a scripted job without a real provider (0.973ms)
gateway-web	Run pnpm test	2026-10-04T10:23:45.2866858Z ✔ duplicate submit replays instead of creating a second job (1.9801ms)
gateway-web	Run pnpm test	2026-10-04T10:23:45.2867310Z ✔ control commands check version, transition and terminal state (2.1923ms)
gateway-web	Run pnpm test	2026-10-04T10:23:45.2867803Z ✔ results are idempotent and cannot overwrite or resurrect a terminal job (2.654ms)
gateway-web	Run pnpm test	2026-10-04T10:23:45.2868728Z ✔ canonical job identity survives restart/reconnect and rejects incompatible replay (1.0638ms)
gateway-web	Run pnpm test	2026-10-04T10:23:45.2869647Z ✔ remote fallback is measured, user-approved and preserves the logical owner (2.9311ms)
gateway-web	Run pnpm test	2026-10-04T10:23:45.2870651Z ✔ canonical serialization is order-independent and the schema matches the runtime contract (0.9951ms)
gateway-web	Run pnpm test	2026-10-04T10:23:45.2871518Z ✔ contract error type carries a stable code and status (0.1108ms)
gateway-web	Run pnpm test	2026-10-04T10:23:45.2872329Z ✔ a secret-shaped field is refused in its plural and camelCase spellings too (0.3102ms)
gateway-web	Run pnpm test	2026-10-04T10:23:45.2873200Z ✔ foreign canonical state is refused in camelCase and separator variants (0.175ms)
gateway-web	Run pnpm test	2026-10-04T10:23:45.2874024Z ✔ reserved prototype keys are refused at every depth of an owned state (0.3805ms)
gateway-web	Run pnpm test	2026-10-04T10:23:45.2874965Z ✔ an envelope refuses a reserved prototype key, so a wire payload cannot smuggle one (0.2385ms)
gateway-web	Run pnpm test	2026-10-04T10:23:45.2875853Z ✔ a codex-boss reference is caught however its separators are spelled (0.1509ms)
gateway-web	Run pnpm test	2026-10-04T10:23:45.2876691Z ✔ provider product names are caught however their separators are spelled (0.0896ms)
gateway-web	Run pnpm test	2026-10-04T10:23:45.2877536Z ✔ an absent field and an explicitly null field have different digests (0.1157ms)
gateway-web	Run pnpm test	2026-10-04T10:23:45.2879035Z ✔ the published schema states the normalisation and reserved-key rules the runtime enforces (0.4539ms)
gateway-web	Run pnpm test	2026-10-04T10:23:45.2880284Z ✔ a healthy local host is used, with local concurrency as the answer (2.0119ms)
gateway-web	Run pnpm test	2026-10-04T10:23:45.2881078Z ✔ resource pressure reduces local concurrency before any remote fallback (0.7236ms)
gateway-web	Run pnpm test	2026-10-04T10:23:45.2881987Z ✔ a protected foreground workload blocks the local host rather than displacing the user (0.2481ms)
gateway-web	Run pnpm test	2026-10-04T10:23:45.2882891Z ✔ an unmeasurable local host is unavailable, never assumed free (0.3949ms)
gateway-web	Run pnpm test	2026-10-04T10:23:45.2883699Z ✔ a faster or less loaded remote host alone never triggers fallback (1.0429ms)
gateway-web	Run pnpm test	2026-10-04T10:23:45.2884233Z ✔ remote fallback needs a measured reason and explicit user approval (0.8131ms)
gateway-web	Run pnpm test	2026-10-04T10:23:45.2884755Z ✔ candidates are ranked by capability fit, only after fallback is justified (9.0286ms)
gateway-web	Run pnpm test	2026-10-04T10:23:45.2885280Z ✔ a remote dispatch requires a recorded local attempt first (0.4843ms)
gateway-web	Run pnpm test	2026-10-04T10:23:45.2885832Z ✔ a measurement is a strict own-property record (0.9055ms)
gateway-web	Run pnpm test	2026-10-04T10:23:45.2886283Z ✔ a measured GPU load is used, and a contradictory worker count is unavailable (0.6057ms)
gateway-web	Run pnpm test	2026-10-04T10:23:45.2886723Z ✔ only a justified fallback proposal can be approved (0.6542ms)
gateway-web	Run pnpm test	2026-10-04T10:23:45.2887276Z ✔ both reference connectors register and resolve generically, with no provider branches in the core (2.7884ms)
gateway-web	Run pnpm test	2026-10-04T10:23:45.2887850Z ✔ installed, uninstalled and auth-required states are probed honestly (2.2759ms)
gateway-web	Run pnpm test	2026-10-04T10:23:45.2888487Z ✔ one canonical job id is preserved while backend ids stay provenance (1.1858ms)
gateway-web	Run pnpm test	2026-10-04T10:23:45.2888991Z ✔ unsupported operations become typed states instead of silence or success (0.7653ms)
gateway-web	Run pnpm test	2026-10-04T10:23:45.2889588Z ✔ an unknown outcome is never reported as success, and retries do not duplicate (0.7346ms)
gateway-web	Run pnpm test	2026-10-04T10:23:45.2890127Z ✔ component-stage acceptance is only claimed with genuine real-host evidence (0.5336ms)
gateway-web	Run pnpm test	2026-10-04T10:23:45.2890664Z ✔ the connector contract is strict, frozen and independent of ambient state (0.6712ms)
gateway-web	Run pnpm test	2026-10-04T10:23:45.2891154Z ✔ component acceptance needs a real terminal state, not an assumed one (0.395ms)
gateway-web	Run pnpm test	2026-10-04T10:23:45.2891613Z ✔ a submit the backend refused is never reported as submitted (0.4689ms)
gateway-web	Run pnpm test	2026-10-04T10:23:45.2892036Z ✔ a control the backend refused does not close the session (0.6128ms)
gateway-web	Run pnpm test	2026-10-04T10:23:45.2892418Z ✔ an unreadable event stream is not an empty one (0.4197ms)
gateway-web	Run pnpm test	2026-10-04T10:23:45.2892809Z ✔ a result about another backend run is not this job outcome (0.3654ms)
gateway-web	Run pnpm test	2026-10-04T10:23:45.2893199Z ✔ a session the backend refused is not created (0.4137ms)
gateway-web	Run pnpm test	2026-10-04T10:23:45.2893587Z ✔ an uninterpretable instant is refused rather than recorded (0.3419ms)
gateway-web	Run pnpm test	2026-10-04T10:23:45.2894035Z ✔ acceptance is not claimed for a product this host did not install (0.3503ms)
gateway-web	Run pnpm test	2026-10-04T10:23:45.2894436Z ✔ a closed session is not reported as live work (0.2254ms)
gateway-web	Run pnpm test	2026-10-04T10:23:45.2894920Z ✔ the canonical job id addresses control, events and result, and backend refs come back (0.4443ms)
gateway-web	Run pnpm test	2026-10-04T10:23:45.2895502Z ✔ one logical action key executes the backend once, even after a cancel and re-attach (0.2316ms)
gateway-web	Run pnpm test	2026-10-04T10:23:45.2896010Z ✔ a connector kind is an own key, and a crashing probe degrades honestly (0.4203ms)
gateway-web	Run pnpm test	2026-10-04T10:23:45.2896564Z ✔ the registry refuses an under-specified connector and derives its emulated count (0.3209ms)
gateway-web	Run pnpm test	2026-10-04T10:23:45.2897375Z ✔ one connector kind may have two distinct instances (14.6999ms)
gateway-web	Run pnpm test	2026-10-04T10:23:45.2897823Z ✔ stale probe data is visible as stale and never silently healthy (1.0386ms)
gateway-web	Run pnpm test	2026-10-04T10:23:45.2898240Z ✔ auth READY is never inferred from a live process (0.4911ms)
gateway-web	Run pnpm test	2026-10-04T10:23:45.2898641Z ✔ a capability mismatch is a typed refusal before execution (0.5622ms)
gateway-web	Run pnpm test	2026-10-04T10:23:45.2899050Z ✔ the registry survives a probe that throws or times out (1.482ms)
gateway-web	Run pnpm test	2026-10-04T10:23:45.2899499Z ✔ registry records refuse raw credential material and keep handles only (0.8926ms)
gateway-web	Run pnpm test	2026-10-04T10:23:45.2900122Z ✔ records are strict, and eligibility reports fit without choosing a host (1.4093ms)
gateway-web	Run pnpm test	2026-10-04T10:23:45.2900645Z ✔ unknown fields are refused even when named after Object.prototype members (1.9803ms)
gateway-web	Run pnpm test	2026-10-04T10:23:45.2901120Z ✔ a future-dated probe is never fresh, and never silently usable (0.8368ms)
gateway-web	Run pnpm test	2026-10-04T10:23:45.2901553Z ✔ the typed refusal names the blocker that actually applies (0.4808ms)
gateway-web	Run pnpm test	2026-10-04T10:23:45.2901972Z ✔ the auditable snapshot cannot be rewritten by its reader (1.2017ms)
gateway-web	Run pnpm test	2026-10-04T10:23:45.2902429Z ✔ a partial probe update leaves the fields it does not mention alone (0.7932ms)
gateway-web	Run pnpm test	2026-10-04T10:23:45.2902875Z ✔ a raw credential is refused by value as well as by key name (0.7069ms)
gateway-web	Run pnpm test	2026-10-04T10:23:45.2903312Z ✔ a cyclic or over-deep record is refused, never a stack overflow (0.6742ms)
gateway-web	Run pnpm test	2026-10-04T10:23:45.2903773Z ✔ a calendar-impossible instant is refused, not merely shape-checked (0.2647ms)
gateway-web	Run pnpm test	2026-10-04T10:23:45.2904201Z ✔ a probe cannot claim to stay current indefinitely (0.3008ms)
gateway-web	Run pnpm test	2026-10-04T10:23:45.2904606Z ✔ a failed probe is visible on the instance and blocks dispatch (1.0063ms)
gateway-web	Run pnpm test	2026-10-04T10:23:45.2905071Z ✔ a probe that reports not-installed cannot be a running, usable worker (0.1525ms)
gateway-web	Run pnpm test	2026-10-04T10:23:45.2905530Z ✔ an exempted reference field must still look like a reference (0.7129ms)
gateway-web	Run pnpm test	2026-10-04T10:23:45.2905913Z ✔ the evidence source travels with the answer (0.1616ms)
gateway-web	Run pnpm test	2026-10-04T10:23:45.2906322Z ✔ a remote dispatch needs an approved proposal and an eligible host (2.6728ms)
gateway-web	Run pnpm test	2026-10-04T10:23:45.2906941Z ✔ every channel returns to the current interaction surface, not to the execution device (1.3307ms)
gateway-web	Run pnpm test	2026-10-04T10:23:45.2907465Z ✔ the control plane follows the user when they move to another surface (0.5192ms)
gateway-web	Run pnpm test	2026-10-04T10:23:45.2907958Z ✔ stale and duplicate remote events are reconciled instead of re-applied (0.9572ms)
gateway-web	Run pnpm test	2026-10-04T10:23:45.2908431Z ✔ control is forwarded from any authorised device and applied once (0.7097ms)
gateway-web	Run pnpm test	2026-10-04T10:23:45.2908917Z ✔ a hardware-bound action is a typed blocker, never a fabricated success (0.3295ms)
gateway-web	Run pnpm test	2026-10-04T10:23:45.2909464Z ✔ context is staged semantically, and the port contract owns trust and transport elsewhere (0.4722ms)
gateway-web	Run pnpm test	2026-10-04T10:23:45.2910039Z ✔ the return path can only move onto a surface this module resolved for the same owner (0.3876ms)
gateway-web	Run pnpm test	2026-10-04T10:23:45.2910559Z ✔ a dispatch validates the executor reference and the capability list (0.4688ms)
gateway-web	Run pnpm test	2026-10-04T10:23:45.2911042Z ✔ the bridge itself refuses a second dispatch and keeps the run ledger (0.5055ms)
gateway-web	Run pnpm test	2026-10-04T10:23:45.2911489Z ✔ an execution port that refuses is never reported as success (0.4843ms)
gateway-web	Run pnpm test	2026-10-04T10:23:45.2911968Z ✔ an attention reply reaches the originating worker through the respond path (0.5354ms)
gateway-web	Run pnpm test	2026-10-04T10:23:45.2912508Z ✔ a control command without an idempotency key is refused rather than swallowed (0.3832ms)
gateway-web	Run pnpm test	2026-10-04T10:23:45.2913042Z ✔ an untransferable remote payload is refused without consuming its sequence (0.3471ms)
gateway-web	Run pnpm test	2026-10-04T10:23:45.2913545Z ✔ a physical-action block is observable and blocks a fabricated success (0.3343ms)
gateway-web	Run pnpm test	2026-10-04T10:23:45.2914008Z ✔ recording instants are validated rather than stored as given (0.4008ms)
gateway-web	Run pnpm test	2026-10-04T10:23:45.2914459Z ✔ the approval gate reads the proposal itself, not its prototype (0.2885ms)
gateway-web	Run pnpm test	2026-10-04T10:23:45.2914909Z ✔ a refused replay does not move where the run returns are delivered (0.2469ms)
gateway-web	Run pnpm test	2026-10-04T10:23:45.2915330Z ✔ an envelope field is validated and used exactly once (0.342ms)
gateway-web	Run pnpm test	2026-10-04T10:23:45.2915728Z ✔ a device field is validated and projected exactly once (0.1691ms)
gateway-web	Run pnpm test	2026-10-04T10:23:45.2916180Z ✔ context staging enforces the bound and the cleanup policy it advertises (0.363ms)
gateway-web	Run pnpm test	2026-10-04T10:23:45.2916652Z ✔ a return that reaches nobody is not normal remote-free operation (0.2882ms)
gateway-web	Run pnpm test	2026-10-04T10:23:45.2917332Z ✔ a surface is resolved only from devices belonging to that owner (0.1572ms)
gateway-web	Run pnpm test	2026-10-04T10:23:45.2918000Z ✔ authority is split: the monitor senses, the supervisor restarts, and neither can do the other (3.3638ms)
gateway-web	Run pnpm test	2026-10-04T10:23:45.2918472Z ✔ a stale or reused pid is never signalled (1.3631ms)
gateway-web	Run pnpm test	2026-10-04T10:23:45.2918867Z ✔ the restart budget ends in safe mode instead of an infinite loop (1.501ms)
gateway-web	Run pnpm test	2026-10-04T10:23:45.2919332Z ✔ resume happens only after a checkpoint and a readiness confirmation (1.0274ms)
gateway-web	Run pnpm test	2026-10-04T10:23:45.2919748Z ✔ a terminal job does not resurrect after recovery (0.4197ms)
gateway-web	Run pnpm test	2026-10-04T10:23:45.2920164Z ✔ one crashed connector never terminates unrelated connectors (0.6841ms)
gateway-web	Run pnpm test	2026-10-04T10:23:45.2920622Z ✔ the contract is strict, frozen, and honest about stale observations (0.8ms)
gateway-web	Run pnpm test	2026-10-04T10:23:45.2921115Z ✔ pressure is the evidence the monitor recorded, not a copy the caller supplies (0.269ms)
gateway-web	Run pnpm test	2026-10-04T10:23:45.2921555Z ✔ a policy bound that can be switched off is refused (0.7098ms)
gateway-web	Run pnpm test	2026-10-04T10:23:45.2922045Z ✔ an uninterpretable instant cannot make stale evidence fresh or release the cooldown (0.6867ms)
gateway-web	Run pnpm test	2026-10-04T10:23:45.2922616Z ✔ a throwing readiness or process hook is a typed outcome, not a half-applied restart (0.5358ms)
gateway-web	Run pnpm test	2026-10-04T10:23:45.2923035Z ✔ an absent confidence is no confidence (0.1981ms)
gateway-web	Run pnpm test	2026-10-04T10:23:45.2923422Z ✔ a caller structure that points at itself is refused, not fatal (0.4645ms)
gateway-web	Run pnpm test	2026-10-04T10:23:45.2923851Z ✔ a malformed active entry is reported rather than dropped (0.2191ms)
gateway-web	Run pnpm test	2026-10-04T10:23:45.2924277Z ✔ a minted decision is authority for one instance and one restart (0.4541ms)
gateway-web	Run pnpm test	2026-10-04T10:23:45.2924840Z ✔ an unrecordable port answer is not an untyped failure after a real restart (0.3684ms)
gateway-web	Run pnpm test	2026-10-04T10:23:45.2925354Z ✔ a readiness answer about another instance or checkpoint is not this resume (0.5602ms)
gateway-web	Run pnpm test	2026-10-04T10:23:45.2925825Z ✔ supervise refuses a malformed set instead of failing part-way (0.2784ms)
gateway-web	Run pnpm test	2026-10-04T10:23:45.2926314Z ✔ host-pass: the original contract still works and is labelled HOST_PASS (135.5016ms)
gateway-web	Run pnpm test	2026-10-04T10:23:45.2926861Z ✔ owner-override: an Owner ruling over a real blocker produces a VERIFIED episode (115.6656ms)
gateway-web	Run pnpm test	2026-10-04T10:23:45.2927322Z ✔ owner-override without a migration blocker fails (120.9936ms)
gateway-web	Run pnpm test	2026-10-04T10:23:45.2927726Z ✔ owner-override without an owner ruling argument fails (95.8243ms)
gateway-web	Run pnpm test	2026-10-04T10:23:45.2928173Z ✔ owner-override whose intervention does not cite the ruling fails (120.682ms)
gateway-web	Run pnpm test	2026-10-04T10:23:45.2928586Z ✔ owner-override without a verifier finding fails (85.6709ms)
gateway-web	Run pnpm test	2026-10-04T10:23:45.2929021Z ✔ owner-override whose verifier finding precedes the blocker fails (122.0057ms)
gateway-web	Run pnpm test	2026-10-04T10:23:45.2929453Z ✔ a final CI that is not PASS fails in owner-override too (92.2654ms)
gateway-web	Run pnpm test	2026-10-04T10:23:45.2929808Z ✔ the same host for both roles fails (160.2703ms)
gateway-web	Run pnpm test	2026-10-04T10:23:45.2930191Z ✔ an inbox that already has a host PASS cannot use owner-override (81.7234ms)
gateway-web	Run pnpm test	2026-10-04T10:23:45.2931131Z ✔ --owner-ruling is rejected in host-pass mode (71.3272ms)
gateway-web	Run pnpm test	2026-10-04T10:23:45.2931759Z ✔ owner-waived host separation: an Owner ruling lets the migration host finish verification (81.8029ms)
gateway-web	Run pnpm test	2026-10-04T10:23:45.2932238Z ✔ a strict episode records hostSeparation STRICT (89.4567ms)
gateway-web	Run pnpm test	2026-10-04T10:23:45.2932599Z ✔ owner-waived without --completing-host fails (184.309ms)
gateway-web	Run pnpm test	2026-10-04T10:23:45.2951715Z ✔ owner-waived without --owner-ruling fails (59.7224ms)
gateway-web	Run pnpm test	2026-10-04T10:23:45.2952242Z ✔ owner-waived whose completing host produced no verification events fails (194.3385ms)
gateway-web	Run pnpm test	2026-10-04T10:23:45.2952715Z ✔ owner-waived whose record cites no ruling fails (202.0683ms)
gateway-web	Run pnpm test	2026-10-04T10:23:45.2953223Z ✔ owner-waived is refused when the completing host is already the verification host (112.8466ms)
gateway-web	Run pnpm test	2026-10-04T10:23:45.2953820Z ✔ owner-waived still refuses a verification event from a host that does not participate (153.8132ms)
gateway-web	Run pnpm test	2026-10-04T10:23:45.2954696Z ✔ --completing-host is rejected in strict host separation (96.7081ms)
gateway-web	Run pnpm test	2026-10-04T10:23:45.2955391Z ✔ strict host separation still refuses the same host for both roles (145.3803ms)
gateway-web	Run pnpm test	2026-10-04T10:23:45.2956175Z ✔ a finished Action is never re-opened by a later observation (1.2619ms)
gateway-web	Run pnpm test	2026-10-04T10:23:45.2956949Z ✔ an in-flight Action still follows the City task it is reporting on (0.1471ms)
gateway-web	Run pnpm test	2026-10-04T10:23:45.2958020Z ✔ the reserved GENERAL_AI route answers a typed UNAVAILABLE and never becomes a City task (1.7876ms)
gateway-web	Run pnpm test	2026-10-04T10:23:45.2958618Z ✔ a reordered idempotency key is the same request, and a different one is refused (4.5407ms)
gateway-web	Run pnpm test	2026-10-04T10:23:45.2959226Z ✔ UXI-301 feed: real telemetry becomes a load vector, and unmeasured dimensions stay missing (2.0808ms)
gateway-web	Run pnpm test	2026-10-04T10:23:45.2960032Z ✔ UXI-301 feed: disk CAPACITY is not reported as io LOAD (0.1581ms)
gateway-web	Run pnpm test	2026-10-04T10:23:45.2960478Z ✔ UXI-301 feed: the node mapping mirrors the gateway liveness truth (0.2455ms)
gateway-web	Run pnpm test	2026-10-04T10:23:45.2961097Z ✔ UXI-391: the candidate carries an EXPLICIT enablement, and an explicit disable is honoured (1.0236ms)
gateway-web	Run pnpm test	2026-10-04T10:23:45.2961796Z ✔ UXI-301 feed: eligibility terms come from RS-202 and are all declared in the contract (0.8606ms)
gateway-web	Run pnpm test	2026-10-04T10:23:45.2962324Z ✔ UXI-301 feed: an ONLINE, healthy node must NOT present as unusable (1.3815ms)
gateway-web	Run pnpm test	2026-10-04T10:23:45.2963691Z ✔ UXI-301 feed: COMPLETED is reachable ONLY from a terminal City state (0.4743ms)
gateway-web	Run pnpm test	2026-10-04T10:23:45.2965188Z ✔ UXI-301 feed: a healthy node plus a cold one offers waiting, never a forced choice (0.2956ms)
gateway-web	Run pnpm test	2026-10-04T10:23:45.2966229Z ✔ UXI-301 feed: a structurally refused fleet DOES demand a choice and withholds waiting (0.3663ms)
gateway-web	Run pnpm test	2026-10-04T10:23:45.2967105Z ✔ UXI-301 feed: the producer rejects malformed input rather than guessing (0.5808ms)
gateway-web	Run pnpm test	2026-10-04T10:23:45.2968011Z ✔ UXI-301 feed: the feed is versioned, lists its candidates, and hides finished work by default (0.5154ms)
gateway-web	Run pnpm test	2026-10-04T10:23:45.2968976Z ✔ UXI-301 feed: termsInUse reports only declared terms, so a UI can preload copy (0.2906ms)
gateway-web	Run pnpm test	2026-10-04T10:23:45.2970455Z ✔ UXI-301 feed: an empty City produces an empty feed rather than a fabricated status (0.1024ms)
gateway-web	Run pnpm test	2026-10-04T10:23:45.2971484Z ✔ UXI-301 feed: a node already running OTHER work reports real capacity pressure (0.2698ms)
gateway-web	Run pnpm test	2026-10-04T10:23:45.2973297Z ✔ UXI-301 feed: capacity pressure clears once the other work finishes (0.2469ms)
gateway-web	Run pnpm test	2026-10-04T10:23:45.2974238Z ✔ UXI-301 feed: two busy nodes and one free node is reported truthfully per node (0.2758ms)
gateway-web	Run pnpm test	2026-10-04T10:23:45.2975133Z ✔ versioned authenticated gateway rejects unsafe commands and persists history (98.4199ms)
gateway-web	Run pnpm test	2026-10-04T10:23:45.2976278Z ✔ the post-restart resume decision is owned by the migrated checkpoint gate (28.7751ms)
gateway-web	Run pnpm test	2026-10-04T10:23:45.2978326Z ✔ the gateway places work on exactly the nodes its own policy and the Core both accept (1244.2466ms)
gateway-web	Run pnpm test	2026-10-04T10:23:45.2978932Z ✔ an interrupted task is never falsified as success across a gateway restart (26.2937ms)
gateway-web	Run pnpm test	2026-10-04T10:23:45.2979451Z ✔ no API network call happens before consent and budget admission (3.7746ms)
gateway-web	Run pnpm test	2026-10-04T10:23:45.2980877Z ✔ a Web failure proposes API but never grants it, and budget does not stand in for consent (1.0846ms)
gateway-web	Run pnpm test	2026-10-04T10:23:45.2982521Z ✔ rate limit, auth and provider faults stay typed and never look like success (1.5951ms)
gateway-web	Run pnpm test	2026-10-04T10:23:45.2983370Z ✔ usage the provider did not report stays unknown, never zero (0.6515ms)
gateway-web	Run pnpm test	2026-10-04T10:23:45.2984819Z ✔ streaming is supported only where the adapter says so, and secrets never reach provenance (0.7188ms)
gateway-web	Run pnpm test	2026-10-04T10:23:45.2985394Z ✔ channel state stays isolated, frozen and free of ambient behaviour (0.4419ms)
gateway-web	Run pnpm test	2026-10-04T10:23:45.2985918Z ✔ budget policy limits must be real numbers, so the second gate cannot vanish (0.4857ms)
gateway-web	Run pnpm test	2026-10-04T10:23:45.2986356Z ✔ provider usage that is negative is not usage (0.1393ms)
gateway-web	Run pnpm test	2026-10-04T10:23:45.2986776Z ✔ secrets are found and redacted however they are hidden (0.3338ms)
gateway-web	Run pnpm test	2026-10-04T10:23:45.2987251Z ✔ an admitted call with no usable adapter is a typed refusal, not a crash (0.3894ms)
gateway-web	Run pnpm test	2026-10-04T10:23:45.2987827Z ✔ the budget result does not claim knowledge it does not have (0.5577ms)
gateway-web	Run pnpm test	2026-10-04T10:23:45.2988462Z ✔ one conversation continues while backend thread, provider and device metadata change (4.2388ms)
gateway-web	Run pnpm test	2026-10-04T10:23:45.2989334Z ✔ backend thread loss is reported and never becomes a silent false continuation (1.5132ms)
gateway-web	Run pnpm test	2026-10-04T10:23:45.2990084Z ✔ InputBundle enforces bounds, media type, digest and provenance (1.7308ms)
gateway-web	Run pnpm test	2026-10-04T10:23:45.2995918Z ✔ temporary staging metadata always carries an explicit cleanup policy (1.4372ms)
gateway-web	Run pnpm test	2026-10-04T10:23:45.2997141Z ✔ partial events are ordered, versioned and never terminal, and RF envelopes stay non-canonical (0.886ms)
gateway-web	Run pnpm test	2026-10-04T10:23:45.2999390Z ✔ cancellation is idempotent, works across channel changes, and reconciles late results (0.7397ms)
gateway-web	Run pnpm test	2026-10-04T10:23:45.3000656Z ✔ the conversation contract is closed, frozen and identity-independent (0.6742ms)
gateway-web	Run pnpm test	2026-10-04T10:23:45.3001488Z ✔ the canonical contract allow-list is decided by own keys (0.4368ms)
gateway-web	Run pnpm test	2026-10-04T10:23:45.3002364Z ✔ the conversation policy is a bound, and a non-boolean cannot disable verification (0.5521ms)
gateway-web	Run pnpm test	2026-10-04T10:23:45.3003165Z ✔ a cyclic caller value cannot crash the freezer, and attachments are canonical records (0.5786ms)
gateway-web	Run pnpm test	2026-10-04T10:23:45.3004033Z ✔ a malformed caller instant is refused as a typed error (0.6025ms)
gateway-web	Run pnpm test	2026-10-04T10:23:45.3004735Z ✔ a settled turn cannot accept further transport data (0.4751ms)
gateway-web	Run pnpm test	2026-10-04T10:23:45.3006352Z ✔ a refused call leaves no partial write and no poisoned projection (0.3799ms)
gateway-web	Run pnpm test	2026-10-04T10:23:45.3007114Z ✔ each late result is reconciled under its own reference (0.3951ms)
gateway-web	Run pnpm test	2026-10-04T10:23:45.3007872Z ✔ the published stream carries cancellation and a conversation-level order (0.4179ms)
gateway-web	Run pnpm test	2026-10-04T10:23:45.3008550Z ✔ every free-text field is bounded (0.4833ms)
gateway-web	Run pnpm test	2026-10-04T10:23:45.3009190Z ✔ the staging cleanup deadline is a decision, not decoration (0.4808ms)
gateway-web	Run pnpm test	2026-10-04T10:23:45.3010004Z ✔ GENERAL_AI is reserved as a user-level route and the legacy routes are untouched (1.4484ms)
gateway-web	Run pnpm test	2026-10-04T10:23:45.3010901Z ✔ a historical product name is not a route, and an unknown route is refused not guessed (0.2318ms)
gateway-web	Run pnpm test	2026-10-04T10:23:45.3011712Z ✔ the gateway route vocabulary is exactly the contract vocabulary (0.153ms)
gateway-web	Run pnpm test	2026-10-04T10:23:45.3012436Z ✔ a canonical general-AI request validates and keeps typed backend references (1.6401ms)
gateway-web	Run pnpm test	2026-10-04T10:23:45.3013280Z ✔ unknown version, channel, state and malformed input are refused (0.6743ms)
gateway-web	Run pnpm test	2026-10-04T10:23:45.3014054Z ✔ no canonical envelope may carry raw credential, cookie or token bytes (0.5753ms)
gateway-web	Run pnpm test	2026-10-04T10:23:45.3014883Z ✔ provider, model, attention, usage and proposal envelopes validate strictly (0.5053ms)
gateway-web	Run pnpm test	2026-10-04T10:23:45.3015709Z ✔ partial output cannot mark an Action terminal and terminal status is final (0.2996ms)
gateway-web	Run pnpm test	2026-10-04T10:23:45.3016615Z ✔ a partial result carries in-flight status and a result envelope carries a terminal one (0.4871ms)
gateway-web	Run pnpm test	2026-10-04T10:23:45.3018799Z ✔ an idempotency key replayed for the same request returns the first result (0.4637ms)
gateway-web	Run pnpm test	2026-10-04T10:23:45.3019613Z ✔ the same idempotency key bound to a different request is refused (0.2299ms)
gateway-web	Run pnpm test	2026-10-04T10:23:45.3020396Z ✔ a deterministic local answer never reaches a general-AI channel (0.2358ms)
gateway-web	Run pnpm test	2026-10-04T10:23:45.3021180Z ✔ Web is the default channel and JEV failure degrades instead of blocking (0.1076ms)
gateway-web	Run pnpm test	2026-10-04T10:23:45.3022037Z ✔ Web failure does not silently trigger API, and API needs explicit user consent (0.0983ms)
gateway-web	Run pnpm test	2026-10-04T10:23:45.3022889Z ✔ budget policy runs after consent and can never substitute for it (0.1074ms)
gateway-web	Run pnpm test	2026-10-04T10:23:45.3023737Z ✔ another device is proposed, never chosen, and the interaction device does not move (0.2545ms)
gateway-web	Run pnpm test	2026-10-04T10:23:45.3024704Z ✔ API escalation requires a user confirmation reference, not a budget decision (0.2439ms)
gateway-web	Run pnpm test	2026-10-04T10:23:45.3025523Z ✔ a decision that needs the user becomes an attention request (0.2666ms)
gateway-web	Run pnpm test	2026-10-04T10:23:45.3026330Z ✔ JEV output is advisory and a JEV failure degrades instead of blocking (0.346ms)
gateway-web	Run pnpm test	2026-10-04T10:23:45.3027184Z ✔ programme ports are versioned, and non-conforming subjects are refused (0.3204ms)
gateway-web	Run pnpm test	2026-10-04T10:23:45.3028001Z ✔ the deterministic remote double never fakes a completed run (0.5245ms)
gateway-web	Run pnpm test	2026-10-04T10:23:45.3028838Z ✔ the repository carries no runtime dependency on the historical product (134.0473ms)
gateway-web	Run pnpm test	2026-10-04T10:23:45.3029707Z ✔ the contract publishes its routing guarantees and error vocabulary (0.1682ms)
gateway-web	Run pnpm test	2026-10-04T10:23:45.3030758Z ✔ undeclared keys inherited from Object.prototype are refused, and a prototype key never is canonical (0.5706ms)
gateway-web	Run pnpm test	2026-10-04T10:23:45.3032132Z ✔ a secret-shaped name is refused in its plural and compound spellings, and a quantity is not a secret (0.3015ms)
gateway-web	Run pnpm test	2026-10-04T10:23:45.3033173Z ✔ raw credential bytes are refused in any field, not only in a secret-shaped one (0.2567ms)
gateway-web	Run pnpm test	2026-10-04T10:23:45.3034189Z ✔ a partial result cannot claim a terminal status by relabelling or omitting its source (0.8714ms)
gateway-web	Run pnpm test	2026-10-04T10:23:45.3035136Z ✔ UNAVAILABLE is final for this action, and entering it is still allowed (0.2138ms)
gateway-web	Run pnpm test	2026-10-04T10:23:45.3035963Z ✔ an advisory assessment carries advisory fields and nothing else (0.4195ms)
gateway-web	Run pnpm test	2026-10-04T10:23:45.3037209Z ✔ the linkage scanner catches real dependency shapes it used to miss, and still ignores provenance prose (0.3824ms)
gateway-web	Run pnpm test	2026-10-04T10:23:45.3044486Z ✔ availability, health, auth, rate limit and budget stay separate signals (2.8164ms)
gateway-web	Run pnpm test	2026-10-04T10:23:45.3045072Z ✔ stale health is distinguishable from healthy and never reported as healthy (0.5654ms)
gateway-web	Run pnpm test	2026-10-04T10:23:45.3045631Z ✔ a transient technical failure follows a bounded retry and backoff policy (0.5446ms)
gateway-web	Run pnpm test	2026-10-04T10:23:45.3046180Z ✔ human-blocked and ambiguous failures never auto-resume as a technical retry (0.5743ms)
gateway-web	Run pnpm test	2026-10-04T10:23:45.3046722Z ✔ circuits are scoped so one failure cannot trip all AI or the local surfaces (1.3302ms)
gateway-web	Run pnpm test	2026-10-04T10:23:45.3047262Z ✔ a Web failure degrades honestly and never silently escalates to the API (0.4065ms)
gateway-web	Run pnpm test	2026-10-04T10:23:45.3047744Z ✔ the governor is strict, frozen, and free of ambient state (0.6215ms)
gateway-web	Run pnpm test	2026-10-04T10:23:45.3048141Z ✔ the resilience policy bounds are real bounds (0.4512ms)
gateway-web	Run pnpm test	2026-10-04T10:23:45.3048534Z ✔ a malformed caller instant is refused as a typed error (0.5781ms)
gateway-web	Run pnpm test	2026-10-04T10:23:45.3048991Z ✔ a side-effecting failure is not retried without an idempotency key (0.2698ms)
gateway-web	Run pnpm test	2026-10-04T10:23:45.3049516Z ✔ a cyclic value cannot crash the freezer, and a degraded availability is named (0.2398ms)
gateway-web	Run pnpm test	2026-10-04T10:23:45.3049946Z ✔ the governor policy is a plain record (0.1348ms)
gateway-web	Run pnpm test	2026-10-04T10:23:45.3050353Z ✔ a caller instant cannot extend or shorten a circuit cooldown (0.3449ms)
gateway-web	Run pnpm test	2026-10-04T10:23:45.3050764Z ✔ an acknowledgment survives a replayed failure (0.2402ms)
gateway-web	Run pnpm test	2026-10-04T10:23:45.3051248Z ✔ a non-boolean flag cannot silently drop a proposal or an idempotency requirement (0.1715ms)
gateway-web	Run pnpm test	2026-10-04T10:23:45.3051995Z ✔ a degraded or unknown availability is never ready, and the report agrees with the query (0.4139ms)
gateway-web	Run pnpm test	2026-10-04T10:23:45.3052586Z ✔ provider, model and account identities stay distinct across multiple accounts (15.3556ms)
gateway-web	Run pnpm test	2026-10-04T10:23:45.3053115Z ✔ stale capability metadata is visible as stale and reads as unknown (0.6737ms)
gateway-web	Run pnpm test	2026-10-04T10:23:45.3053587Z ✔ WEB and API readiness are answered independently and may differ (0.5972ms)
gateway-web	Run pnpm test	2026-10-04T10:23:45.3054072Z ✔ a missing provider, model or account produces typed absence, not a throw (0.7611ms)
gateway-web	Run pnpm test	2026-10-04T10:23:45.3054572Z ✔ canonical records refuse raw secret material and keep handles only (0.7829ms)
gateway-web	Run pnpm test	2026-10-04T10:23:45.3055057Z ✔ the registry starts empty and works entirely with synthetic providers (0.6273ms)
gateway-web	Run pnpm test	2026-10-04T10:23:45.3055486Z ✔ registry records are strict about their shape (1.2046ms)
gateway-web	Run pnpm test	2026-10-04T10:23:45.3056378Z ✔ undeclared keys inherited from Object.prototype are refused (0.7234ms)
gateway-web	Run pnpm test	2026-10-04T10:23:45.3057176Z ✔ a secret-shaped name is refused in its plural and compound spellings (0.3653ms)
gateway-web	Run pnpm test	2026-10-04T10:23:45.3058372Z ✔ raw credential bytes are refused in a declared text field, not only under a secret-shaped name (0.5713ms)
gateway-web	Run pnpm test	2026-10-04T10:23:45.3059540Z ✔ one reference cannot name two records, and a parent binding cannot be re-pointed (1.2569ms)
gateway-web	Run pnpm test	2026-10-04T10:23:45.3060421Z ✔ a handle reference is content-addressed and epoch-scoped (0.3013ms)
gateway-web	Run pnpm test	2026-10-04T10:23:45.3061169Z ✔ a stale or unavailable channel is not advertised as supported (0.5368ms)
gateway-web	Run pnpm test	2026-10-04T10:23:45.3062270Z ✔ a missing subject reports its own absence code, and a future observation is not fresh (0.2688ms)
gateway-web	Run pnpm test	2026-10-04T10:23:45.3063241Z ✔ RS-201: enablement is REQUIRED, so an omitted field can never read as enabled (0.3227ms)
gateway-web	Run pnpm test	2026-10-04T10:23:45.3064288Z ✔ RS-201: enablement accepts exactly the two declared states and nothing that merely looks like one (0.994ms)
gateway-web	Run pnpm test	2026-10-04T10:23:45.3065426Z ✔ RS-201: DISABLED is a user choice, not a capability fact, and does not contaminate freshness (0.1984ms)
gateway-web	Run pnpm test	2026-10-04T10:23:45.3066371Z ✔ RS-201: region is required but explicitly nullable, and is never inferred (0.3872ms)
gateway-web	Run pnpm test	2026-10-04T10:23:45.3067513Z ✔ RS-201: the availability reason vocabulary carries all seven required categories (0.2267ms)
gateway-web	Run pnpm test	2026-10-04T10:23:45.3068705Z ✔ RS-201: disable and re-enable are reversible and destroy nothing (0.3888ms)
gateway-web	Run pnpm test	2026-10-04T10:23:45.3069263Z ✔ RS-201: setEnablement refuses a bad state and answers a bad reference with a typed absence (0.4501ms)
gateway-web	Run pnpm test	2026-10-04T10:23:45.3069863Z ✔ RS-201: a provider with dependents is REFUSED removal, and the dependents are named (0.3505ms)
gateway-web	Run pnpm test	2026-10-04T10:23:45.3070448Z ✔ RS-201: removal tombstones the reference, so RETIRED is distinguishable from UNKNOWN (0.2455ms)
gateway-web	Run pnpm test	2026-10-04T10:23:45.3071009Z ✔ RS-201: restore is the explicit act that makes a removed reference registerable again (0.25ms)
gateway-web	Run pnpm test	2026-10-04T10:23:45.3071591Z ✔ RS-201: unavailability never removes anything - only an explicit user remove() does (0.1599ms)
gateway-web	Run pnpm test	2026-10-04T10:23:45.3072175Z ✔ RS-201: models and accounts are removable once they have no dependents of their own (0.2068ms)
gateway-web	Run pnpm test	2026-10-04T10:23:45.3072738Z ✔ RS-201: a fresh, enabled, unimpeded record is the ONLY thing that reads AVAILABLE (0.2958ms)
gateway-web	Run pnpm test	2026-10-04T10:23:45.3073292Z ✔ RS-201: staleness is NOT live truth - a stale observation is UNKNOWN, never AVAILABLE (0.1228ms)
gateway-web	Run pnpm test	2026-10-04T10:23:45.3073901Z ✔ RS-201: region is checked only against a DECLARED region, so a neutral provider never mismatches (0.1236ms)
gateway-web	Run pnpm test	2026-10-04T10:23:45.3074489Z ✔ RS-201: session and credential reasons come from the account status, and stay apart (0.1975ms)
gateway-web	Run pnpm test	2026-10-04T10:23:45.3075055Z ✔ RS-201: a channel that is UNAVAILABLE is a service fault, and neither is selectable (0.0827ms)
gateway-web	Run pnpm test	2026-10-04T10:23:45.3075606Z ✔ RS-201: precedence is ordered and the user instruction outranks every observation (0.1853ms)
gateway-web	Run pnpm test	2026-10-04T10:23:45.3076228Z ✔ RS-201: the candidate list keeps refused entries WITH their reasons rather than hiding them (0.4622ms)
gateway-web	Run pnpm test	2026-10-04T10:23:45.3076931Z ✔ RS-201: an all-refused pool and an empty pool are distinct, named conditions (0.1862ms)
gateway-web	Run pnpm test	2026-10-04T10:23:45.3077442Z ✔ RS-201: a suggestion is structurally incapable of being an execution (0.3182ms)
gateway-web	Run pnpm test	2026-10-04T10:23:45.3078171Z ✔ RS-201: when nothing is selectable the suggestion says so instead of inventing a fallback (0.3367ms)
gateway-web	Run pnpm test	2026-10-04T10:23:45.3078890Z ✔ RS-201: a probe that answers inside the bound is FRESH, and is then served from cache (0.4761ms)
gateway-web	Run pnpm test	2026-10-04T10:23:45.3079435Z ✔ RS-201: the bound HOLDS - a probe that never answers cannot block the caller (52.052ms)
gateway-web	Run pnpm test	2026-10-04T10:23:45.3079992Z ✔ RS-201: a missed bound degrades to the last known answer, marked as degraded and aged (46.7619ms)
gateway-web	Run pnpm test	2026-10-04T10:23:45.3080587Z ✔ RS-201: when nothing was ever known, the bound yields NO_DATA and never invents availability (31.5348ms)
gateway-web	Run pnpm test	2026-10-04T10:23:45.3081170Z ✔ RS-201: a probe that throws degrades instead of propagating into the calling path (0.7321ms)
gateway-web	Run pnpm test	2026-10-04T10:23:45.3081711Z ✔ RS-201: the probe reports its own bounds and refuses an unusable configuration (0.245ms)
gateway-web	Run pnpm test	2026-10-04T10:23:45.3082271Z ✔ RS-201: the outcome vocabulary keeps a degraded answer distinguishable from a fresh one (0.1378ms)
gateway-web	Run pnpm test	2026-10-04T10:23:45.3082840Z ✔ a healthy current device is preferred, so nothing moves and nothing is interrupted (3.1054ms)
gateway-web	Run pnpm test	2026-10-04T10:23:45.3083408Z ✔ endpoints are ranked from metadata only, and stale or offline ones are never healthy (1.7331ms)
gateway-web	Run pnpm test	2026-10-04T10:23:45.3083913Z ✔ no execution begins before the V1 device-switch confirmation (0.9755ms)
gateway-web	Run pnpm test	2026-10-04T10:23:45.3084561Z ✔ exactly one canonical Action exists on the execution host, and every event correlates to it (0.9592ms)
gateway-web	Run pnpm test	2026-10-04T10:23:45.3085126Z ✔ remote cancel works from any authorized device and reconciles late results (1.4424ms)
gateway-web	Run pnpm test	2026-10-04T10:23:45.3085691Z ✔ hardware-bound authentication surfaces as ATTENTION_REQUIRED, never as false success (0.8967ms)
gateway-web	Run pnpm test	2026-10-04T10:23:45.3086266Z ✔ semantic input staging carries an explicit cleanup policy, and the router is strict (1.3536ms)
gateway-web	Run pnpm test	2026-10-04T10:23:45.3086793Z ✔ the policy cannot switch off confirmation or the health ceilings (0.4365ms)
gateway-web	Run pnpm test	2026-10-04T10:23:45.3087242Z ✔ the approved endpoint must still be healthy at dispatch time (0.5176ms)
gateway-web	Run pnpm test	2026-10-04T10:23:45.3087672Z ✔ a malformed caller instant is refused as a typed error (0.7777ms)
gateway-web	Run pnpm test	2026-10-04T10:23:45.3088271Z ✔ a settled action is not regressed by a late attention request (0.4453ms)
gateway-web	Run pnpm test	2026-10-04T10:23:45.3088705Z ✔ a cancellation event is terminal because the action is (0.528ms)
gateway-web	Run pnpm test	2026-10-04T10:23:45.3089182Z ✔ a cyclic caller value cannot crash the freezer, and stored text is typed (0.8679ms)
gateway-web	Run pnpm test	2026-10-04T10:23:45.3089650Z ✔ a non-boolean requirement cannot skip an exclusion (0.2442ms)
gateway-web	Run pnpm test	2026-10-04T10:23:45.3090056Z ✔ a live action id cannot bypass the confirmation gates (0.4408ms)
gateway-web	Run pnpm test	2026-10-04T10:23:45.3090455Z ✔ an executor refusal is not recorded as a dispatch (0.5199ms)
gateway-web	Run pnpm test	2026-10-04T10:23:45.3090902Z ✔ a hardware-bound action stays addressable while it awaits the user (0.3796ms)
gateway-web	Run pnpm test	2026-10-04T10:23:45.3091403Z ✔ a success carries its result, and an exact replay is not applied twice (0.4318ms)
gateway-web	Run pnpm test	2026-10-04T10:23:45.3091870Z ✔ a cancellation is only reported when the executor accepted it (0.6456ms)
gateway-web	Run pnpm test	2026-10-04T10:23:45.3092321Z ✔ a known deterministic command consults no JEV and no provider (4.283ms)
gateway-web	Run pnpm test	2026-10-04T10:23:45.3092820Z ✔ JEV recommends, gateway policy decides, and both are independently auditable (0.7485ms)
gateway-web	Run pnpm test	2026-10-04T10:23:45.3093350Z ✔ unavailable, timed-out, malformed and low-confidence JEV is non-blocking (1.0933ms)
gateway-web	Run pnpm test	2026-10-04T10:23:45.3093807Z ✔ JEV cannot execute an Action or grant permission (0.7929ms)
gateway-web	Run pnpm test	2026-10-04T10:23:45.3094260Z ✔ engineering intent routes to the Engineering programme, never to General AI (1.4698ms)
gateway-web	Run pnpm test	2026-10-04T10:23:45.3094716Z ✔ the router is strict, frozen and free of ambient state (1.6551ms)
gateway-web	Run pnpm test	2026-10-04T10:23:45.3095177Z ✔ a classification that carries an execution is refused however it is hidden (0.5403ms)
gateway-web	Run pnpm test	2026-10-04T10:23:45.3095797Z ✔ policy values are validated, so a route cannot be invented or a gate removed (0.5788ms)
gateway-web	Run pnpm test	2026-10-04T10:23:45.3096242Z ✔ command records are strict and instants are real (1.484ms)
gateway-web	Run pnpm test	2026-10-04T10:23:45.3096643Z ✔ deterministic local commands route exactly as before (3.2865ms)
gateway-web	Run pnpm test	2026-10-04T10:23:45.3097148Z ✔ an ordinary AI request produces a GENERAL_AI Action with provenance as advanced state (1.6996ms)
gateway-web	Run pnpm test	2026-10-04T10:23:45.3097789Z ✔ device-switch and API proposals never navigate the user away, and remote results return to the action (1.7063ms)
gateway-web	Run pnpm test	2026-10-04T10:23:45.3098623Z ✔ an API proposal requires explicit confirmation and shows the budget outcome before execution (0.8227ms)
gateway-web	Run pnpm test	2026-10-04T10:23:45.3099190Z ✔ attention is projected into canonical shared state, never a GAI-only store (0.7948ms)
gateway-web	Run pnpm test	2026-10-04T10:23:45.3099759Z ✔ cancel and control work from Web and Android for the same Action, with one shared history (0.7332ms)
gateway-web	Run pnpm test	2026-10-04T10:23:45.3100351Z ✔ no path claims success while the backend is unavailable, and legacy routes are refused (1.261ms)
gateway-web	Run pnpm test	2026-10-04T10:23:45.3100941Z ✔ nothing is reported as executed without a channel, and a confirmed device is not rewritten (0.3888ms)
gateway-web	Run pnpm test	2026-10-04T10:23:45.3101473Z ✔ the first terminal result is the action truth and cannot be rewritten (0.5029ms)
gateway-web	Run pnpm test	2026-10-04T10:23:45.3101985Z ✔ the advanced view keeps real identifiers and refuses unreadable provenance (0.7299ms)
gateway-web	Run pnpm test	2026-10-04T10:23:45.3102437Z ✔ a crashing port is a typed refusal and instants are real (0.578ms)
gateway-web	Run pnpm test	2026-10-04T10:23:45.3102987Z ✔ a cancelled action cannot be advanced, proposed to, projected, or executed (0.3507ms)
gateway-web	Run pnpm test	2026-10-04T10:23:45.3103443Z ✔ an approved API proposal is consumed by its one execution (0.2138ms)
gateway-web	Run pnpm test	2026-10-04T10:23:45.3103929Z ✔ a shared Attention port that refuses is refused, not claimed as canonical state (0.4202ms)
gateway-web	Run pnpm test	2026-10-04T10:23:45.3104473Z ✔ success is refused while canonical attention is outstanding, even after a resume (0.2472ms)
gateway-web	Run pnpm test	2026-10-04T10:23:45.3104994Z ✔ the routing policy decides whether the local matcher runs first (0.1836ms)
gateway-web	Run pnpm test	2026-10-04T10:23:45.3105404Z ✔ the canonical history names the device that acted (0.202ms)
gateway-web	Run pnpm test	2026-10-04T10:23:45.3105818Z ✔ a device-switch confirmation cannot revive a cancelled action (0.2768ms)
gateway-web	Run pnpm test	2026-10-04T10:23:45.3106316Z ✔ Web is the default execution channel and execution is bound to a profile handle (2.3107ms)
gateway-web	Run pnpm test	2026-10-04T10:23:45.3106772Z ✔ a channel state that cannot execute is a typed refusal (1.8591ms)
gateway-web	Run pnpm test	2026-10-04T10:23:45.3107183Z ✔ partial output is never reported as the final result (0.6164ms)
gateway-web	Run pnpm test	2026-10-04T10:23:45.3107517Z ✔ cancel is typed and idempotent (0.516ms)
gateway-web	Run pnpm test	2026-10-04T10:23:45.3108099Z ✔ a persistent login survives an allowed restart when the profile handle still resolves (0.9805ms)
gateway-web	Run pnpm test	2026-10-04T10:23:45.3108721Z ✔ a profile that cannot be resolved reports AUTH_REQUIRED instead of a silent fresh login (0.2695ms)
gateway-web	Run pnpm test	2026-10-04T10:23:45.3109230Z ✔ raw cookies, storage and tokens never enter persisted City state (0.521ms)
gateway-web	Run pnpm test	2026-10-04T10:23:45.3109685Z ✔ real-provider acceptance is recorded, never fabricated (0.2594ms)
gateway-web	Run pnpm test	2026-10-04T10:23:45.3110054Z ✔ a restore may not take over a live session (0.5872ms)
gateway-web	Run pnpm test	2026-10-04T10:23:45.3110499Z ✔ a persisted state must be this module version and cannot hide raw browser state (0.5399ms)
gateway-web	Run pnpm test	2026-10-04T10:23:45.3110915Z ✔ a persisted instant must be a real instant (0.444ms)
gateway-web	Run pnpm test	2026-10-04T10:23:45.3111359Z ✔ a persisted state must be a bare own-property object, and accountRef a reference (0.4915ms)
gateway-web	Run pnpm test	2026-10-04T10:23:45.3111954Z ✔ a completion whose session is gone is refused, and case-variant raw state is still raw state (0.4783ms)
gateway-web	Run pnpm test	2026-10-04T10:25:12.1638571Z ✔ two installation launchers share one City across ports and recover the same identity after a crash (121519.6077ms)
gateway-web	Run pnpm test	2026-10-04T10:25:12.3065168Z ✔ forgetting migrated enrollment cannot import the legacy credential again (142.5244ms)
gateway-web	Run pnpm test	2026-10-04T10:25:12.6522031Z ✔ remote short code enrolls and reconnects to its target without launching a host City (345.6521ms)
gateway-web	Run pnpm test	2026-10-04T10:25:12.6659358Z ✔ host reservation is atomic across requested ports and retains the canonical data directory (65.1672ms)
gateway-web	Run pnpm test	2026-10-04T10:25:12.6660682Z ✔ startup preflight recognizes old absolute Windows paths and refuses duplicate Cities (7.0102ms)
gateway-web	Run pnpm test	2026-10-04T10:25:12.6662383Z ✔ an interrupted Windows inventory is an explicit blocking error, never an empty host (0.776ms)
gateway-web	Run pnpm test	2026-10-04T10:25:12.6664355Z ✔ a relative Gateway path with an inconclusive identity probe blocks startup (0.3998ms)
gateway-web	Run pnpm test	2026-10-04T10:25:12.6666393Z ✔ JOIN-502: a join request grants nothing until an already trusted device approves it (73.5375ms)
gateway-web	Run pnpm test	2026-10-04T10:25:12.6667643Z ✔ JOIN-502: the browse is authenticated, and a nearby City never makes this City mint a pairing code (629.9726ms)
gateway-web	Run pnpm test	2026-10-04T10:25:12.6669954Z ✔ JOIN-502: a duplicate or replayed request is bounded, not a second approval card (17.2553ms)
gateway-web	Run pnpm test	2026-10-04T10:25:12.6671164Z ✔ JOIN-502: a rejected request stays rejected, and re-asking after a rejection is refused (18.485ms)
gateway-web	Run pnpm test	2026-10-04T10:25:12.6673497Z ✔ JOIN-502: an expired request cannot be approved back into life, and expiry does not need a request to happen (22.706ms)
gateway-web	Run pnpm test	2026-10-04T10:25:12.6676173Z ✔ JOIN-502: the request list is BOUNDED, and a decision survives a City restart (34.3724ms)
gateway-web	Run pnpm test	2026-10-04T10:25:12.6677657Z ✔ JOIN-502: the state machine refuses what it cannot honour, instead of guessing (3.3805ms)
gateway-web	Run pnpm test	2026-10-04T10:25:12.6679175Z ✔ JOIN-502: an approval reaches OTHER surfaces as a canonical event, not only the owner that made it (20.1232ms)
gateway-web	Run pnpm test	2026-10-04T10:25:12.6681039Z ✔ JOIN-502: decisions are canonical events, and their payloads carry no secret (15.2461ms)
gateway-web	Run pnpm test	2026-10-04T10:25:12.6683156Z ✔ JOIN-502 discovery adapter: a discovered City is a candidate, never a credential (1.8271ms)
gateway-web	Run pnpm test	2026-10-04T10:25:12.6684418Z ✔ JOIN-502 discovery adapter: the same City advertised twice is ONE row, and the newest address wins (0.2288ms)
gateway-web	Run pnpm test	2026-10-04T10:25:12.6685822Z ✔ JOIN-502 discovery adapter: a stale or future-dated sighting is not offered, and an unidentified one is not merged (0.865ms)
gateway-web	Run pnpm test	2026-10-04T10:25:12.6687120Z ✔ JOIN-502 discovery adapter: a row with no reachable endpoint is refused rather than offered (0.2489ms)
gateway-web	Run pnpm test	2026-10-04T10:25:12.6688346Z ✔ JOIN-502 discovery adapter: the probe fails SOFT - no probe, no fetch or a bad answer is an empty list (0.7227ms)
gateway-web	Run pnpm test	2026-10-04T10:25:12.6689937Z ✔ JOIN-502 gateway browse: mDNS records become RF-003 advertisements, and the contract still refuses to pair from them (1.4804ms)
gateway-web	Run pnpm test	2026-10-04T10:25:12.6691268Z ✔ JOIN-502 gateway browse: the view carries the ADVERTISED address and withholds it once stale (0.2411ms)
gateway-web	Run pnpm test	2026-10-04T10:25:12.6692457Z ✔ JOIN-502 capability statement: a City states what it accepts instead of a client guessing (0.2486ms)
gateway-web	Run pnpm test	2026-10-04T10:25:12.6693569Z ✔ the browse is reachable WITHOUT a credential, because a joining PC has none (2057.3222ms)
gateway-web	Run pnpm test	2026-10-04T10:25:12.6694553Z ✔ the DECISION routes stay authenticated: a public read must not widen into a public write (23.6011ms)
gateway-web	Run pnpm test	2026-10-04T10:25:12.6695502Z ✔ the version check still applies to the join routes that are public (15.0733ms)
gateway-web	Run pnpm test	2026-10-04T10:25:12.6696522Z ✔ JOIN-502 surface: a nearby City is offered without being trusted, and joining waits for an approval (7129.0199ms)
gateway-web	Run pnpm test	2026-10-04T10:25:12.6697767Z ✔ JOIN-502 surface: a refused browse still offers the fallbacks, and a rejected ask leaves the device untrusted (7354.1075ms)
gateway-web	Run pnpm test	2026-10-04T10:25:12.6698996Z ✔ JOIN-503 (1)(2): one join enrolls an installation, and a RESTART reconnects with nothing typed (96.3395ms)
gateway-web	Run pnpm test	2026-10-04T10:25:12.6700243Z ✔ JOIN-503 (3): an EXPIRED session is replaced by an internal re-auth, with no user-visible token prompt (37.4969ms)
gateway-web	Run pnpm test	2026-10-04T10:25:12.6701457Z ✔ JOIN-503 (4)(5): REVOKE denies reconnect, and a revoked installation cannot mint new membership (27.1736ms)
gateway-web	Run pnpm test	2026-10-04T10:25:12.6702581Z ✔ JOIN-503 (6): a REINSTALL mints new identities and is unbound until an explicit rebind (28.6254ms)
gateway-web	Run pnpm test	2026-10-04T10:25:12.6704133Z ✔ JOIN-503 (7): the secret-exposure sweep - no durable secret in the snapshot, events, records or a URL (24.1331ms)
gateway-web	Run pnpm test	2026-10-04T10:25:12.6705205Z ✔ JOIN-503: a broken or foreign device file is refused rather than half-used (3.9921ms)
gateway-web	Run pnpm test	2026-10-04T10:25:12.6706243Z ✔ JOIN-503 (8): the engineering manual fallback still exists and is not the default path (20.9928ms)
gateway-web	Run pnpm test	2026-10-04T10:25:12.6707370Z ✔ JOIN-503: an invite of either shape is understood, and junk is refused instead of guessed at (0.557ms)
gateway-web	Run pnpm test	2026-10-04T10:25:12.6708567Z ✔ JOIN-503: enrollment events are emitted on a CLONE, which is the population-level half of detection (17.7842ms)
gateway-web	Run pnpm test	2026-10-04T10:25:12.6709910Z ✔ REVIEW JOIN-503 D-1/D-2: a session may act on ITSELF and on nothing else (116.0794ms)
gateway-web	Run pnpm test	2026-10-04T10:25:12.6710997Z ✔ D-1: an enrolled session may NOT revoke another installation, and the refusal really refuses (108.7607ms)
gateway-web	Run pnpm test	2026-10-04T10:25:12.6712102Z ✔ D-2: a session sees ONLY itself - not the roster, and not the City-wide clone scan (32.1344ms)
gateway-web	Run pnpm test	2026-10-04T10:25:12.6713225Z ✔ D-1/D-2: the owner keeps FULL authority, so the repair did not break the surface it protects (32.6821ms)
gateway-web	Run pnpm test	2026-10-04T10:25:12.6714283Z ✔ D-1/D-2: the two sibling guards the review compared against are still in place (30.1855ms)
gateway-web	Run pnpm test	2026-10-04T10:25:12.6715975Z ✔ LINK: two independent Cities link over a pipe the main City dialled out, and a join completes across it (85.2157ms)
gateway-web	Run pnpm test	2026-10-04T10:25:12.6717642Z ✔ MESH-301 naming: a fresh machine joins as Alien-Win, and that name is persisted (0.7902ms)
gateway-web	Run pnpm test	2026-10-04T10:25:12.6719728Z ✔ MESH-301 naming: RENAMING changes the label and never the physical identity (0.1258ms)
gateway-web	Run pnpm test	2026-10-04T10:25:12.6720825Z ✔ MESH-301 naming: the persisted identity beats the default even with no arguments at all (0.1006ms)
gateway-web	Run pnpm test	2026-10-04T10:25:12.6721851Z ✔ MESH-301 naming: an explicit environment identity wins and is persisted (0.1776ms)
gateway-web	Run pnpm test	2026-10-04T10:25:12.6722798Z ✔ MESH-301 naming: --id wins, and the flag does NOT swallow the display name (0.1466ms)
gateway-web	Run pnpm test	2026-10-04T10:25:12.6723923Z ✔ MESH-301 naming: an unreadable identity store does not stop the node, and the default still applies (0.1738ms)
gateway-web	Run pnpm test	2026-10-04T10:25:12.6724971Z ✔ targeting: an absent or empty target means untargeted, never an error (0.7818ms)
gateway-web	Run pnpm test	2026-10-04T10:25:12.6725923Z ✔ targeting: a malformed target is a typed refusal, not a silently ignored field (0.1772ms)
gateway-web	Run pnpm test	2026-10-04T10:25:12.6727063Z ✔ targeting: the claim rule is total - untargeted always allowed, strict only for the named device (0.1435ms)
gateway-web	Run pnpm test	2026-10-04T10:25:12.6728279Z ✔ targeting: KNOWN, ONLINE and ELIGIBLE are three questions, and only the last one is claimable (0.2625ms)
gateway-web	Run pnpm test	2026-10-04T10:25:12.6729388Z ✔ targeting: a withheld task names the device it is held for and the device that asked (0.7206ms)
gateway-web	Run pnpm test	2026-10-04T10:25:12.6731813Z ✔ targeting: waiting means strict, unfinished and unclaimed (0.1196ms)
gateway-web	Run pnpm test	2026-10-04T10:25:12.6733103Z ✔ MESH-301 step 3: a strict target routes to one device, waits when that device is away, and never reroutes (1329.9696ms)
gateway-web	Run pnpm test	2026-10-04T10:25:12.6734363Z ✔ D-R1: a surface with two sockets is ONE surface, and only the last socket closing announces its departure (1151.0368ms)
gateway-web	Run pnpm test	2026-10-04T10:25:12.6735503Z ✔ D-R1: an ANONYMOUS surface is still recorded, and anonymous sockets do not silence each other (738.1995ms)
gateway-web	Run pnpm test	2026-10-04T10:25:12.6736302Z ✔ records mission events and finalizes a verified episode (435.1926ms)
gateway-web	Run pnpm test	2026-10-04T10:25:12.6736785Z ✔ refuses same host for migration and verification (325.7721ms)
gateway-web	Run pnpm test	2026-10-04T10:25:12.6737361Z ✔ same LAN is direct, and it is chosen FIRST so the common case pays for nothing (1.5957ms)
gateway-web	Run pnpm test	2026-10-04T10:25:12.6738129Z ✔ a peer that cannot be dialled uses the outbound relay when one exists - no account, no router change (0.2051ms)
gateway-web	Run pnpm test	2026-10-04T10:25:12.6738792Z ✔ an overlay the user ALREADY has beats asking them to create one (0.109ms)
gateway-web	Run pnpm test	2026-10-04T10:25:12.6739427Z ✔ a forwarded port is offered WITH its cost, as an Owner decision rather than a silent choice (0.1251ms)
gateway-web	Run pnpm test	2026-10-04T10:25:12.6740364Z ✔ two PCs on different networks with no relay and no overlay get an HONEST none plus the Owner question (0.181ms)
gateway-web	Run pnpm test	2026-10-04T10:25:12.6741150Z ✔ a /24 mismatch is only used to prefer a direct attempt, never to claim reachability (0.1116ms)
gateway-web	Run pnpm test	2026-10-04T10:25:12.6741978Z ✔ loopback and Bluetooth are direct, with their reasons stated (0.1423ms)
gateway-web	Run pnpm test	2026-10-04T10:25:12.6742721Z ✔ the group plan reports the HARDEST peer as what the group requires, not the easiest (0.7565ms)
gateway-web	Run pnpm test	2026-10-04T10:25:12.6743451Z ✔ when every peer needs the Owner, the plan says so and lists them rather than offering a spinner (0.2651ms)
gateway-web	Run pnpm test	2026-10-04T10:25:12.6744043Z ✔ an empty group and junk input are answered, not thrown at (0.2679ms)
gateway-web	Run pnpm test	2026-10-04T10:25:12.6744616Z ✔ the preference list is exported so the order is reviewable rather than buried (0.1463ms)
gateway-web	Run pnpm test	2026-10-04T10:25:12.6745306Z ✔ real node executes file checkpoint task; cancelled task stays cancelled (1140.5961ms)
gateway-web	Run pnpm test	2026-10-04T10:25:12.6745952Z ✔ mDNS tries reachable advertised addresses instead of trusting lexical order (16.4492ms)
gateway-web	Run pnpm test	2026-10-04T10:25:12.6746567Z ✔ a multicast browse error is unavailable, not a successful empty search (0.3766ms)
gateway-web	Run pnpm test	2026-10-04T10:25:12.6747233Z ✔ Bluetooth scanning decodes the existing Android locator and reports unsupported hosts (0.4737ms)
gateway-web	Run pnpm test	2026-10-04T10:25:12.6747949Z ✔ Bluetooth discovery retains the default HTTP port and verifies the endpoint identity (0.3627ms)
gateway-web	Run pnpm test	2026-10-04T10:25:12.6748685Z ✔ N3: a pairing session offers a WEB link a second PC can open, without replacing the QR payload (17.9098ms)
gateway-web	Run pnpm test	2026-10-04T10:25:12.6749514Z ✔ N3: the session route hands the web link to the surface, so the page has something to show (64.6902ms)
gateway-web	Run pnpm test	2026-10-04T10:25:12.6750111Z ✔ N3: the pairing entry exists in BOTH states the page can be in (0.9868ms)
gateway-web	Run pnpm test	2026-10-04T10:25:12.6750792Z ✔ N3: the page can take a link from the address bar, and it asks before it connects (0.6411ms)
gateway-web	Run pnpm test	2026-10-04T10:25:12.6751617Z ✔ IDLE: no session exists until create() is called, and a read never changes that (1.1633ms)
gateway-web	Run pnpm test	2026-10-04T10:25:12.6752268Z ✔ generate once: exactly one ACTIVE session with the City payload kept verbatim (0.786ms)
gateway-web	Run pnpm test	2026-10-04T10:25:12.6752916Z ✔ ACTIVE is FINAL against re-generation: a second create() cannot rotate the code (0.71ms)
gateway-web	Run pnpm test	2026-10-04T10:25:12.6753454Z ✔ ordinary reads keep the SAME id, code and payload (0.2353ms)
gateway-web	Run pnpm test	2026-10-04T10:25:12.6754623Z ✔ CONSUMED: the City reporting a different canonical session ends ACTIVE as USED, not as a mystery (0.1886ms)
gateway-web	Run pnpm test	2026-10-04T10:25:12.6755703Z ✔ EXPIRED: the countdown tick ends the session, names it EXPIRED, and creates nothing (0.1537ms)
gateway-web	Run pnpm test	2026-10-04T10:25:12.6756798Z ✔ a second EXPLICIT generate after expiry produces a new, different session (0.1846ms)
gateway-web	Run pnpm test	2026-10-04T10:25:12.6757463Z ✔ a malformed session response creates nothing (a half-session is not rendered) (0.2456ms)
gateway-web	Run pnpm test	2026-10-04T10:25:12.6758134Z ✔ reload persistence: the SAME valid session is restored, with its original expiry (0.3121ms)
gateway-web	Run pnpm test	2026-10-04T10:25:12.6758867Z ✔ a stored session that expired while the page was away comes back EXPIRED, never as a new code (0.2468ms)
gateway-web	Run pnpm test	2026-10-04T10:25:12.6759538Z ✔ a corrupt or foreign storage record is dropped rather than half-rendered (0.2681ms)
gateway-web	Run pnpm test	2026-10-04T10:25:12.6760109Z ✔ an explicit user clear names its reason and still creates nothing (0.1362ms)
gateway-web	Run pnpm test	2026-10-04T10:25:12.6760719Z ✔ clearOnSessionChanged is a no-op while the City still reports our own session (0.1658ms)
gateway-web	Run pnpm test	2026-10-04T10:25:12.6761566Z ✔ when the City session vanished AND ours is past expiry, the reason reported is EXPIRED (0.1127ms)
gateway-web	Run pnpm test	2026-10-04T10:25:12.6762386Z ✔ a new session after a terminal state is a full fresh display, and generate stays offered only when idle (0.799ms)
gateway-web	Run pnpm test	2026-10-04T10:25:12.6763127Z ✔ pairing input survives slow typing, refresh, navigation and a failed attempt (15089.5523ms)
gateway-web	Run pnpm test	2026-10-04T10:25:12.6763728Z ✔ a six digit code pairs to the City serving the disconnected page (2525.7429ms)
gateway-web	Run pnpm test	2026-10-04T10:25:12.6764514Z ✔ LAN search selects a peer and hands the code to its origin without a cross-origin POST (4227.2975ms)
gateway-web	Run pnpm test	2026-10-04T10:25:12.6765253Z ✔ BLE_BOOTSTRAP search selects a peer and hands the code to its origin without a cross-origin POST (4664.8437ms)
gateway-web	Run pnpm test	2026-10-04T10:25:12.6765921Z ✔ Bluetooth search is actionable and explains an unavailable radio (3707.9867ms)
gateway-web	Run pnpm test	2026-10-04T10:25:12.6766478Z ✔ a failed code handoff retains the target identity on retries (5922.2373ms)
gateway-web	Run pnpm test	2026-10-04T10:25:12.6767210Z ✔ JOIN-501 acceptance: no implicit generation, an ACTIVE code that cannot rotate, and both terminal states (15691.2106ms)
gateway-web	Run pnpm test	2026-10-04T10:25:12.6768065Z ✔ JOIN-501 real-endpoint receiver: a SECOND process (not the owner page) consumes the code the page shows (8584.924ms)
gateway-web	Run pnpm test	2026-10-04T10:25:12.6768851Z ✔ JOIN-501 acceptance: expiry ends the display by itself, and the expiry path creates nothing (5904.3988ms)
gateway-web	Run pnpm test	2026-10-04T10:25:12.6769646Z ✔ JOIN-501: a fresh browser session starts with NO code, and a stored expired record is never exchanged (5238.9945ms)
gateway-web	Run pnpm test	2026-10-04T10:25:12.6770454Z ✔ short code preserves identity pinning, reports lockout, and never sends a code to the wrong City (91.7703ms)
gateway-web	Run pnpm test	2026-10-04T10:25:12.6771323Z ✔ code handoff carries only a selected City, six digits and the existing transport in a fragment (0.5516ms)
gateway-web	Run pnpm test	2026-10-04T10:25:12.6772185Z ✔ pairing sessions exchange once, expire and reject secret/code guesses without exposing credentials (120.0258ms)
gateway-web	Run pnpm test	2026-10-04T10:25:12.6772970Z ✔ descriptor validation rejects invalid input and conflicts, discovery TXT excludes secrets (0.6853ms)
gateway-web	Run pnpm test	2026-10-04T10:25:12.6773701Z ✔ T1: the Web shell is served from apps/web and cannot be escaped (67.7793ms)
gateway-web	Run pnpm test	2026-10-04T10:25:12.6774177Z ✔ T1: rooms are reported truthfully when the hub is up (22.5804ms)
gateway-web	Run pnpm test	2026-10-04T10:25:12.6774617Z ✔ T1: an unreachable Room Hub is a state, not an error (15.2705ms)
gateway-web	Run pnpm test	2026-10-04T10:25:12.6775081Z ✔ T2: a Room Action keeps the Room own truth and is idempotent (39.7008ms)
gateway-web	Run pnpm test	2026-10-04T10:25:12.6775589Z ✔ T2: a Capability Action carries the real invocation identity (63.5087ms)
gateway-web	Run pnpm test	2026-10-04T10:25:12.6776194Z ✔ T2: a City task is UNAVAILABLE with no node, and follows the real task when there is one (25.5061ms)
gateway-web	Run pnpm test	2026-10-04T10:25:12.6776890Z ✔ T3: Ask / Do routes deterministically, refuses to guess, and confirms side effects (280.0364ms)
gateway-web	Run pnpm test	2026-10-04T10:25:12.6777450Z ✔ scope: no BOSS or HNS route can be created, by any path (17.1948ms)
gateway-web	Run pnpm test	2026-10-04T10:25:12.6777954Z ✔ T1.1: health reflects real readiness instead of being a constant (27.5801ms)
gateway-web	Run pnpm test	2026-10-04T10:25:12.6778427Z ✔ T2: an idempotency key is bound to one request (21.1769ms)
gateway-web	Run pnpm test	2026-10-04T10:25:12.6778850Z ✔ T2: City task provenance follows the real task state (22.4567ms)
gateway-web	Run pnpm test	2026-10-04T10:25:12.6779433Z ✔ network: local beats LAN beats remote beats unknown, and latency only ever removes score (1.613ms)
gateway-web	Run pnpm test	2026-10-04T10:25:12.6780089Z ✔ capacity: missing telemetry is EXCLUDED, never defaulted to a middle value (0.2959ms)
gateway-web	Run pnpm test	2026-10-04T10:25:12.6780857Z ✔ role: a City already carrying devices outranks an identical empty one, and a known City outranks a stranger (0.1606ms)
gateway-web	Run pnpm test	2026-10-04T10:25:12.6781824Z ✔ recommendation: the best carrier wins on network + capacity together, not on either alone (0.4408ms)
gateway-web	Run pnpm test	2026-10-04T10:25:12.6782640Z ✔ recommendation: a candidate with NO telemetry falls back to network+role rather than scoring zero capacity (0.2194ms)
gateway-web	Run pnpm test	2026-10-04T10:25:12.6783415Z ✔ recommendation: an EMPTY list recommends nothing, and says why instead of throwing (0.6157ms)
gateway-web	Run pnpm test	2026-10-04T10:25:12.6784200Z ✔ recommendation: the order is DETERMINISTIC for equal scores, so the list cannot reshuffle between renders (7.9017ms)
gateway-web	Run pnpm test	2026-10-04T10:25:12.6785027Z ✔ recommendation: a single loopback City is recommended with the honest reason that it is the only one (0.2055ms)
gateway-web	Run pnpm test	2026-10-04T10:25:12.6785703Z ✔ weights are exported and the balance is visible rather than guessed (0.2626ms)
gateway-web	Run pnpm test	2026-10-04T10:25:12.6786306Z ✔ attachment: wired beats wireless for a CARRIER, and a metered link is halved (0.3047ms)
gateway-web	Run pnpm test	2026-10-04T10:25:12.6787078Z ✔ group carrier: a City nobody else can reach is NOT the carrier, however powerful the machine (0.3949ms)
gateway-web	Run pnpm test	2026-10-04T10:25:12.6787861Z ✔ group carrier: when one City is reachable by every peer it wins, even against a higher-scoring partial one (0.1711ms)
gateway-web	Run pnpm test	2026-10-04T10:25:12.6788736Z ✔ group carrier: with no peer reachability reported, it says the ranking alone decided rather than implying a check (0.1431ms)
gateway-web	Run pnpm test	2026-10-04T10:25:12.6789454Z ✔ group carrier: an empty topology answers honestly instead of throwing (0.1527ms)
gateway-web	Run pnpm test	2026-10-04T10:25:12.6790031Z ✔ runner stops file side effects when gateway has made task terminal (0.7369ms)
gateway-web	Run pnpm test	2026-10-04T10:25:12.6790593Z ✔ runner returns failed report for retry when transport is unavailable (0.3155ms)
gateway-web	Run pnpm test	2026-10-04T10:25:12.6791373Z ✔ S1: a peer that cannot be dialled registers over an OUTBOUND socket, and the City names its ref (74.4187ms)
gateway-web	Run pnpm test	2026-10-04T10:25:12.6792358Z ✔ S1: admission reuses the City’s OWN credentials - a session ref comes from the registry, and a bad one is refused (44.9466ms)
gateway-web	Run pnpm test	2026-10-04T10:25:12.6793748Z ✔ S3: a real join completes over the pipe - the CITY runs the payload, the owner approves, the claim is spent once (31.1752ms)
gateway-web	Run pnpm test	2026-10-04T10:25:12.6794910Z ✔ S3: without approval the pipe grants nothing - the City is not joined just because a path exists (13.103ms)
gateway-web	Run pnpm test	2026-10-04T10:25:12.6796061Z ✔ S2/S3: the relay refuses to be an open proxy - no path outside the list, and no widening by method (52.0239ms)
gateway-web	Run pnpm test	2026-10-04T10:25:12.6797432Z ✔ S3: a City refusal travels back as its OWN status, so the surface can say why instead of "unreachable" (11.4962ms)
gateway-web	Run pnpm test	2026-10-04T10:25:12.6798651Z ✔ S2: the dialling peer also SERVES the City - a payload the City PUSHES runs on the City it was dialled to (14.3999ms)
gateway-web	Run pnpm test	2026-10-04T10:25:12.6799830Z ✔ N2: the whole cross-network join runs over the pipe - capability, ask, decision, credential (71.1826ms)
gateway-web	Run pnpm test	2026-10-04T10:25:12.6800897Z ✔ N2: a rejection is reported AS a rejection and never retried; the flow stops there (75.0526ms)
gateway-web	Run pnpm test	2026-10-04T10:25:12.6802257Z ✔ N2: a pipe that answers for ANOTHER City is refused before an ask is created (18.4215ms)
gateway-web	Run pnpm test	2026-10-04T10:25:12.6803247Z ✔ N2: the reach decision sends the same link to navigation and the far network to the pipe (0.3978ms)
gateway-web	Run pnpm test	2026-10-04T10:25:12.6804389Z ✔ S1: a pipe that never stops is rate-limited, and the version check still applies to the handshake (928.2962ms)
gateway-web	Run pnpm test	2026-10-04T10:25:12.6805542Z ✔ an admitted peer registers and is listed; a refused one is refused WITH a reason (4.7419ms)
gateway-web	Run pnpm test	2026-10-04T10:25:12.6806237Z ✔ a forwarded request reaches the peer and its answer comes back to the caller (3.0961ms)
gateway-web	Run pnpm test	2026-10-04T10:25:12.6806840Z ✔ forwarding to a peer that is not connected is a typed 404, not a hang (0.4214ms)
gateway-web	Run pnpm test	2026-10-04T10:25:12.6807423Z ✔ a peer that never answers produces a TIMEOUT rather than an unbounded wait (60.2119ms)
gateway-web	Run pnpm test	2026-10-04T10:25:12.6807924Z ✔ the in-flight cap is a REFUSAL, not a queue (2.4134ms)
gateway-web	Run pnpm test	2026-10-04T10:25:12.6808513Z ✔ an answer nobody is waiting for is dropped, and an answer from the WRONG peer is not accepted (0.4401ms)
gateway-web	Run pnpm test	2026-10-04T10:25:12.6809165Z ✔ a peer answering with an error rejects the caller with that error, typed (0.7055ms)
gateway-web	Run pnpm test	2026-10-04T10:25:12.6809811Z ✔ a re-dial REPLACES the old connection for that peer rather than leaving two live pipes (0.246ms)
gateway-web	Run pnpm test	2026-10-04T10:25:12.6810429Z ✔ the peer cap and close() are both refusals rather than silent behaviour (1.451ms)
gateway-web	Run pnpm test	2026-10-04T10:25:12.6810995Z ✔ a write that throws fails THAT request instead of corrupting the hub (0.7168ms)
gateway-web	Run pnpm test	2026-10-04T10:25:12.6811875Z ✔ a bootstrap payload is a pointer to the pairing path, never trust (2.9927ms)
gateway-web	Run pnpm test	2026-10-04T10:25:12.6812442Z ✔ a MAC address is never consulted for a decision (0.3709ms)
gateway-web	Run pnpm test	2026-10-04T10:25:12.6812924Z ✔ an expired or replayed bootstrap is refused without partial state (0.426ms)
gateway-web	Run pnpm test	2026-10-04T10:25:12.6813602Z ✔ the IP handoff requires trust and re-verifies the fingerprint on the new path (0.7205ms)
gateway-web	Run pnpm test	2026-10-04T10:25:12.6814281Z ✔ scanning is bounded and payloads are strict (0.9107ms)
gateway-web	Run pnpm test	2026-10-04T10:25:12.6814744Z ✔ a bootstrap window is bounded and a junk clock is a refusal (0.5372ms)
gateway-web	Run pnpm test	2026-10-04T10:25:12.6815183Z ✔ an expired bootstrap cannot be handed off (0.35ms)
gateway-web	Run pnpm test	2026-10-04T10:25:12.6815652Z ✔ a payload must carry a real nonce, real candidates and its own fields (1.0765ms)
gateway-web	Run pnpm test	2026-10-04T10:25:12.6816201Z ✔ a bootstrap payload is strict, and replay protection is auditable (0.5451ms)
gateway-web	Run pnpm test	2026-10-04T10:25:12.6816869Z ✔ two heterogeneous devices advertise different implementations of one logical capability (3.5137ms)
gateway-web	Run pnpm test	2026-10-04T10:25:12.6817540Z ✔ callers resolve a compatible version without knowing the device class (2.2343ms)
gateway-web	Run pnpm test	2026-10-04T10:25:12.6818104Z ✔ an unsupported version fails explicitly instead of being coerced (0.6767ms)
gateway-web	Run pnpm test	2026-10-04T10:25:12.6818680Z ✔ capability loss invalidates new invocations and stays visible in state (0.9874ms)
gateway-web	Run pnpm test	2026-10-04T10:25:12.6819370Z ✔ exclusive/shared/background and live/queue metadata survive serialization and versioning (1.156ms)
gateway-web	Run pnpm test	2026-10-04T10:25:12.6820185Z ✔ an advertised capability is availability metadata, never permission (0.7753ms)
gateway-web	Run pnpm test	2026-10-04T10:25:12.6820705Z ✔ the registry is strict, frozen and free of ambient state (0.6438ms)
gateway-web	Run pnpm test	2026-10-04T10:25:12.6821477Z ✔ canonical execution metadata is decided by own keys, not the prototype chain (0.3726ms)
gateway-web	Run pnpm test	2026-10-04T10:25:12.6822132Z ✔ a malformed or impossible caller instant is refused as a typed error (0.7575ms)
gateway-web	Run pnpm test	2026-10-04T10:25:12.6823559Z ✔ an expired advertisement cannot be invoked by naming an earlier instant (0.3965ms)
gateway-web	Run pnpm test	2026-10-04T10:25:12.6824104Z ✔ a refused wire payload leaves the registry untouched (0.2544ms)
gateway-web	Run pnpm test	2026-10-04T10:25:12.6824648Z ✔ a wire snapshot may not replace newer state or silently clear a recorded loss (0.6125ms)
gateway-web	Run pnpm test	2026-10-04T10:25:12.6825241Z ✔ the wire path enforces the same validation as direct advertisement (0.5622ms)
gateway-web	Run pnpm test	2026-10-04T10:25:12.6825793Z ✔ a capability id whose major is not a safe integer is not addressable (0.2098ms)
gateway-web	Run pnpm test	2026-10-04T10:25:12.6826357Z ✔ a declared canonical execution field is never silently downgraded (0.2836ms)
gateway-web	Run pnpm test	2026-10-04T10:25:12.6826887Z ✔ the advertisement TTL ceiling cannot be lifted by the caller (0.3886ms)
gateway-web	Run pnpm test	2026-10-04T10:25:12.6827457Z ✔ the advertisements() surface is frozen like every other descriptor surface (0.2791ms)
gateway-web	Run pnpm test	2026-10-04T10:25:12.6828085Z ✔ the public surface is frozen and a mock or real adapter satisfies it unchanged (4.6782ms)
gateway-web	Run pnpm test	2026-10-04T10:25:12.6828674Z ✔ policy denial stays a denial even on a perfect authenticated session (0.7654ms)
gateway-web	Run pnpm test	2026-10-04T10:25:12.6829255Z ✔ an advertised capability without effective permission cannot execute (0.3867ms)
gateway-web	Run pnpm test	2026-10-04T10:25:12.6829920Z ✔ foreground-sensitive resources are enforced locally without Fabric deciding ownership (0.5394ms)
gateway-web	Run pnpm test	2026-10-04T10:25:12.6830625Z ✔ Fabric holds no task graph, no assistant state and no competing identity namespace (0.7843ms)
gateway-web	Run pnpm test	2026-10-04T10:25:12.6831371Z ✔ integration seams are recorded without importing a sibling branch (1.1372ms)
gateway-web	Run pnpm test	2026-10-04T10:25:12.6832121Z ✔ the resource class and the local confirmation requirement cannot be dodged by the request (0.8002ms)
gateway-web	Run pnpm test	2026-10-04T10:25:12.6832714Z ✔ a session authorizes only the device it was opened for (0.395ms)
gateway-web	Run pnpm test	2026-10-04T10:25:12.6833226Z ✔ the adapter cannot hand back a colliding or unauthenticated session (0.3239ms)
gateway-web	Run pnpm test	2026-10-04T10:25:12.6833783Z ✔ a Fabric with no policy port refuses rather than granting every axis (0.3149ms)
gateway-web	Run pnpm test	2026-10-04T10:25:12.6834445Z ✔ revocation reports the presence it can actually observe and releases the foreground claim (0.2968ms)
gateway-web	Run pnpm test	2026-10-04T10:25:12.6835048Z ✔ a failed transport invoke leaves no foreground claim behind (0.326ms)
gateway-web	Run pnpm test	2026-10-04T10:25:12.6835497Z ✔ subscription and stream inputs are bounded (0.3274ms)
gateway-web	Run pnpm test	2026-10-04T10:25:12.6835925Z ✔ a malformed caller instant is refused as a typed error (0.4613ms)
gateway-web	Run pnpm test	2026-10-04T10:25:12.6836512Z ✔ the foreground policy config and the adapter port are validated rather than trusted (0.3855ms)
gateway-web	Run pnpm test	2026-10-04T10:25:12.6837172Z ✔ a stream runs the same gates as an invocation (0.4945ms)
gateway-web	Run pnpm test	2026-10-04T10:25:12.6837640Z ✔ an exclusive foreground resource needs the action that owns it (0.2133ms)
gateway-web	Run pnpm test	2026-10-04T10:25:12.6838118Z ✔ the adapter interface and its failures are typed (0.4226ms)
gateway-web	Run pnpm test	2026-10-04T10:25:12.6838536Z ✔ a cyclic policy config cannot crash the freezer (0.1644ms)
gateway-web	Run pnpm test	2026-10-04T10:25:12.6839039Z ✔ the advertised capability version is normalized before it is compared (0.1889ms)
gateway-web	Run pnpm test	2026-10-04T10:25:12.6839600Z ✔ the emitted denial reason is part of the exported vocabulary (0.0824ms)
gateway-web	Run pnpm test	2026-10-04T10:25:12.6840038Z ✔ a calendar-impossible instant is refused (0.1715ms)
gateway-web	Run pnpm test	2026-10-04T10:25:12.6840601Z ✔ one invite renders as code, deep link, web link and QR payload without creating trust records (2.8184ms)
gateway-web	Run pnpm test	2026-10-04T10:25:12.6841412Z ✔ expired, cancelled and already-used invites fail with one indistinguishable generic error (1.558ms)
gateway-web	Run pnpm test	2026-10-04T10:25:12.6842142Z ✔ guessing is rate-limited and never reveals whether a device exists (0.6014ms)
gateway-web	Run pnpm test	2026-10-04T10:25:12.6842820Z ✔ entering an invite reaches pairing preview but cannot invoke capabilities before confirmation (0.6003ms)
gateway-web	Run pnpm test	2026-10-04T10:25:12.6843546Z ✔ an invite is a one-time rendezvous, and after trust it can no longer reconnect anything (1.2758ms)
gateway-web	Run pnpm test	2026-10-04T10:25:12.6844165Z ✔ the rendezvous service stays independent of the eventual data path (1.0609ms)
gateway-web	Run pnpm test	2026-10-04T10:25:12.6844711Z ✔ invite policy values are bounded, so a locator cannot be eternal (0.4464ms)
gateway-web	Run pnpm test	2026-10-04T10:25:12.6845260Z ✔ a hostile link is a bad link, never a crash (0.2204ms)
gateway-web	Run pnpm test	2026-10-04T10:25:12.6845751Z ✔ a consumed invite keeps its outcome, and an impossible instant is typed (0.3861ms)
gateway-web	Run pnpm test	2026-10-04T10:25:12.6846449Z ✔ enumeration is throttled even without a client reference, and an unparseable instant is refused (0.6772ms)
gateway-web	Run pnpm test	2026-10-04T10:25:12.6847103Z ✔ an adapter discovers a peer on the LAN without manual address entry (3.0463ms)
gateway-web	Run pnpm test	2026-10-04T10:25:12.6847655Z ✔ wired and Wi-Fi sightings normalize to the same device abstraction (0.4418ms)
gateway-web	Run pnpm test	2026-10-04T10:25:12.6848241Z ✔ duplicate and stale advertisements never create duplicate logical devices (14.5999ms)
gateway-web	Run pnpm test	2026-10-04T10:25:12.6848773Z ✔ an untrusted candidate cannot invoke anything (0.3639ms)
gateway-web	Run pnpm test	2026-10-04T10:25:12.6849323Z ✔ only a trusted node with the right fingerprint upgrades to an encrypted direct path (0.5352ms)
gateway-web	Run pnpm test	2026-10-04T10:25:12.6849981Z ✔ a local network change re-resolves addresses without changing logical identity (1.5088ms)
gateway-web	Run pnpm test	2026-10-04T10:25:12.6850503Z ✔ discovery and fallback scanning stay bounded (32.9361ms)
gateway-web	Run pnpm test	2026-10-04T10:25:12.6850993Z ✔ advertisements are strict, and metadata is never a required identity (1.2292ms)
gateway-web	Run pnpm test	2026-10-04T10:25:12.6851785Z ✔ freshness is a two-sided bound: a replayed future sighting is never current (2.1456ms)
gateway-web	Run pnpm test	2026-10-04T10:25:12.6852385Z ✔ an impossible calendar instant is refused, not read as "not stale" (0.5394ms)
gateway-web	Run pnpm test	2026-10-04T10:25:12.6852973Z ✔ an advertisement must carry its fields as own properties on a bare object (0.5751ms)
gateway-web	Run pnpm test	2026-10-04T10:25:12.6853461Z ✔ the per-round advertisement cap is two-sided (7.8423ms)
gateway-web	Run pnpm test	2026-10-04T10:25:12.6853951Z ✔ two different unidentified devices never collapse on a display name (1.5507ms)
gateway-web	Run pnpm test	2026-10-04T10:25:12.6854432Z ✔ one address has exactly one canonical spelling (0.4495ms)
gateway-web	Run pnpm test	2026-10-04T10:25:12.6854925Z ✔ a stale freshness snapshot is never re-emitted as a current verdict (0.6905ms)
gateway-web	Run pnpm test	2026-10-04T10:25:12.6855447Z ✔ logical identity preservation is computed, not asserted (0.5837ms)
gateway-web	Run pnpm test	2026-10-04T10:25:12.6856082Z ✔ native and browser invites retain the target address rather than falling back to this host (1.049ms)
gateway-web	Run pnpm test	2026-10-04T10:25:12.6856792Z ✔ remote reconnect stays on the recorded origin and rejects a different City response (1.8412ms)
gateway-web	Run pnpm test	2026-10-04T10:25:12.6857506Z ✔ callers use one Fabric surface while the transport implementation is swapped underneath (10.1982ms)
gateway-web	Run pnpm test	2026-10-04T10:25:12.6858279Z ✔ path selection prefers a usable direct route and falls back to relay honestly (1.221ms)
gateway-web	Run pnpm test	2026-10-04T10:25:12.6858921Z ✔ an unauthenticated or unencrypted path is never adopted, not even on the LAN (0.8791ms)
gateway-web	Run pnpm test	2026-10-04T10:25:12.6859513Z ✔ a relay forwards opaque payloads and can never authorize a peer (2.6511ms)
gateway-web	Run pnpm test	2026-10-04T10:25:12.6860073Z ✔ path loss migrates without a new logical device or a duplicated command (1.7645ms)
gateway-web	Run pnpm test	2026-10-04T10:25:12.6860644Z ✔ one exclusive action can never end up with two authoritative sessions (1.2113ms)
gateway-web	Run pnpm test	2026-10-04T10:25:12.6861377Z ✔ path metadata is bounded, secret-free and frozen (0.9439ms)
gateway-web	Run pnpm test	2026-10-04T10:25:12.6861903Z ✔ a caller-supplied instant is validated on every path (0.5953ms)
gateway-web	Run pnpm test	2026-10-04T10:25:12.6862444Z ✔ the preference list may narrow the canonical order but never promote relay (0.4241ms)
gateway-web	Run pnpm test	2026-10-04T10:25:12.6862970Z ✔ a path descriptor reports what the adapter measured (0.5787ms)
gateway-web	Run pnpm test	2026-10-04T10:25:12.6863454Z ✔ a transport fault during send is typed and records no command (0.4962ms)
gateway-web	Run pnpm test	2026-10-04T10:25:12.6863970Z ✔ the secret scan sees hidden own keys and survives a cycle (0.3546ms)
gateway-web	Run pnpm test	2026-10-04T10:25:12.6864499Z ✔ presence is honest, distinct and never collapses into ONLINE or FAILED (3.471ms)
gateway-web	Run pnpm test	2026-10-04T10:25:12.6865049Z ✔ a silent node becomes UNREACHABLE rather than ONLINE or FAILED (1.1845ms)
gateway-web	Run pnpm test	2026-10-04T10:25:12.6865566Z ✔ queueable work expires and live-only actions never run late (1.1406ms)
gateway-web	Run pnpm test	2026-10-04T10:25:12.6866100Z ✔ an unknown transport outcome stays UNKNOWN until it is reconciled (0.6428ms)
gateway-web	Run pnpm test	2026-10-04T10:25:12.6866858Z ✔ reconnect revalidates identity, trust, capability, presence and authority before resuming (1.4283ms)
gateway-web	Run pnpm test	2026-10-04T10:25:12.6867520Z ✔ a stale replay after reconnect cannot duplicate a completed side effect (2.1356ms)
gateway-web	Run pnpm test	2026-10-04T10:25:12.6868137Z ✔ the audit log carries causal identifiers and no secrets, and state is isolated (1.2765ms)
gateway-web	Run pnpm test	2026-10-04T10:25:12.6868740Z ✔ the audit sequence stays monotonic and retention is reported honestly (0.3672ms)
gateway-web	Run pnpm test	2026-10-04T10:25:12.6869263Z ✔ the audit secret-freedom claim is checked, not asserted (0.5766ms)
gateway-web	Run pnpm test	2026-10-04T10:25:12.6869735Z ✔ a malformed caller instant is refused as a typed error (1.5333ms)
gateway-web	Run pnpm test	2026-10-04T10:25:12.6870175Z ✔ an observation instant may not lie in the future (0.4676ms)
gateway-web	Run pnpm test	2026-10-04T10:25:12.6870615Z ✔ a backdated instant cannot make a silent node reachable (0.3554ms)
gateway-web	Run pnpm test	2026-10-04T10:25:12.6871197Z ✔ a backdated instant cannot revive an expired queued action (0.3087ms)
gateway-web	Run pnpm test	2026-10-04T10:25:12.6871740Z ✔ a replayed enqueue cannot clear an unknown outcome (0.777ms)
gateway-web	Run pnpm test	2026-10-04T10:25:12.6872171Z ✔ a settled outcome is never regressed to UNKNOWN (0.3386ms)
gateway-web	Run pnpm test	2026-10-04T10:25:12.6872659Z ✔ identifiers are text, so a cyclic object cannot reach the freezer (0.678ms)
gateway-web	Run pnpm test	2026-10-04T10:25:12.6873142Z ✔ the presence policy is a bound, so it is validated (0.4124ms)
gateway-web	Run pnpm test	2026-10-04T10:25:12.6873644Z ✔ an impossible queue deadline is refused rather than never expiring (0.3195ms)
gateway-web	Run pnpm test	2026-10-04T10:25:12.6874223Z ✔ a duplicate check needs a subject and does not match one it was not given (0.3284ms)
gateway-web	Run pnpm test	2026-10-04T10:25:12.6874701Z ✔ a refusal that protects new work is audited (0.1979ms)
gateway-web	Run pnpm test	2026-10-04T10:25:12.6875096Z ✔ refreshed reconnect state is a plain record (0.1636ms)
gateway-web	Run pnpm test	2026-10-04T10:25:12.6875601Z ✔ an effect confirmed without an in-flight command still suppresses its replay (0.287ms)
gateway-web	Run pnpm test	2026-10-04T10:25:12.6876171Z ✔ a presence record may not be rebound to another logical identity (0.2893ms)
gateway-web	Run pnpm test	2026-10-04T10:25:12.6876665Z ✔ a live action cannot be downgraded by a non-boolean flag (0.3183ms)
gateway-web	Run pnpm test	2026-10-04T10:25:12.6877125Z ✔ a measurement is validated before any state changes (0.3662ms)
gateway-web	Run pnpm test	2026-10-04T10:25:12.6877697Z ✔ RPC, EVENT and STREAM are separate versioned envelopes with opaque domain payloads (3.8319ms)
gateway-web	Run pnpm test	2026-10-04T10:25:12.6878422Z ✔ a retried idempotent command does not repeat the effect, and a new command id is a new action (1.4631ms)
gateway-web	Run pnpm test	2026-10-04T10:25:12.6879193Z ✔ delivery, acceptance, running and completion are observably distinct, and ack is never success (0.5056ms)
gateway-web	Run pnpm test	2026-10-04T10:25:12.6879935Z ✔ a deadline stops a stale interactive command from executing later (0.4776ms)
gateway-web	Run pnpm test	2026-10-04T10:25:12.6880564Z ✔ event subscriptions reconnect and replay with ordering, causation and gap reporting (0.9892ms)
gateway-web	Run pnpm test	2026-10-04T10:25:12.6881404Z ✔ stream lifecycle, backpressure and cancellation are independent of RPC (0.883ms)
gateway-web	Run pnpm test	2026-10-04T10:25:12.6882808Z ✔ the data plane is strict, frozen, and keeps task truth outside the transport session (0.596ms)
gateway-web	Run pnpm test	2026-10-04T10:25:12.6884256Z ✔ canonical envelopes are decided by own keys on a plain record (0.3279ms)
gateway-web	Run pnpm test	2026-10-04T10:25:12.6884826Z ✔ reference fields are text, so a cyclic object cannot reach the freezer (0.3599ms)
gateway-web	Run pnpm test	2026-10-04T10:25:12.6885442Z ✔ an object-valued action reference cannot turn a retry into a different action (0.3054ms)
gateway-web	Run pnpm test	2026-10-04T10:25:12.6885996Z ✔ a malformed caller instant is refused as a typed error (0.764ms)
gateway-web	Run pnpm test	2026-10-04T10:25:12.6886492Z ✔ a deadline is judged at the registry clock and bounded by policy (0.4739ms)
gateway-web	Run pnpm test	2026-10-04T10:25:12.6887083Z ✔ a sweep cannot expire a command before its deadline by naming a later instant (0.1828ms)
gateway-web	Run pnpm test	2026-10-04T10:25:12.6887739Z ✔ a contiguous replay never reports a phantom gap, and its resume point is validated (0.3466ms)
gateway-web	Run pnpm test	2026-10-04T10:25:12.6888378Z ✔ an execution result must be terminal and must carry a real result reference (0.416ms)
gateway-web	Run pnpm test	2026-10-04T10:25:12.6888927Z ✔ a retry may only replay the result its own command produced (0.303ms)
gateway-web	Run pnpm test	2026-10-04T10:25:12.6889473Z ✔ a reused command id may not silently change the subject it addresses (0.2707ms)
gateway-web	Run pnpm test	2026-10-04T10:25:12.6890039Z ✔ stream accounting cannot run backwards or exceed the configured window (0.3142ms)
gateway-web	Run pnpm test	2026-10-04T10:25:12.6890548Z ✔ a replayed setup envelope cannot clobber live state (0.3986ms)
gateway-web	Run pnpm test	2026-10-04T10:25:12.6891121Z ✔ data and control paths declare their arguments instead of swallowing envelope tags (0.2369ms)
gateway-web	Run pnpm test	2026-10-04T10:25:12.6891960Z ✔ RS-203: the correlation carries BOTH devices and asserts that they may differ (1.3273ms)
gateway-web	Run pnpm test	2026-10-04T10:25:12.6892598Z ✔ RS-203: a handoff moves the execution device and never the interaction device (0.1992ms)
gateway-web	Run pnpm test	2026-10-04T10:25:12.6893171Z ✔ RS-203: DUPLICATE messages are ignored rather than applied twice (0.4402ms)
gateway-web	Run pnpm test	2026-10-04T10:25:12.6893755Z ✔ RS-203: OUT-OF-ORDER progress is refused and cannot move the state backwards (0.1611ms)
gateway-web	Run pnpm test	2026-10-04T10:25:12.6894461Z ✔ RS-203: an event after a terminal state is LATE and does not resurrect the run (0.1601ms)
gateway-web	Run pnpm test	2026-10-04T10:25:12.6895117Z ✔ RS-203: every kind maps to a DECLARED canonical state and a DECLARED return channel (0.2058ms)
gateway-web	Run pnpm test	2026-10-04T10:25:12.6895761Z ✔ RS-203: canonical state advances for each terminal kind, and terminal is sticky (0.174ms)
gateway-web	Run pnpm test	2026-10-04T10:25:12.6896392Z ✔ RS-203: a result that CANNOT reach the user is never reported as truthful success (0.1719ms)
gateway-web	Run pnpm test	2026-10-04T10:25:12.6897138Z ✔ RS-203: a resolver that THROWS degrades rather than propagating into the caller (0.2042ms)
gateway-web	Run pnpm test	2026-10-04T10:25:12.6897815Z ✔ RS-203: a projected success reports where it landed (0.1755ms)
gateway-web	Run pnpm test	2026-10-04T10:25:12.6898420Z ✔ RS-203: unknown correlations, unknown kinds and bad sequences are refused with typed codes (0.7326ms)
gateway-web	Run pnpm test	2026-10-04T10:25:12.6899114Z ✔ RS-203: the bridge refuses to be constructed without an injected surface resolver (0.2405ms)
gateway-web	Run pnpm test	2026-10-04T10:25:12.6899657Z ✔ RS-203: a STATUS event reports without moving the state (0.1265ms)
gateway-web	Run pnpm test	2026-10-04T10:25:12.6900061Z ✔ RS-203: the contract version is declared (0.0737ms)
gateway-web	Run pnpm test	2026-10-04T10:25:12.6900603Z ✔ RS-203 scenario 1: remote execution START is correlated before anything is returned (0.1285ms)
gateway-web	Run pnpm test	2026-10-04T10:25:12.6901299Z ✔ RS-203 scenario 2: PROGRESS returns on the PROGRESS channel and moves the run to RUNNING (0.1206ms)
gateway-web	Run pnpm test	2026-10-04T10:25:12.6902112Z ✔ RS-203 scenario 3: WAITING FOR USER is reachable, and is cleared the same way it is set (0.1307ms)
gateway-web	Run pnpm test	2026-10-04T10:25:12.6902775Z ✔ RS-203 scenario 3b: attention on a non-STATUS kind is REFUSED rather than guessed (0.1409ms)
gateway-web	Run pnpm test	2026-10-04T10:25:12.6903431Z ✔ RS-203 scenario 4: SUCCESS lands truthfully only when it actually reached the user (0.1064ms)
gateway-web	Run pnpm test	2026-10-04T10:25:12.6904084Z ✔ RS-203 scenario 5: FAILURE is terminal and reports no success (0.0996ms)
gateway-web	Run pnpm test	2026-10-04T10:25:12.6904626Z ✔ RS-203 scenario 6: CANCEL is terminal and sticky against later events (0.1213ms)
gateway-web	Run pnpm test	2026-10-04T10:25:12.6905319Z ✔ RS-203 scenario 7: DEVICE DISCONNECT degrades knowledge without moving the run or claiming success (0.1885ms)
gateway-web	Run pnpm test	2026-10-04T10:25:12.6906155Z ✔ RS-203 scenario 8: RECOVERY clears the degraded state and the run can still finish (0.125ms)
gateway-web	Run pnpm test	2026-10-04T10:25:12.6906921Z ✔ RS-203 scenario 8b: a disconnect AFTER a terminal result changes nothing about it (0.0989ms)
gateway-web	Run pnpm test	2026-10-04T10:25:12.6907511Z ✔ RS-203: the full eight-situation walk leaves the counters consistent (0.159ms)
gateway-web	Run pnpm test	2026-10-04T10:25:12.6908083Z ✔ RS-203 step 3: a request is delivered to the CURRENT authorized surface (0.2636ms)
gateway-web	Run pnpm test	2026-10-04T10:25:12.6908648Z ✔ RS-203 step 3: an answer from the current authorized surface is accepted (0.2359ms)
gateway-web	Run pnpm test	2026-10-04T10:25:12.6909262Z ✔ RS-203 step 3: an answer from ANY OTHER device is REFUSED, however well-informed it is (0.1507ms)
gateway-web	Run pnpm test	2026-10-04T10:25:12.6909918Z ✔ RS-203 step 3: when the surface MOVED, the answer must come from where the user now is (0.1493ms)
gateway-web	Run pnpm test	2026-10-04T10:25:12.6910500Z ✔ RS-203 step 3: an answer cannot arrive when NO surface is authorized (0.2694ms)
gateway-web	Run pnpm test	2026-10-04T10:25:12.6911144Z ✔ RS-203 step 3: OFFLINE asks are HELD with a reason and a recovery path, not dropped or failed (0.1448ms)
gateway-web	Run pnpm test	2026-10-04T10:25:12.6911940Z ✔ RS-203 step 3: TIMEOUT is explained and recoverable, and is NEVER a failure (0.2224ms)
gateway-web	Run pnpm test	2026-10-04T10:25:12.6912516Z ✔ RS-203 step 3: a timeout cannot retract an answer that already arrived (0.171ms)
gateway-web	Run pnpm test	2026-10-04T10:25:12.6913126Z ✔ RS-203 step 3: a double answer is refused rather than silently overwriting the first (0.1911ms)
gateway-web	Run pnpm test	2026-10-04T10:25:12.6913729Z ✔ RS-203 step 3: only RESPOND is accepted, and only APPROVE or DENY decide (0.3004ms)
gateway-web	Run pnpm test	2026-10-04T10:25:12.6914527Z ✔ RS-203 step 3: a HANDOFF does not move where the user is asked (0.1211ms)
gateway-web	Run pnpm test	2026-10-04T10:25:12.6915379Z ✔ RS-203 step 3: the codes are declared, not invented at the throw site (0.0908ms)
gateway-web	Run pnpm test	2026-10-04T10:25:12.6916032Z ✔ RS-203 step 4: the flat EXCLUSION_REASONS list is CLASSIFIED, and every reason has an axis (0.7479ms)
gateway-web	Run pnpm test	2026-10-04T10:25:12.6916651Z ✔ RS-203 step 4: a DEVICE outage is classified as DEVICE and nothing else (0.2873ms)
gateway-web	Run pnpm test	2026-10-04T10:25:12.6917337Z ✔ RS-203 step 4: a PROVIDER outage is classified as PROVIDER and nothing else (0.1039ms)
gateway-web	Run pnpm test	2026-10-04T10:25:12.6917948Z ✔ RS-203 step 4: an INPUT problem is NEITHER a device nor a provider fault (0.1357ms)
gateway-web	Run pnpm test	2026-10-04T10:25:12.6918514Z ✔ RS-203 step 4: an UNKNOWN reason is reported, not silently dropped (0.1484ms)
gateway-web	Run pnpm test	2026-10-04T10:25:12.6919048Z ✔ RS-203 step 4: a DEVICE fallback does NOT implicate the provider (0.3142ms)
gateway-web	Run pnpm test	2026-10-04T10:25:12.6919564Z ✔ RS-203 step 4: a PROVIDER fallback does NOT implicate the device (0.1889ms)
gateway-web	Run pnpm test	2026-10-04T10:25:12.6920344Z ✔ RS-203 step 4: an eligible alternate is offered for a DEVICE outage, but the cause is still named (0.1169ms)
gateway-web	Run pnpm test	2026-10-04T10:25:12.6921057Z ✔ RS-203 step 4: MIXED causes are NOT collapsed to one, and no single cause is claimed (0.1486ms)
gateway-web	Run pnpm test	2026-10-04T10:25:12.6921729Z ✔ RS-203 step 4: the reason codes SURVIVE into the plan rather than being paraphrased away (0.1519ms)
gateway-web	Run pnpm test	2026-10-04T10:25:12.6922453Z ✔ RS-203 step 4: with nothing unavailable the plan claims no cause at all (0.0975ms)
gateway-web	Run pnpm test	2026-10-04T10:25:12.6923007Z ✔ RS-203 step 4: planning against an unknown correlation is refused (0.1109ms)
gateway-web	Run pnpm test	2026-10-04T10:25:12.6923643Z ✔ RS-203 step 5: a remote result is bound to its provenance, including WHICH device produced it (0.1914ms)
gateway-web	Run pnpm test	2026-10-04T10:25:12.6924450Z ✔ RS-203 step 5: the provenance is IMMUTABLE once bound, so a result cannot be re-attributed (0.1363ms)
gateway-web	Run pnpm test	2026-10-04T10:25:12.6925145Z ✔ RS-203 step 5: the summary key set is EXACTLY the declared set - stability by construction (0.1274ms)
gateway-web	Run pnpm test	2026-10-04T10:25:12.6925858Z ✔ RS-203 step 5: the summary NEVER carries the evidence, the digests or the routing identifiers (0.18ms)
gateway-web	Run pnpm test	2026-10-04T10:25:12.6926525Z ✔ RS-203 step 5: whether evidence EXISTS is presentable, without saying what it is (0.0961ms)
gateway-web	Run pnpm test	2026-10-04T10:25:12.6927255Z ✔ RS-203 step 5: the summary is STABLE across state changes - same shape, always (0.1127ms)
gateway-web	Run pnpm test	2026-10-04T10:25:12.6927906Z ✔ RS-203 step 5: the summary still tells the truth about a degraded and a finished run (0.1536ms)
gateway-web	Run pnpm test	2026-10-04T10:25:12.6928572Z ✔ RS-203 step 5: binding against an unknown correlation is refused (0.1762ms)
gateway-web	Run pnpm test	2026-10-04T10:25:12.6929165Z ✔ RS-203 step 5: the declared field list is frozen, so it cannot be widened at runtime (0.0892ms)
gateway-web	Run pnpm test	2026-10-04T10:25:12.6929835Z ✔ RS-290: the mapping COVERS every source vocabulary exactly - no gap and no stale extra (1.4539ms)
gateway-web	Run pnpm test	2026-10-04T10:25:12.6930560Z ✔ RS-290: the presentation vocabulary is CLOSED - every target is a declared term with a class (0.2476ms)
gateway-web	Run pnpm test	2026-10-04T10:25:12.6931233Z ✔ RS-290: the four UNKNOWN senses stay FOUR distinct terms - the polysemy fix (0.1613ms)
gateway-web	Run pnpm test	2026-10-04T10:25:12.6931857Z ✔ RS-290: the SAME meaning reached through different components MERGES to one term (0.1653ms)
gateway-web	Run pnpm test	2026-10-04T10:25:12.6932676Z ✔ RS-290: the STRUCTURAL and RESOURCE partition is PRESERVED, which a naive merge would destroy (0.4417ms)
gateway-web	Run pnpm test	2026-10-04T10:25:12.6933343Z ✔ RS-290: an unmapped or unknown source THROWS rather than yielding undefined (0.498ms)
gateway-web	Run pnpm test	2026-10-04T10:25:12.6933995Z ✔ RS-290: presentState always yields a declared presentation state (0.2337ms)
gateway-web	Run pnpm test	2026-10-04T10:25:12.6934625Z ✔ RS-290: the action and state vocabularies are closed sets of the shapes step 3 names (0.1195ms)
gateway-web	Run pnpm test	2026-10-04T10:25:12.6935290Z ✔ RS-290: a selectable provider renders RUNNING with CANCEL and no choice demanded (0.4088ms)
gateway-web	Run pnpm test	2026-10-04T10:25:12.6935931Z ✔ RS-290: a pool that is only BUSY does NOT demand a choice, because waiting can help (0.434ms)
gateway-web	Run pnpm test	2026-10-04T10:25:12.6936577Z ✔ RS-290: a structurally refused pool DOES demand a choice, and does not offer waiting (0.1584ms)
gateway-web	Run pnpm test	2026-10-04T10:25:12.6937258Z ✔ RS-290 F1: a raw word that COLLIDES with a term name is still mapped by its VOCABULARY (0.3295ms)
gateway-web	Run pnpm test	2026-10-04T10:25:12.6937982Z ✔ RS-290 F1: the guard needs PROVENANCE - bare words and bare terms are both refused (0.3635ms)
gateway-web	Run pnpm test	2026-10-04T10:25:12.6938621Z ✔ RS-290 F2: a terminal outcome OUTRANKS waitingUser, so a failure is never masked (0.2098ms)
gateway-web	Run pnpm test	2026-10-04T10:25:12.6939216Z ✔ RS-290 F3: FRESHNESS.STALE and FRESHNESS.UNKNOWN stay DISTINCT terms (0.1355ms)
gateway-web	Run pnpm test	2026-10-04T10:25:12.6939880Z ✔ RS-290 F3: NO collapse of two meanings onto one term goes UNDECLARED - quantified over the table (0.3959ms)
gateway-web	Run pnpm test	2026-10-04T10:25:12.6940563Z ✔ RS-290: no path FABRICATES success - COMPLETED needs an explicit terminal flag (0.2215ms)
gateway-web	Run pnpm test	2026-10-04T10:25:12.6941253Z ✔ RS-290: the route stage drives the state through its own vocabulary, and only where it should (0.1867ms)
gateway-web	Run pnpm test	2026-10-04T10:25:12.6941971Z ✔ RS-290: every DTO output is inside the declared vocabularies (0.2615ms)
gateway-web	Run pnpm test	2026-10-04T10:25:12.6942743Z ✔ RS-290 matrix: concurrent submissions cannot double-execute, and the pool still reports a reason (0.8852ms)
gateway-web	Run pnpm test	2026-10-04T10:25:12.6943528Z ✔ RS-290 matrix: a saturated device is routed around, and the projection says WAITING not CHOOSE (0.7126ms)
gateway-web	Run pnpm test	2026-10-04T10:25:12.6944347Z ✔ RS-290 matrix: lease transfer is holder-only and the old holder cannot resume reassigned work (0.184ms)
gateway-web	Run pnpm test	2026-10-04T10:25:12.6945097Z ✔ RS-290 matrix: a disconnect degrades truthfully and recovery restores, through the projection (0.3947ms)
gateway-web	Run pnpm test	2026-10-04T10:25:12.6945801Z ✔ RS-290 matrix: a flapping pool does not move the work, and the rescan is event-driven (0.4163ms)
gateway-web	Run pnpm test	2026-10-04T10:25:12.6946569Z ✔ RS-290 matrix: availability, routing and return compose into ONE stable presentation contract (9.9174ms)
gateway-web	Run pnpm test	2026-10-04T10:25:12.6947233Z ✔ successful live transport cannot mask broken offline product behavior (0.6428ms)
gateway-web	Run pnpm test	2026-10-04T10:25:12.6947887Z ✔ CPU uses elapsed counters and unavailable disk remains null (2.5958ms)
gateway-web	Run pnpm test	2026-10-04T10:25:12.6948335Z ✔ disabled sampler never reads host counters (0.1802ms)
gateway-web	Run pnpm test	2026-10-04T10:25:12.6948864Z ✔ counter reset does not fabricate CPU load and cached sample keeps its timestamp (0.2699ms)
gateway-web	Run pnpm test	2026-10-04T10:25:12.6949499Z ✔ native filesystem volume measurement is finite and internally consistent (3.6774ms)
gateway-web	Run pnpm test	2026-10-04T10:25:12.6958006Z ✔ validator accepts unavailable sampler metrics but rejects invalid numeric measurements (0.7006ms)
gateway-web	Run pnpm test	2026-10-04T10:25:12.6958912Z ✔ theme artifact retention is bounded and restart removes abandoned sandbox work (89.1122ms)
gateway-web	Run pnpm test	2026-10-04T10:25:12.6959675Z ✔ D9 Bridge builds retained sandbox artifacts with canonical bounded results and typed refusal (9095.8289ms)
gateway-web	Run pnpm test	2026-10-04T10:25:12.6960453Z ✔ Windows Theme Build uses real prompt, observation, fallback controls and digest summary (6331.4041ms)
gateway-web	Run pnpm test	2026-10-04T10:25:12.6961226Z ✔ unavailable artifact storage yields a terminal typed failure, not orphaned RUNNING history (748.9689ms)
gateway-web	Run pnpm test	2026-10-04T10:25:12.6961955Z ✔ UXI-390: every supported action is bound to a handler branch AND a client method (0.8714ms)
gateway-web	Run pnpm test	2026-10-04T10:25:12.6962610Z ✔ UXI-390: no handler branch is unreachable dead code that looks like a handler (0.7058ms)
gateway-web	Run pnpm test	2026-10-04T10:25:12.6963413Z ✔ UXI-390: the per-provider Choose control sends THAT row ref, and cannot send a blank one (0.195ms)
gateway-web	Run pnpm test	2026-10-04T10:25:12.6964189Z ✔ UXI-390: CHOOSE_PROVIDER is NOT an action-row action - that is the trap Mech named (0.1932ms)
gateway-web	Run pnpm test	2026-10-04T10:25:12.6964894Z ✔ UXI-390 C-1: the Advanced disclosure is named with the Web pack's own words on Android (1.0533ms)
gateway-web	Run pnpm test	2026-10-04T10:25:12.6965576Z ✔ UXI-390 C-2: a disabled control states its reason in the Web pack's own words (0.5019ms)
gateway-web	Run pnpm test	2026-10-04T10:25:12.6966270Z ✔ UXI-391: the City really has FIVE requestable task types - the premise the old record denied (1.786ms)
gateway-web	Run pnpm test	2026-10-04T10:25:12.6966966Z ✔ UXI-391: a MISSING load dimension is not zero, and one observed dimension is enough (0.3865ms)
gateway-web	Run pnpm test	2026-10-04T10:25:12.6967644Z ✔ UXI-391: the BINDING dimension is the maximum OBSERVED one, not an average over five (0.137ms)
gateway-web	Run pnpm test	2026-10-04T10:25:12.6968513Z ✔ UXI-391: telemetry produces the vector honestly - measured dimensions only, null when nothing is measured (0.2435ms)
gateway-web	Run pnpm test	2026-10-04T10:25:12.6969253Z ✔ UXI-391: the bridge transfers ONLY on ALTERNATE_DEVICE, and moves ownership once (0.5128ms)
gateway-web	Run pnpm test	2026-10-04T10:25:12.6969935Z ✔ UXI-391: a stale holder cannot hand on work it no longer owns, and a disabled path refuses (0.2398ms)
gateway-web	Run pnpm test	2026-10-04T10:25:12.6970622Z ✔ UXI-391: only the reserved device - and never a stale holder - may claim a moved task (0.1919ms)
gateway-web	Run pnpm test	2026-10-04T10:25:12.6971279Z ✔ UXI-391: a pending handoff is REMOTE_HANDOFF on the surface, from the task record (1.7314ms)
gateway-web	Run pnpm test	2026-10-04T10:25:12.6972017Z ✔ UXI-391: the planner decision is exposed WITH the chosen device, and routeStageFor stays a thin read (0.8517ms)
gateway-web	Run pnpm test	2026-10-04T10:25:12.6973517Z ✔ UXI-391: the term and the route agree about the SAME candidate - the defect this task is about (0.4643ms)
gateway-web	Run pnpm test	2026-10-04T10:25:12.6974278Z ✔ locale contract: supported tokens, fallback and first-run detection (1.4314ms)
gateway-web	Run pnpm test	2026-10-04T10:25:12.6974887Z ✔ both language packs cover every message key with matching placeholders (1.8202ms)
gateway-web	Run pnpm test	2026-10-04T10:25:12.6975432Z ✔ every fixed Web UI string is present in the language packs (0.5758ms)
gateway-web	Run pnpm test	2026-10-04T10:25:12.6975967Z ✔ protocol tokens and City Control state names are never translated (6.8601ms)
gateway-web	Run pnpm test	2026-10-04T10:25:12.6976493Z ✔ web assets only use message keys that exist in the packs (2.1867ms)
gateway-web	Run pnpm test	2026-10-04T10:25:12.6976990Z ✔ badge state and display label stay separate in every locale (2.4457ms)
gateway-web	Run pnpm test	2026-10-04T10:25:12.6977625Z ✔ applyTranslations and setLocale update the document without touching storage contracts (0.4794ms)
gateway-web	Run pnpm test	2026-10-04T10:25:12.6978399Z ✔ translation fills placeholders and time formatting follows the locale (15.627ms)
gateway-web	Run pnpm test	2026-10-04T10:25:12.6979069Z ✔ Web Settings language switch, persistence and protocol stability (real browser) (6228.9643ms)
gateway-web	Run pnpm test	2026-10-04T10:25:12.6979710Z ✔ an invite names the City it belongs to, which is the whole point of the form (0.786ms)
gateway-web	Run pnpm test	2026-10-04T10:25:12.6980314Z ✔ a bare credential is NOT an invite - it cannot say which City it belongs to (0.1497ms)
gateway-web	Run pnpm test	2026-10-04T10:25:12.6980785Z ✔ junk does not throw, it returns null (0.7471ms)
gateway-web	Run pnpm test	2026-10-04T10:25:12.6981233Z ✔ an invite without a host is refused rather than half-understood (0.1285ms)
gateway-web	Run pnpm test	2026-10-04T10:25:12.6981802Z ✔ trailing slashes and origins compare cleanly (0.2884ms)
gateway-web	Run pnpm test	2026-10-04T10:25:12.6982256Z ✔ the invite survives a round trip through a URL fragment (0.1822ms)
gateway-web	Run pnpm test	2026-10-04T10:25:12.6982881Z ✔ REGRESSION: a PARSED invite handed back in must still resolve, not become "[object Object]" (0.1145ms)
gateway-web	Run pnpm test	2026-10-04T10:25:12.6983676Z ✔ UXI-301: the adapter table agrees with the contract EXACTLY, in both directions (1.8879ms)
gateway-web	Run pnpm test	2026-10-04T10:25:12.6984437Z ✔ UXI-301: severity cannot contradict the contract class where the class carries meaning (0.2866ms)
gateway-web	Run pnpm test	2026-10-04T10:25:12.6985032Z ✔ UXI-301: every referenced key exists in BOTH locale packs (0.2096ms)
gateway-web	Run pnpm test	2026-10-04T10:25:12.6985575Z ✔ UXI-301: every state and every action renders real copy, not a fallback key (0.5493ms)
gateway-web	Run pnpm test	2026-10-04T10:25:12.6986191Z ✔ UXI-301: zh-CN renders different copy from en, so the locale is really applied (0.2234ms)
gateway-web	Run pnpm test	2026-10-04T10:25:12.6986788Z ✔ UXI-301: a non-permitted provider is never selectable or interactive (0.2262ms)
gateway-web	Run pnpm test	2026-10-04T10:25:12.6987415Z ✔ UXI-301: the adapter forces unselectable even when the DTO LIES about selectable (0.1792ms)
gateway-web	Run pnpm test	2026-10-04T10:25:12.6988020Z ✔ UXI-301: NO raw scheduler vocabulary leaks into the default view model (0.575ms)
gateway-web	Run pnpm test	2026-10-04T10:25:12.6988706Z ✔ UXI-301: the leak rule survives every provider term the contract can produce (0.3449ms)
gateway-web	Run pnpm test	2026-10-04T10:25:12.6989353Z ✔ UXI-301: raw vocabulary IS reachable, but only through the explicit advanced block (0.3122ms)
gateway-web	Run pnpm test	2026-10-04T10:25:12.6990000Z ✔ UXI-301: the adapter never fabricates success and never claims to have chosen (0.2387ms)
gateway-web	Run pnpm test	2026-10-04T10:25:12.6990580Z ✔ UXI-301: an unknown state or term THROWS rather than rendering blank (0.4696ms)
gateway-web	Run pnpm test	2026-10-04T10:25:12.6991245Z ✔ UXI-301: the adapter does not recompute selection - it reports the contract decision unchanged (0.1351ms)
gateway-web	Run pnpm test	2026-10-04T10:25:12.6991921Z ✔ UXI-301: the view model is frozen, so a renderer cannot mutate presentation truth (0.1594ms)
gateway-web	Run pnpm test	2026-10-04T10:25:12.6992514Z ✔ UXI-301: real registry vocabulary flows end to end into user language (0.1237ms)
gateway-web	Run pnpm test	2026-10-04T10:25:12.6993062Z ✔ UXI-301 panel: a state renders in user language, not as a token (2.4743ms)
gateway-web	Run pnpm test	2026-10-04T10:25:12.6993701Z ✔ UXI-301 panel: NO raw scheduler vocabulary appears in the default HTML (1.187ms)
gateway-web	Run pnpm test	2026-10-04T10:25:12.6994482Z ✔ UXI-301 panel: an unavailable provider is visible with its reason and is NOT a control (0.5653ms)
gateway-web	Run pnpm test	2026-10-04T10:25:12.6995215Z ✔ UXI-301 panel: a submitting action carries its token for wiring and its LABEL in user language (0.5541ms)
gateway-web	Run pnpm test	2026-10-04T10:25:12.6996052Z ✔ UXI-301 panel: the provider choice lives on the ROW and names a candidate the feed offered (0.5506ms)
gateway-web	Run pnpm test	2026-10-04T10:25:12.6996705Z ✔ UXI-301 panel: with nothing available to switch to, the instruction says so (0.2643ms)
gateway-web	Run pnpm test	2026-10-04T10:25:12.6997306Z ✔ UXI-301 panel: a decision is asked for only when the feed requires one (0.4123ms)
gateway-web	Run pnpm test	2026-10-04T10:25:12.6997933Z ✔ UXI-301 panel: technical detail appears ONLY behind the explicit Advanced disclosure (0.4174ms)
gateway-web	Run pnpm test	2026-10-04T10:25:12.6998664Z ✔ UXI-301 panel: an unreported feed never looks like a healthy or idle one (0.4154ms)
gateway-web	Run pnpm test	2026-10-04T10:25:12.6999218Z ✔ UXI-301 panel: all text is escaped, including ids from the feed (0.329ms)
gateway-web	Run pnpm test	2026-10-04T10:25:12.6999698Z ✔ UXI-301 panel: the panel renders in zh-CN as well as en (0.3375ms)
gateway-web	Run pnpm test	2026-10-04T10:25:12.7000218Z ✔ UXI-301 panel: every copy key the panel uses exists in both locale packs (0.5343ms)
gateway-web	Run pnpm test	2026-10-04T10:25:12.7000935Z ✔ Windows history loads detail explicitly, retains it across snapshots and fences late selections (4493.8158ms)
gateway-web	Run pnpm test	2026-10-04T10:25:12.7001705Z ✔ Windows Services invokes real document, knowledge, skill, evidence and theme adapters (8152.9195ms)
gateway-web	Run pnpm test	2026-10-04T10:25:12.7002339Z ✔ renderTerminal returns the terminal controller, not a boolean (2.3183ms)
gateway-web	Run pnpm test	2026-10-04T10:25:12.7002899Z ✔ every terminal page renders, and the page actually follows the shell (0.8495ms)
gateway-web	Run pnpm test	2026-10-04T10:25:12.7003426Z ✔ the Ask / Do page does not duplicate any id owned by the shell (0.6795ms)
gateway-web	Run pnpm test	2026-10-04T10:25:12.7004133Z ✔ no id is duplicated anywhere in the shell document (0.1341ms)
gateway-web	Run pnpm test	2026-10-04T10:25:12.7004655Z ✔ the terminal module never attaches a second submit path to the shell bar (0.997ms)
gateway-web	Run pnpm test	2026-10-04T10:25:12.7005206Z ✔ the shell bar is a real form so Enter submits it once, natively (0.1659ms)
gateway-web	Run pnpm test	2026-10-04T10:25:57.2228125Z ✔ Web Devices and ephemeral pairing share the authoritative Gateway (82647.5629ms)
gateway-web	Run pnpm test	2026-10-04T10:26:09.4313366Z ✔ Web freshness, device detail, node offline and pairing expiry (12208.4148ms)
gateway-web	Run pnpm test	2026-10-04T10:26:09.4529337Z ✔ Web control creates a real task and shows durable result (86305.6204ms)
gateway-web	Run pnpm test	2026-10-04T10:26:09.4768365Z ℹ tests 1195
gateway-web	Run pnpm test	2026-10-04T10:26:09.4768777Z ℹ suites 0
gateway-web	Run pnpm test	2026-10-04T10:26:09.4769063Z ℹ pass 1195
gateway-web	Run pnpm test	2026-10-04T10:26:09.4769312Z ℹ fail 0
gateway-web	Run pnpm test	2026-10-04T10:26:09.4769538Z ℹ cancelled 0
gateway-web	Run pnpm test	2026-10-04T10:26:09.4769799Z ℹ skipped 0
gateway-web	Run pnpm test	2026-10-04T10:26:09.4770012Z ℹ todo 0
gateway-web	Run pnpm test	2026-10-04T10:26:09.4770263Z ℹ duration_ms 204860.9001
gateway-web	Run node scripts/verify-promotion-history.mjs	﻿2026-10-04T10:26:09.5984332Z ##[group]Run node scripts/verify-promotion-history.mjs
gateway-web	Run node scripts/verify-promotion-history.mjs	2026-10-04T10:26:09.5984728Z ^[[36;1mnode scripts/verify-promotion-history.mjs^[[0m
gateway-web	Run node scripts/verify-promotion-history.mjs	2026-10-04T10:26:09.6041789Z shell: C:\Program Files\PowerShell\7\pwsh.EXE -command ". '{0}'"
gateway-web	Run node scripts/verify-promotion-history.mjs	2026-10-04T10:26:09.6042069Z env:
gateway-web	Run node scripts/verify-promotion-history.mjs	2026-10-04T10:26:09.6042283Z   PNPM_HOME: C:\Users\runneradmin\setup-pnpm\node_modules\.bin
gateway-web	Run node scripts/verify-promotion-history.mjs	2026-10-04T10:26:09.6042536Z ##[endgroup]
gateway-web	Run node scripts/verify-promotion-history.mjs	2026-10-04T10:26:11.3534607Z promotion history:
gateway-web	Run node scripts/verify-promotion-history.mjs	2026-10-04T10:26:11.3536872Z   OK   document-intake-lab: 165e2664ad4e -> e3d6bbd9dd91 -> city/09-planning-knowledge/02-document-intake/ingestion-core
gateway-web	Run node scripts/verify-promotion-history.mjs	2026-10-04T10:26:11.3538199Z   OK   document-readers-lab: e9a4c2370544 -> 6a95bf4502f1 -> city/09-planning-knowledge/02-document-intake/document-readers
gateway-web	Run node scripts/verify-promotion-history.mjs	2026-10-04T10:26:11.3539289Z   OK   evidence-engine-lab: ec4202f774a9 -> e1dcfd73e9b3 -> city/06-research/01-research-institute/evidence-engine
gateway-web	Run node scripts/verify-promotion-history.mjs	2026-10-04T10:26:11.3540360Z   OK   knowledge-core-lab: 01f932bd2aad -> b82fcfd0f153 -> city/09-planning-knowledge/01-knowledge-service/knowledge-core
gateway-web	Run node scripts/verify-promotion-history.mjs	2026-10-04T10:26:11.3541713Z   OK   skill-discovery-lab: b4dff8150312 -> 48494263d755 -> city/02-engineering/02-worker-gateway/skill-intake
gateway-web	Run node scripts/verify-promotion-history.mjs	2026-10-04T10:26:11.3542394Z   OK   skill-intake-lab: 1ba5b4809f05 -> 140287250ef1 -> city/02-engineering/02-worker-gateway/skill-intake
gateway-web	Run node scripts/verify-promotion-history.mjs	2026-10-04T10:26:11.3542969Z   OK   theme-builder-lab: 3ff7d805f043 -> 74c277cbc2a4 -> city/11-entertainment/01-entertainment-centre/theme-engine
gateway-web	Run node scripts/verify-promotion-history.mjs	2026-10-04T10:26:11.3543559Z   OK   theme-engine-lab: 9819ed7a4a21 -> a18b1e80b740 -> city/11-entertainment/01-entertainment-centre/theme-engine
gateway-web	Run node scripts/verify-promotion-history.mjs	2026-10-04T10:26:11.3544157Z   OK   theme-package-lab: 95d958ddacc6 -> 5d1abecdc38a -> city/11-entertainment/01-entertainment-centre/theme-engine
gateway-web	Run node scripts/verify-promotion-history.mjs	2026-10-04T10:26:11.3544744Z   OK   yaml-intake-lab: b6d7733c9272 -> e068d58ee890 -> city/09-planning-knowledge/02-document-intake/ingestion-core
gateway-web	Run node scripts/verify-promotion-history.mjs	2026-10-04T10:26:11.3545288Z promotion-history: 10 record(s) verified against local Git history at e4849bf46972
gateway-web	Run node --test apps/rooms/tests/*.test.mjs	﻿2026-10-04T10:26:11.4753825Z ##[group]Run node --test apps/rooms/tests/*.test.mjs
gateway-web	Run node --test apps/rooms/tests/*.test.mjs	2026-10-04T10:26:11.4754354Z ^[[36;1mnode --test apps/rooms/tests/*.test.mjs^[[0m
gateway-web	Run node --test apps/rooms/tests/*.test.mjs	2026-10-04T10:26:11.4828823Z shell: C:\Program Files\PowerShell\7\pwsh.EXE -command ". '{0}'"
gateway-web	Run node --test apps/rooms/tests/*.test.mjs	2026-10-04T10:26:11.4829275Z env:
gateway-web	Run node --test apps/rooms/tests/*.test.mjs	2026-10-04T10:26:11.4829596Z   PNPM_HOME: C:\Users\runneradmin\setup-pnpm\node_modules\.bin
gateway-web	Run node --test apps/rooms/tests/*.test.mjs	2026-10-04T10:26:11.4830004Z ##[endgroup]
gateway-web	Run node --test apps/rooms/tests/*.test.mjs	2026-10-04T10:26:11.9315564Z ✔ bookmark room creates, edits and deletes bookmarks (90.2082ms)
gateway-web	Run node --test apps/rooms/tests/*.test.mjs	2026-10-04T10:26:11.9599559Z ✔ bookmark room accepts only absolute http(s) URLs (29.2565ms)
gateway-web	Run node --test apps/rooms/tests/*.test.mjs	2026-10-04T10:26:11.9708486Z ✔ bookmark title falls back to the URL and search covers url and note (14.132ms)
gateway-web	Run node --test apps/rooms/tests/*.test.mjs	2026-10-04T10:26:11.9898917Z ✔ bookmark export/import replaces the collection and rejects bad payloads (20.6353ms)
gateway-web	Run node --test apps/rooms/tests/*.test.mjs	2026-10-04T10:26:12.0041259Z ✔ bookmark data is durable across a hub restart (14.598ms)
gateway-web	Run node --test apps/rooms/tests/*.test.mjs	2026-10-04T10:26:15.0716163Z ✔ calendar room creates, edits and deletes a dated event (153.9517ms)
gateway-web	Run node --test apps/rooms/tests/*.test.mjs	2026-10-04T10:26:15.0717690Z ✔ calendar room validates dates and times (32.9275ms)
gateway-web	Run node --test apps/rooms/tests/*.test.mjs	2026-10-04T10:26:15.0720258Z ✔ calendar groups events into today, upcoming and past in order (1.2014ms)
gateway-web	Run node --test apps/rooms/tests/*.test.mjs	2026-10-04T10:26:15.0721599Z ✔ calendar scope filters today and upcoming over HTTP (17.7411ms)
gateway-web	Run node --test apps/rooms/tests/*.test.mjs	2026-10-04T10:26:15.0722924Z ✔ calendar export/import replaces events and data survives a restart (19.8462ms)
gateway-web	Run node --test apps/rooms/tests/*.test.mjs	2026-10-04T10:26:15.0880760Z ✔ checklist room creates lists and items with progress (161.4013ms)
gateway-web	Run node --test apps/rooms/tests/*.test.mjs	2026-10-04T10:26:15.0882302Z ✔ checklist items can be reordered and deleted (39.6001ms)
gateway-web	Run node --test apps/rooms/tests/*.test.mjs	2026-10-04T10:26:15.0890763Z ✔ checklist clear-completed removes only done items (16.5992ms)
gateway-web	Run node --test apps/rooms/tests/*.test.mjs	2026-10-04T10:26:15.0891468Z ✔ checklist data is durable across a hub restart (15.9061ms)
gateway-web	Run node --test apps/rooms/tests/*.test.mjs	2026-10-04T10:26:15.0892242Z ✔ checklist room avoids City Control task vocabulary (1.497ms)
gateway-web	Run node --test apps/rooms/tests/*.test.mjs	2026-10-04T10:26:15.0989704Z ✔ csv parser handles quotes, escaped quotes and embedded newlines (1.9909ms)
gateway-web	Run node --test apps/rooms/tests/*.test.mjs	2026-10-04T10:26:15.0990656Z ✔ csv summary reports columns, rows and truncation (0.3982ms)
gateway-web	Run node --test apps/rooms/tests/*.test.mjs	2026-10-04T10:26:15.0992055Z ✔ json parse reports a position for invalid input (0.6062ms)
gateway-web	Run node --test apps/rooms/tests/*.test.mjs	2026-10-04T10:26:15.2068700Z ✔ data lab pretty prints and minifies over HTTP (91.636ms)
gateway-web	Run node --test apps/rooms/tests/*.test.mjs	2026-10-04T10:26:15.2069799Z ✔ data lab returns a structured error for invalid json and parses valid json (18.9244ms)
gateway-web	Run node --test apps/rooms/tests/*.test.mjs	2026-10-04T10:26:15.2196408Z ✔ data lab csv preview endpoint works and rejects broken csv (15.5851ms)
gateway-web	Run node --test apps/rooms/tests/*.test.mjs	2026-10-04T10:26:15.2789378Z ✔ decision room records a question with options and opens as OPEN (88.0134ms)
gateway-web	Run node --test apps/rooms/tests/*.test.mjs	2026-10-04T10:26:15.2999137Z ✔ decision room appends options and keeps selected option ids stable (29.4849ms)
gateway-web	Run node --test apps/rooms/tests/*.test.mjs	2026-10-04T10:26:15.3258438Z ✔ decision room decide and revisit transitions (22.8394ms)
gateway-web	Run node --test apps/rooms/tests/*.test.mjs	2026-10-04T10:26:15.3583579Z ✔ decision room searches and filters by status (36.3735ms)
gateway-web	Run node --test apps/rooms/tests/*.test.mjs	2026-10-04T10:26:15.3825744Z ✔ decision export/import replaces data, validates payloads and survives a restart (24.5952ms)
gateway-web	Run node --test apps/rooms/tests/*.test.mjs	2026-10-04T10:26:18.4221527Z ✔ focus room exposes presets and completes a real short session (144.4717ms)
gateway-web	Run node --test apps/rooms/tests/*.test.mjs	2026-10-04T10:26:18.4222575Z ✔ focus room records an interrupted session honestly after a reload (41.5485ms)
gateway-web	Run node --test apps/rooms/tests/*.test.mjs	2026-10-04T10:26:18.4223230Z ✔ focus room validates session input (21.0433ms)
gateway-web	Run node --test apps/rooms/tests/*.test.mjs	2026-10-04T10:26:18.4223819Z ✔ focus room deletes a session and keeps the rest (21.1152ms)
gateway-web	Run node --test apps/rooms/tests/*.test.mjs	2026-10-04T10:26:18.4224563Z ✔ focus summary counts today using local dates and sessions are durable (16.8113ms)
gateway-web	Run node --test apps/rooms/tests/*.test.mjs	2026-10-04T10:26:18.4356165Z ✔ hash room digest matches Node crypto for fixed inputs (74.6252ms)
gateway-web	Run node --test apps/rooms/tests/*.test.mjs	2026-10-04T10:26:18.4357063Z ✔ hash room compares an expected digest and reports match or mismatch (16.5454ms)
gateway-web	Run node --test apps/rooms/tests/*.test.mjs	2026-10-04T10:26:18.4358074Z ✔ hash room rejects unknown algorithms and writes nothing to runtime (9.6578ms)
gateway-web	Run node --test apps/rooms/tests/*.test.mjs	2026-10-04T10:26:18.4359216Z ✔ room store writes schemaVersion/updatedAt/data and survives a reload (9.7134ms)
gateway-web	Run node --test apps/rooms/tests/*.test.mjs	2026-10-04T10:26:18.4360318Z ✔ room store rejects a wrong schemaVersion and a non-object root (4.4511ms)
gateway-web	Run node --test apps/rooms/tests/*.test.mjs	2026-10-04T10:26:18.4361241Z ✔ store mutations are serialized so concurrent writes do not lose items (20.2379ms)
gateway-web	Run node --test apps/rooms/tests/*.test.mjs	2026-10-04T10:26:18.4365714Z ✔ shared helpers normalize text, tags and collection CRUD (4.5364ms)
gateway-web	Run node --test apps/rooms/tests/*.test.mjs	2026-10-04T10:26:18.4366402Z ✔ hub serves health, the room catalog and the product shell on loopback (60.2532ms)
gateway-web	Run node --test apps/rooms/tests/*.test.mjs	2026-10-04T10:26:18.4368126Z ✔ hub rejects unknown rooms and unknown routes without touching other rooms (10.7782ms)
gateway-web	Run node --test apps/rooms/tests/*.test.mjs	2026-10-04T10:26:18.4369828Z ✔ static serving never escapes the configured root (2.5832ms)
gateway-web	Run node --test apps/rooms/tests/*.test.mjs	2026-10-04T10:26:18.4370534Z ✔ room data files are isolated: clearing one room leaves the others intact (23.1503ms)
gateway-web	Run node --test apps/rooms/tests/*.test.mjs	2026-10-04T10:26:18.4371325Z ✔ hub configuration defaults to port 4320 and loopback only (0.4707ms)
gateway-web	Run node --test apps/rooms/tests/*.test.mjs	2026-10-04T10:26:18.4371800Z ✔ all ten local rooms are LOCAL_PRODUCT and carry null donor metadata (1.282ms)
gateway-web	Run node --test apps/rooms/tests/*.test.mjs	2026-10-04T10:26:18.4372287Z ✔ every incubating room declares a full donor and promotion contract (0.5414ms)
gateway-web	Run node --test apps/rooms/tests/*.test.mjs	2026-10-04T10:26:18.4372820Z ✔ lifecycle defaults and metadata projection follow the §5.2 contract (0.2027ms)
gateway-web	Run node --test apps/rooms/tests/*.test.mjs	2026-10-04T10:26:18.4373560Z ✔ a promoted room leaves the active catalog but stays known to Git history (0.3115ms)
gateway-web	Run node --test apps/rooms/tests/*.test.mjs	2026-10-04T10:26:18.4374038Z ✔ promotion records are validated and rejected when malformed (9.7376ms)
gateway-web	Run node --test apps/rooms/tests/*.test.mjs	2026-10-04T10:26:18.4374720Z ✔ promotion cross-checks catch an unknown room, an active room and a path mismatch (0.394ms)
gateway-web	Run node --test apps/rooms/tests/*.test.mjs	2026-10-04T10:26:18.4375354Z ✔ hub exposes lifecycle metadata and the promotion record set (50.1508ms)
gateway-web	Run node --test apps/rooms/tests/*.test.mjs	2026-10-04T10:26:19.0090429Z ✔ knowledge room creates, lists, edits and deletes entries over HTTP (68.9746ms)
gateway-web	Run node --test apps/rooms/tests/*.test.mjs	2026-10-04T10:26:19.0091051Z ✔ knowledge entries survive a hub restart (14.0752ms)
gateway-web	Run node --test apps/rooms/tests/*.test.mjs	2026-10-04T10:26:19.0091620Z ✔ knowledge search covers title, body and tags and is case-insensitive (15.1354ms)
gateway-web	Run node --test apps/rooms/tests/*.test.mjs	2026-10-04T10:26:19.0092137Z ✔ knowledge export bundle carries format, schemaVersion and full entries (7.8429ms)
gateway-web	Run node --test apps/rooms/tests/*.test.mjs	2026-10-04T10:26:19.0092635Z ✔ knowledge import replaces data and rejects malformed bundles whole (16.675ms)
gateway-web	Run node --test apps/rooms/tests/*.test.mjs	2026-10-04T10:26:19.0093123Z ✔ knowledge entries are ordered newest-updated first (37.4673ms)
gateway-web	Run node --test apps/rooms/tests/*.test.mjs	2026-10-04T10:26:19.0202979Z ✔ a relocated promotion keeps its historical target and names its authority (7.6038ms)
gateway-web	Run node --test apps/rooms/tests/*.test.mjs	2026-10-04T10:26:19.0203569Z ✔ every promotion record still names a landing point under city/ (3.2163ms)
gateway-web	Run node --test apps/rooms/tests/*.test.mjs	2026-10-04T10:26:21.6346842Z ✔ prompt library creates a prompt and derives its variables (67.4767ms)
gateway-web	Run node --test apps/rooms/tests/*.test.mjs	2026-10-04T10:26:21.6347832Z ✔ prompt rendering fills known variables and reports the missing ones (17.0448ms)
gateway-web	Run node --test apps/rooms/tests/*.test.mjs	2026-10-04T10:26:21.6348978Z ✔ prompt values persist with the prompt and are reused as defaults (19.2848ms)
gateway-web	Run node --test apps/rooms/tests/*.test.mjs	2026-10-04T10:26:21.6349698Z ✔ prompt search covers title, template and note (17.5439ms)
gateway-web	Run node --test apps/rooms/tests/*.test.mjs	2026-10-04T10:26:21.6350521Z ✔ prompt export/import replaces the library and the room never calls an AI provider (18.5889ms)
gateway-web	Run node --test apps/rooms/tests/*.test.mjs	2026-10-04T10:26:21.6469294Z ✔ text stats count characters, words and lines (1.6644ms)
gateway-web	Run node --test apps/rooms/tests/*.test.mjs	2026-10-04T10:26:21.6470219Z ✔ whitespace and blank-line operations are deterministic (0.3228ms)
gateway-web	Run node --test apps/rooms/tests/*.test.mjs	2026-10-04T10:26:21.6470669Z ✔ sort and dedupe behave predictably (0.4703ms)
gateway-web	Run node --test apps/rooms/tests/*.test.mjs	2026-10-04T10:26:21.6471041Z ✔ case operations cover upper, lower and title (0.2767ms)
gateway-web	Run node --test apps/rooms/tests/*.test.mjs	2026-10-04T10:26:21.6471433Z ✔ line diff reports added, removed and identical lines (0.325ms)
gateway-web	Run node --test apps/rooms/tests/*.test.mjs	2026-10-04T10:26:21.6471877Z ✔ text workshop serves transforms over HTTP and persists nothing (92.3826ms)
gateway-web	Run node --test apps/rooms/tests/*.test.mjs	2026-10-04T10:26:21.6473168Z ℹ tests 69
gateway-web	Run node --test apps/rooms/tests/*.test.mjs	2026-10-04T10:26:21.6473428Z ℹ suites 0
gateway-web	Run node --test apps/rooms/tests/*.test.mjs	2026-10-04T10:26:21.6473642Z ℹ pass 69
gateway-web	Run node --test apps/rooms/tests/*.test.mjs	2026-10-04T10:26:21.6473848Z ℹ fail 0
gateway-web	Run node --test apps/rooms/tests/*.test.mjs	2026-10-04T10:26:21.6474068Z ℹ cancelled 0
gateway-web	Run node --test apps/rooms/tests/*.test.mjs	2026-10-04T10:26:21.6474306Z ℹ skipped 0
gateway-web	Run node --test apps/rooms/tests/*.test.mjs	2026-10-04T10:26:21.6474476Z ℹ todo 0
gateway-web	Run node --test apps/rooms/tests/*.test.mjs	2026-10-04T10:26:21.6474655Z ℹ duration_ms 9915.2957
gateway-web	Run node city/test-all.mjs	﻿2026-10-04T10:26:21.7469042Z ##[group]Run node city/test-all.mjs
gateway-web	Run node city/test-all.mjs	2026-10-04T10:26:21.7469384Z ^[[36;1mnode city/test-all.mjs^[[0m
gateway-web	Run node city/test-all.mjs	2026-10-04T10:26:21.7524995Z shell: C:\Program Files\PowerShell\7\pwsh.EXE -command ". '{0}'"
gateway-web	Run node city/test-all.mjs	2026-10-04T10:26:21.7525273Z env:
gateway-web	Run node city/test-all.mjs	2026-10-04T10:26:21.7525482Z   PNPM_HOME: C:\Users\runneradmin\setup-pnpm\node_modules\.bin
gateway-web	Run node city/test-all.mjs	2026-10-04T10:26:21.7525757Z ##[endgroup]
gateway-web	Run node city/test-all.mjs	2026-10-04T10:26:22.0235124Z city: running 121 test file(s)
gateway-web	Run node city/test-all.mjs	2026-10-04T10:26:22.0236424Z   00-foundation/01-city-core/audit-ledger/tests/decision-ledger.test.mjs
gateway-web	Run node city/test-all.mjs	2026-10-04T10:26:22.0237641Z   00-foundation/01-city-core/audit-ledger/tests/guardian-gate.test.mjs
gateway-web	Run node city/test-all.mjs	2026-10-04T10:26:22.0238334Z   00-foundation/01-city-core/audit-ledger/tests/recovery.test.mjs
gateway-web	Run node city/test-all.mjs	2026-10-04T10:26:22.0239280Z   00-foundation/01-city-core/fleet-routing/tests/adaptive-routing.test.mjs
gateway-web	Run node city/test-all.mjs	2026-10-04T10:26:22.0239969Z   00-foundation/01-city-core/fleet-routing/tests/capability-routing.test.mjs
gateway-web	Run node city/test-all.mjs	2026-10-04T10:26:22.0240559Z   00-foundation/01-city-core/fleet-routing/tests/coverage.test.mjs
gateway-web	Run node city/test-all.mjs	2026-10-04T10:26:22.0241339Z   00-foundation/01-city-core/fleet-routing/tests/fleet.test.mjs
gateway-web	Run node city/test-all.mjs	2026-10-04T10:26:22.0241962Z   00-foundation/01-city-core/fleet-routing/tests/hysteresis.test.mjs
gateway-web	Run node city/test-all.mjs	2026-10-04T10:26:22.0242544Z   00-foundation/01-city-core/fleet-routing/tests/pressure.test.mjs
gateway-web	Run node city/test-all.mjs	2026-10-04T10:26:22.0243586Z   00-foundation/01-city-core/fleet-routing/tests/rescan.test.mjs
gateway-web	Run node city/test-all.mjs	2026-10-04T10:26:22.0245045Z   00-foundation/01-city-core/fleet-routing/tests/routing-sequence.test.mjs
gateway-web	Run node city/test-all.mjs	2026-10-04T10:26:22.0246128Z   00-foundation/01-city-core/root-authority/tests/guard.test.mjs
gateway-web	Run node city/test-all.mjs	2026-10-04T10:26:22.0247272Z   00-foundation/01-city-core/root-authority/tests/protected-surface.test.mjs
gateway-web	Run node city/test-all.mjs	2026-10-04T10:26:22.0248026Z   00-foundation/01-city-core/task-lifecycle/tests/task-lifecycle.test.mjs
gateway-web	Run node city/test-all.mjs	2026-10-04T10:26:22.0248737Z   00-foundation/02-city-node-network/device-identity/tests/device-identity.test.mjs
gateway-web	Run node city/test-all.mjs	2026-10-04T10:26:22.0249552Z   00-foundation/02-city-node-network/pairing-trust/tests/pairing-trust.test.mjs
gateway-web	Run node city/test-all.mjs	2026-10-04T10:26:22.0250474Z   00-foundation/03-capability-fabric/capability-fabric/tests/capability-fabric.test.mjs
gateway-web	Run node city/test-all.mjs	2026-10-04T10:26:22.0251385Z   00-foundation/03-capability-fabric/capability-fabric/tests/v03-derivation-parity.test.mjs
gateway-web	Run node city/test-all.mjs	2026-10-04T10:26:22.0252033Z   00-foundation/05-control-centre/theme-engine/tests/d9-core.test.mjs
gateway-web	Run node city/test-all.mjs	2026-10-04T10:26:22.0252439Z   00-foundation/05-control-centre/theme-engine/tests/d9-parity.test.mjs
gateway-web	Run node city/test-all.mjs	2026-10-04T10:26:22.0252841Z   00-foundation/05-control-centre/theme-engine/tests/theme-engine.test.mjs
gateway-web	Run node city/test-all.mjs	2026-10-04T10:26:22.0253440Z   00-foundation/05-control-centre/theme-engine/tests/theme-package.test.mjs
gateway-web	Run node city/test-all.mjs	2026-10-04T10:26:22.0253972Z   02-engineering/01-project-foreman/project-foreman/tests/adapters-autonomy.test.mjs
gateway-web	Run node city/test-all.mjs	2026-10-04T10:26:22.0254914Z   02-engineering/01-project-foreman/project-foreman/tests/donor/engineering-checkpoint.test.mjs
gateway-web	Run node city/test-all.mjs	2026-10-04T10:26:22.0256027Z   02-engineering/01-project-foreman/project-foreman/tests/donor/engineering-context.test.mjs
gateway-web	Run node city/test-all.mjs	2026-10-04T10:26:22.0256976Z   02-engineering/01-project-foreman/project-foreman/tests/donor/engineering-cross-volume-cleanup.test.mjs
gateway-web	Run node city/test-all.mjs	2026-10-04T10:26:22.0257991Z   02-engineering/01-project-foreman/project-foreman/tests/donor/engineering-plan.test.mjs
gateway-web	Run node city/test-all.mjs	2026-10-04T10:26:22.0258989Z   02-engineering/01-project-foreman/project-foreman/tests/donor/engineering-process-identity.test.mjs
gateway-web	Run node city/test-all.mjs	2026-10-04T10:26:22.0260057Z   02-engineering/01-project-foreman/project-foreman/tests/donor/engineering-process-real.test.mjs
gateway-web	Run node city/test-all.mjs	2026-10-04T10:26:22.0261093Z   02-engineering/01-project-foreman/project-foreman/tests/donor/engineering-recovery-journal.test.mjs
gateway-web	Run node city/test-all.mjs	2026-10-04T10:26:22.0262198Z   02-engineering/01-project-foreman/project-foreman/tests/donor/engineering-recovery-schema.test.mjs
gateway-web	Run node city/test-all.mjs	2026-10-04T10:26:22.0263073Z   02-engineering/01-project-foreman/project-foreman/tests/donor/engineering-scenarios-autonomy.test.mjs
gateway-web	Run node city/test-all.mjs	2026-10-04T10:26:22.0263636Z   02-engineering/01-project-foreman/project-foreman/tests/donor/engineering-scenarios.test.mjs
gateway-web	Run node city/test-all.mjs	2026-10-04T10:26:22.0266261Z   02-engineering/01-project-foreman/project-foreman/tests/donor/engineering-verifier.test.mjs
gateway-web	Run node city/test-all.mjs	2026-10-04T10:26:22.0266810Z   02-engineering/01-project-foreman/project-foreman/tests/donor/engineering-wiring-lock.test.mjs
gateway-web	Run node city/test-all.mjs	2026-10-04T10:26:22.0267342Z   02-engineering/01-project-foreman/project-foreman/tests/donor-boss/recovery-model.test.mjs
gateway-web	Run node city/test-all.mjs	2026-10-04T10:26:22.0267815Z   02-engineering/01-project-foreman/project-foreman/tests/failure-recovery.test.mjs
gateway-web	Run node city/test-all.mjs	2026-10-04T10:26:22.0268256Z   02-engineering/01-project-foreman/project-foreman/tests/plan-parity.test.mjs
gateway-web	Run node city/test-all.mjs	2026-10-04T10:26:22.0268670Z   02-engineering/01-project-foreman/project-foreman/tests/recovery.test.mjs
gateway-web	Run node city/test-all.mjs	2026-10-04T10:26:22.0269078Z   02-engineering/01-project-foreman/project-foreman/tests/supervisor.test.mjs
gateway-web	Run node city/test-all.mjs	2026-10-04T10:26:22.0269510Z   02-engineering/01-project-foreman/project-foreman/tests/verification.test.mjs
gateway-web	Run node city/test-all.mjs	2026-10-04T10:26:22.0269948Z   02-engineering/02-worker-gateway/provider-adapter/tests/provider-state.test.mjs
gateway-web	Run node city/test-all.mjs	2026-10-04T10:26:22.0270365Z   02-engineering/02-worker-gateway/provider-adapter/tests/runtime.test.mjs
gateway-web	Run node city/test-all.mjs	2026-10-04T10:26:22.0270797Z   02-engineering/02-worker-gateway/provider-resilience/tests/circuit-breaker.test.mjs
gateway-web	Run node city/test-all.mjs	2026-10-04T10:26:22.0271266Z   02-engineering/02-worker-gateway/provider-resilience/tests/provider-outcome.test.mjs
gateway-web	Run node city/test-all.mjs	2026-10-04T10:26:22.0271828Z   02-engineering/02-worker-gateway/skill-intake/tests/catalog-semantics.test.mjs
gateway-web	Run node city/test-all.mjs	2026-10-04T10:26:22.0272251Z   02-engineering/02-worker-gateway/skill-intake/tests/skill-discovery.test.mjs
gateway-web	Run node city/test-all.mjs	2026-10-04T10:26:22.0272649Z   02-engineering/02-worker-gateway/skill-intake/tests/skill-intake.test.mjs
gateway-web	Run node city/test-all.mjs	2026-10-04T10:26:22.0273019Z   02-engineering/02-worker-gateway/worker-runner/tests/runner.test.mjs
gateway-web	Run node city/test-all.mjs	2026-10-04T10:26:22.0273417Z   02-engineering/02-worker-gateway/worker-task-contract/tests/lifecycle.test.mjs
gateway-web	Run node city/test-all.mjs	2026-10-04T10:26:22.0273854Z   02-engineering/03-host-health-station/host-health-station/tests/differential.test.mjs
gateway-web	Run node city/test-all.mjs	2026-10-04T10:26:22.0274339Z   02-engineering/03-host-health-station/host-health-station/tests/host-health-station.test.mjs
gateway-web	Run node city/test-all.mjs	2026-10-04T10:26:22.0274842Z   02-engineering/04-restart-recovery-station/checkpoint-gate/tests/checkpoint-gate.test.mjs
gateway-web	Run node city/test-all.mjs	2026-10-04T10:26:22.0275329Z   02-engineering/04-restart-recovery-station/restart-lock/tests/restart-lock.test.mjs
gateway-web	Run node city/test-all.mjs	2026-10-04T10:26:22.0276009Z   02-engineering/04-restart-recovery-station/restart-protocol/tests/canonical-json.test.mjs
gateway-web	Run node city/test-all.mjs	2026-10-04T10:26:22.0276528Z   02-engineering/04-restart-recovery-station/restart-protocol/tests/request-validator.test.mjs
gateway-web	Run node city/test-all.mjs	2026-10-04T10:26:22.0276998Z   02-engineering/04-restart-recovery-station/restart-ticket/tests/ticket.test.mjs
gateway-web	Run node city/test-all.mjs	2026-10-04T10:26:22.0277481Z   06-research/01-research-institute/evidence-engine/tests/evidence-engine.test.mjs
gateway-web	Run node city/test-all.mjs	2026-10-04T10:26:22.0278029Z   06-research/01-research-institute/research-manuscript/tests/figures.test.mjs
gateway-web	Run node city/test-all.mjs	2026-10-04T10:26:22.0278475Z   06-research/01-research-institute/research-manuscript/tests/manuscript.test.mjs
gateway-web	Run node city/test-all.mjs	2026-10-04T10:26:22.0278904Z   06-research/01-research-institute/research-protocol/tests/command.test.mjs
gateway-web	Run node city/test-all.mjs	2026-10-04T10:26:22.0279313Z   06-research/01-research-institute/research-protocol/tests/contract.test.mjs
gateway-web	Run node city/test-all.mjs	2026-10-04T10:26:22.0279745Z   06-research/01-research-institute/research-protocol/tests/contracts.test.mjs
gateway-web	Run node city/test-all.mjs	2026-10-04T10:26:22.0280143Z   06-research/01-research-institute/research-protocol/tests/ir.test.mjs
gateway-web	Run node city/test-all.mjs	2026-10-04T10:26:22.0280531Z   06-research/01-research-institute/research-protocol/tests/protocol.test.mjs
gateway-web	Run node city/test-all.mjs	2026-10-04T10:26:22.0281077Z   06-research/01-research-institute/research-protocol/tests/roles.test.mjs
gateway-web	Run node city/test-all.mjs	2026-10-04T10:26:22.0281782Z   06-research/01-research-institute/research-provenance/tests/bibliography.test.mjs
gateway-web	Run node city/test-all.mjs	2026-10-04T10:26:22.0282428Z   06-research/01-research-institute/research-provenance/tests/citation.test.mjs
gateway-web	Run node city/test-all.mjs	2026-10-04T10:26:22.0282853Z   06-research/01-research-institute/research-provenance/tests/contracts.test.mjs
gateway-web	Run node city/test-all.mjs	2026-10-04T10:26:22.0283811Z   06-research/01-research-institute/research-provenance/tests/input.test.mjs
gateway-web	Run node city/test-all.mjs	2026-10-04T10:26:22.0284219Z   06-research/01-research-institute/research-review/tests/adjudicate.test.mjs
gateway-web	Run node city/test-all.mjs	2026-10-04T10:26:22.0284652Z   06-research/01-research-institute/research-review/tests/capability-registry.test.mjs
gateway-web	Run node city/test-all.mjs	2026-10-04T10:26:22.0285095Z   06-research/01-research-institute/research-review/tests/contracts.test.mjs
gateway-web	Run node city/test-all.mjs	2026-10-04T10:26:22.0285482Z   06-research/01-research-institute/research-review/tests/index.test.mjs
gateway-web	Run node city/test-all.mjs	2026-10-04T10:26:22.0285864Z   06-research/01-research-institute/research-review/tests/levela.test.mjs
gateway-web	Run node city/test-all.mjs	2026-10-04T10:26:22.0286238Z   06-research/01-research-institute/research-review/tests/levelb.test.mjs
gateway-web	Run node city/test-all.mjs	2026-10-04T10:26:22.0286609Z   06-research/01-research-institute/research-review/tests/review.test.mjs
gateway-web	Run node city/test-all.mjs	2026-10-04T10:26:22.0286993Z   06-research/01-research-institute/research-statistics/tests/battery.test.mjs
gateway-web	Run node city/test-all.mjs	2026-10-04T10:26:22.0287409Z   06-research/01-research-institute/research-statistics/tests/statistics.test.mjs
gateway-web	Run node city/test-all.mjs	2026-10-04T10:26:22.0287886Z   09-planning-knowledge/01-knowledge-service/knowledge-core/tests/knowledge-core.test.mjs
gateway-web	Run node city/test-all.mjs	2026-10-04T10:26:22.0288388Z   09-planning-knowledge/02-document-intake/document-readers/tests/document-readers.test.mjs
gateway-web	Run node city/test-all.mjs	2026-10-04T10:26:22.0289010Z   09-planning-knowledge/02-document-intake/document-readers/tests/docx.test.mjs
gateway-web	Run node city/test-all.mjs	2026-10-04T10:26:22.0289442Z   09-planning-knowledge/02-document-intake/document-readers/tests/engines.test.mjs
gateway-web	Run node city/test-all.mjs	2026-10-04T10:26:22.0289865Z   09-planning-knowledge/02-document-intake/document-readers/tests/pdf.test.mjs
gateway-web	Run node city/test-all.mjs	2026-10-04T10:26:22.0290276Z   09-planning-knowledge/02-document-intake/document-readers/tests/xlsx.test.mjs
gateway-web	Run node city/test-all.mjs	2026-10-04T10:26:22.0290729Z   09-planning-knowledge/02-document-intake/ingestion-core/tests/ingestion-core.test.mjs
gateway-web	Run node city/test-all.mjs	2026-10-04T10:26:22.0291199Z   09-planning-knowledge/02-document-intake/ingestion-core/tests/yaml-intake.test.mjs
gateway-web	Run node city/test-all.mjs	2026-10-04T10:26:22.0291638Z   09-planning-knowledge/02-document-intake/ingestion-core/tests/yaml-parser.test.mjs
gateway-web	Run node city/test-all.mjs	2026-10-04T10:26:22.0292108Z   10-automation/01-computer-use-runtime/backend-surface/tests/action-readiness.test.mjs
gateway-web	Run node city/test-all.mjs	2026-10-04T10:26:22.0292598Z   10-automation/01-computer-use-runtime/backend-surface/tests/computer-recovery.test.mjs
gateway-web	Run node city/test-all.mjs	2026-10-04T10:26:22.0293060Z   10-automation/01-computer-use-runtime/backend-surface/tests/dom-page.test.mjs
gateway-web	Run node city/test-all.mjs	2026-10-04T10:26:22.0294013Z   10-automation/01-computer-use-runtime/backend-surface/tests/permission.test.mjs
gateway-web	Run node city/test-all.mjs	2026-10-04T10:26:22.0294509Z   10-automation/01-computer-use-runtime/backend-surface/tests/provider-dom-surface.test.mjs
gateway-web	Run node city/test-all.mjs	2026-10-04T10:26:22.0294964Z   10-automation/01-computer-use-runtime/backend-surface/tests/semantic.test.mjs
gateway-web	Run node city/test-all.mjs	2026-10-04T10:26:22.0295544Z   10-automation/01-computer-use-runtime/backend-surface/tests/ui-surface.test.mjs
gateway-web	Run node city/test-all.mjs	2026-10-04T10:26:22.0295959Z   10-automation/01-computer-use-runtime/bounded-run/tests/health.test.mjs
gateway-web	Run node city/test-all.mjs	2026-10-04T10:26:22.0296357Z   10-automation/01-computer-use-runtime/bounded-run/tests/identity.test.mjs
gateway-web	Run node city/test-all.mjs	2026-10-04T10:26:22.0296747Z   10-automation/01-computer-use-runtime/bounded-run/tests/index.test.mjs
gateway-web	Run node city/test-all.mjs	2026-10-04T10:26:22.0297144Z   10-automation/01-computer-use-runtime/bounded-run/tests/reconnect.test.mjs
gateway-web	Run node city/test-all.mjs	2026-10-04T10:26:22.0297547Z   10-automation/01-computer-use-runtime/bounded-run/tests/recovery.test.mjs
gateway-web	Run node city/test-all.mjs	2026-10-04T10:26:22.0297939Z   10-automation/01-computer-use-runtime/bounded-run/tests/resources.test.mjs
gateway-web	Run node city/test-all.mjs	2026-10-04T10:26:22.0298348Z   10-automation/01-computer-use-runtime/bounded-run/tests/stabilization.test.mjs
gateway-web	Run node city/test-all.mjs	2026-10-04T10:26:22.0298737Z   10-automation/01-computer-use-runtime/bounded-run/tests/stall.test.mjs
gateway-web	Run node city/test-all.mjs	2026-10-04T10:26:22.0299128Z   10-automation/01-computer-use-runtime/bounded-run/tests/state-machine.test.mjs
gateway-web	Run node city/test-all.mjs	2026-10-04T10:26:22.0299547Z   10-automation/01-computer-use-runtime/execution-contract/tests/action.test.mjs
gateway-web	Run node city/test-all.mjs	2026-10-04T10:26:22.0299966Z   10-automation/01-computer-use-runtime/execution-contract/tests/contract.test.mjs
gateway-web	Run node city/test-all.mjs	2026-10-04T10:26:22.0300562Z   10-automation/01-computer-use-runtime/execution-contract/tests/contracts.test.mjs
gateway-web	Run node city/test-all.mjs	2026-10-04T10:26:22.0301002Z   10-automation/01-computer-use-runtime/execution-contract/tests/criteria.test.mjs
gateway-web	Run node city/test-all.mjs	2026-10-04T10:26:22.0301430Z   10-automation/01-computer-use-runtime/execution-contract/tests/errors.test.mjs
gateway-web	Run node city/test-all.mjs	2026-10-04T10:26:22.0301996Z   10-automation/01-computer-use-runtime/execution-contract/tests/parity.test.mjs
gateway-web	Run node city/test-all.mjs	2026-10-04T10:26:22.0302425Z   10-automation/01-computer-use-runtime/routing-safety/tests/evidence.test.mjs
gateway-web	Run node city/test-all.mjs	2026-10-04T10:26:22.0302828Z   10-automation/01-computer-use-runtime/routing-safety/tests/modal.test.mjs
gateway-web	Run node city/test-all.mjs	2026-10-04T10:26:22.0313254Z   10-automation/01-computer-use-runtime/routing-safety/tests/routing.test.mjs
gateway-web	Run node city/test-all.mjs	2026-10-04T10:26:22.0314807Z   10-automation/01-computer-use-runtime/routing-safety/tests/safety.test.mjs
gateway-web	Run node city/test-all.mjs	2026-10-04T10:26:22.0315524Z   10-automation/01-computer-use-runtime/target-guard/tests/target.test.mjs
gateway-web	Run node city/test-all.mjs	2026-10-04T10:26:22.0316205Z   10-automation/01-computer-use-runtime/world-verification/tests/miss.test.mjs
gateway-web	Run node city/test-all.mjs	2026-10-04T10:26:22.0316953Z   10-automation/01-computer-use-runtime/world-verification/tests/observer.test.mjs
gateway-web	Run node city/test-all.mjs	2026-10-04T10:26:22.0317697Z   10-automation/01-computer-use-runtime/world-verification/tests/progress.test.mjs
gateway-web	Run node city/test-all.mjs	2026-10-04T10:26:22.0318661Z   10-automation/01-computer-use-runtime/world-verification/tests/verification.test.mjs
gateway-web	Run node city/test-all.mjs	2026-10-04T10:26:22.0319447Z   10-automation/01-computer-use-runtime/world-verification/tests/world-state.test.mjs
gateway-web	Run node city/test-all.mjs	2026-10-04T10:26:22.0319808Z   tests/manifest.test.mjs
gateway-web	Run node city/test-all.mjs	2026-10-04T10:26:22.1805399Z ✔ a well-formed entry validates and keeps every field (1.7433ms)
gateway-web	Run node city/test-all.mjs	2026-10-04T10:26:22.1812274Z ✔ the donor bounds are enforced one for one (1.0945ms)
gateway-web	Run node city/test-all.mjs	2026-10-04T10:26:22.1824835Z ✔ append is immutable and refuses to overwrite an existing decision (0.3418ms)
gateway-web	Run node city/test-all.mjs	2026-10-04T10:26:22.1825821Z ✔ appendAllToLedger appends in order and stops at the first bad entry (0.2892ms)
gateway-web	Run node city/test-all.mjs	2026-10-04T10:26:22.1841860Z ✔ summarizeLedger counts by source and outcome and reports rollbacks (0.2914ms)
gateway-web	Run node city/test-all.mjs	2026-10-04T10:26:22.1846510Z ✔ entriesForTask returns that task history in ledger order (0.2034ms)
gateway-web	Run node city/test-all.mjs	2026-10-04T10:26:22.2137394Z ✔ the donor vocabulary is seven checks plus four theme checks (2.4073ms)
gateway-web	Run node city/test-all.mjs	2026-10-04T10:26:22.2139336Z ✔ no observations means NOT_RUN, not a pass, and release is blocked (1.691ms)
gateway-web	Run node city/test-all.mjs	2026-10-04T10:26:22.2140259Z ✔ a fully evidenced candidate is released with every check named (0.7585ms)
gateway-web	Run node city/test-all.mjs	2026-10-04T10:26:22.2141136Z ✔ a partial context reports exactly what is still owed (0.4864ms)
gateway-web	Run node city/test-all.mjs	2026-10-04T10:26:22.2143005Z ✔ a removal check that could not run is NOT_RUN, never PASS (0.6599ms)
gateway-web	Run node city/test-all.mjs	2026-10-04T10:26:22.2144024Z ✔ unapproved removals fail the destructive-change check and name the kind (0.6393ms)
gateway-web	Run node city/test-all.mjs	2026-10-04T10:26:22.2144850Z ✔ coverage below 100% fails and reports the ratio (1.7054ms)
gateway-web	Run node city/test-all.mjs	2026-10-04T10:26:22.2145598Z ✔ an empty goal fails even when requirements are listed (0.2132ms)
gateway-web	Run node city/test-all.mjs	2026-10-04T10:26:22.2146421Z ✔ a deliverable with no serving requirement fails the goal check (0.2603ms)
gateway-web	Run node city/test-all.mjs	2026-10-04T10:26:22.2147222Z ✔ scope violations and refusals fail the scope check (0.6652ms)
gateway-web	Run node city/test-all.mjs	2026-10-04T10:26:22.2148108Z ✔ an empty evidence ledger fails completeness even with nothing outstanding (0.2622ms)
gateway-web	Run node city/test-all.mjs	2026-10-04T10:26:22.2148991Z ✔ an Owner override must be lexically reflected in the work (0.5809ms)
gateway-web	Run node city/test-all.mjs	2026-10-04T10:26:22.2149935Z ✔ a touched theme lane requires the four theme checks even when nothing was read (0.2763ms)
gateway-web	Run node city/test-all.mjs	2026-10-04T10:26:22.2150813Z ✔ readable theme packages produce real theme verdicts (0.6576ms)
gateway-web	Run node city/test-all.mjs	2026-10-04T10:26:22.2156150Z ✔ a non-built-in theme with diagnostics is not judged on built-in integrity (0.1509ms)
gateway-web	Run node city/test-all.mjs	2026-10-04T10:26:22.2157386Z ✔ termsOf keeps runs of four or more alphanumerics and deduplicates (0.1882ms)
gateway-web	Run node city/test-all.mjs	2026-10-04T10:26:22.2167085Z ✔ the result factories shape their inputs (0.2527ms)
gateway-web	Run node city/test-all.mjs	2026-10-04T10:26:22.2191847Z ✔ the §33 vocabularies are declared exactly as the donor declares them (2.1101ms)
gateway-web	Run node city/test-all.mjs	2026-10-04T10:26:22.2192889Z ✔ every class the donor can produce is classified with its own confidence, severity and reason (2.5265ms)
gateway-web	Run node city/test-all.mjs	2026-10-04T10:26:22.2194440Z ✔ the ladder is decided most-authoritative-first, not by whichever pattern is easiest (1.047ms)
gateway-web	Run node city/test-all.mjs	2026-10-04T10:26:22.2198251Z ✔ a rule whose host-verified precondition is absent does not fire (0.4462ms)
gateway-web	Run node city/test-all.mjs	2026-10-04T10:26:22.2199306Z ✔ a gate that failed with no signature is classified from the gate itself (0.3279ms)
gateway-web	Run node city/test-all.mjs	2026-10-04T10:26:22.2200279Z ✔ an observation with no signal at all is UNKNOWN, not the most convenient class (0.251ms)
gateway-web	Run node city/test-all.mjs	2026-10-04T10:26:22.2201289Z ✔ an unlisted TS error code is a dependency when no module was confirmed missing (0.2399ms)
gateway-web	Run node city/test-all.mjs	2026-10-04T10:26:22.2202825Z ✔ the classifier reads the provider fields, not only the detail (0.1851ms)
gateway-web	Run node city/test-all.mjs	2026-10-04T10:26:22.2207533Z ✔ a plan exists for every class, walks the whole ladder, and always ends at the Hard Blocker (1.4747ms)
gateway-web	Run node city/test-all.mjs	2026-10-04T10:26:22.2209029Z ✔ an inapplicable step keeps its donor reason rather than being dropped (0.4893ms)
gateway-web	Run node city/test-all.mjs	2026-10-04T10:26:22.2226429Z ✔ a TERMINAL failure has no applicable step but the Hard Blocker, and is never planned for retry (0.4155ms)
gateway-web	Run node city/test-all.mjs	2026-10-04T10:26:22.2227731Z ✔ the THEME class carries §33.2's own ladder (0.2238ms)
gateway-web	Run node city/test-all.mjs	2026-10-04T10:26:22.2228863Z ✔ progress offers the next step while its budget remains, and moves on at the exact boundary (0.3724ms)
gateway-web	Run node city/test-all.mjs	2026-10-04T10:26:22.2237265Z ✔ the ladder is not advisory: a later step is never offered while a cheaper one has budget (0.2298ms)
gateway-web	Run node city/test-all.mjs	2026-10-04T10:26:22.2238487Z ✔ a PASS still spends the budget, because the run advances on attempts made (0.2494ms)
gateway-web	Run node city/test-all.mjs	2026-10-04T10:26:22.2239604Z ✔ a class with no applicable step reports the reason for its first skipped step (0.2009ms)
gateway-web	Run node city/test-all.mjs	2026-10-04T10:26:22.2240533Z ✔ the shape helpers construct the donor shapes and copy their lists (0.3702ms)
gateway-web	Run node city/test-all.mjs	2026-10-04T10:26:22.2241550Z ✔ the shape validators refuse a field that lies about its type, without inventing new rules (1.5564ms)
gateway-web	Run node city/test-all.mjs	2026-10-04T10:26:22.2242897Z ✔ the ported functions refuse a classification that is not one of §33.1's classes (0.1871ms)
gateway-web	Run node city/test-all.mjs	2026-10-04T10:26:22.2851528Z ✔ the policy constants are the donor constants (1.7001ms)
gateway-web	Run node city/test-all.mjs	2026-10-04T10:26:22.2867114Z ✔ clamp01 clamps the range and treats a non-finite value as zero (0.2119ms)
gateway-web	Run node city/test-all.mjs	2026-10-04T10:26:22.2868113Z ✔ expectedUtility scores the neutral prior exactly (0.2742ms)
gateway-web	Run node city/test-all.mjs	2026-10-04T10:26:22.2872297Z ✔ expectedUtility charges the latency term only when latency is defined (0.2714ms)
gateway-web	Run node city/test-all.mjs	2026-10-04T10:26:22.2876147Z ✔ expectedUtility charges the resource term only when it is defined (0.2509ms)
gateway-web	Run node city/test-all.mjs	2026-10-04T10:26:22.2877652Z ✔ expectedUtility clamps every out-of-range input (0.1918ms)
gateway-web	Run node city/test-all.mjs	2026-10-04T10:26:22.2885290Z ✔ expectedUtility rounds to four decimals with Number(toFixed(4)) (0.2042ms)
gateway-web	Run node city/test-all.mjs	2026-10-04T10:26:22.2887765Z ✔ the adaptive value shapes validate scores, decisions and rerank results (1.3777ms)
gateway-web	Run node city/test-all.mjs	2026-10-04T10:26:22.3055409Z ✔ the routing vocabulary is the donor vocabulary, with an unobserved default (2.5964ms)
gateway-web	Run node city/test-all.mjs	2026-10-04T10:26:22.3057400Z ✔ states that cannot accept work are excluded with their reason (0.4663ms)
gateway-web	Run node city/test-all.mjs	2026-10-04T10:26:22.3058954Z ✔ blocked never lists a capability exclusion, even when both exclusion kinds occur (0.3052ms)
gateway-web	Run node city/test-all.mjs	2026-10-04T10:26:22.3059924Z ✔ a missing requirement is named in full, and an unobserved state is UNKNOWN (0.2864ms)
gateway-web	Run node city/test-all.mjs	2026-10-04T10:26:22.3061239Z ✔ candidate order is preserved and empty requirements admit state-eligible candidates (0.23ms)
gateway-web	Run node city/test-all.mjs	2026-10-04T10:26:22.3062478Z ✔ self-inspection reports every capability in the donor order from observed facts only (0.6003ms)
gateway-web	Run node city/test-all.mjs	2026-10-04T10:26:22.3063385Z ✔ an unobserved web-AI provider and an absent GPU are never READY (0.3156ms)
gateway-web	Run node city/test-all.mjs	2026-10-04T10:26:22.3064284Z ✔ compute FAILED fails the node, memory DEGRADED degrades it, READY needs neither (0.3751ms)
gateway-web	Run node city/test-all.mjs	2026-10-04T10:26:22.3065209Z ✔ inspectNode derives the verdicts and the node state once, from one record (0.3761ms)
gateway-web	Run node city/test-all.mjs	2026-10-04T10:26:22.3066065Z ✔ the self-inspection value shapes validate observed records (2.0406ms)
gateway-web	Run node city/test-all.mjs	2026-10-04T10:26:22.3096382Z ✔ RS-202 scenario: several devices submitting at once cannot double-execute the same subject (1.1782ms)
gateway-web	Run node city/test-all.mjs	2026-10-04T10:26:22.3097518Z ✔ RS-202 scenario: a RETRY is idempotent while a second device on the same work is not (0.1601ms)
gateway-web	Run node city/test-all.mjs	2026-10-04T10:26:22.3100106Z ✔ RS-202 scenario: a heavily loaded device is paused while its peers stay eligible (0.8899ms)
gateway-web	Run node city/test-all.mjs	2026-10-04T10:26:22.3101173Z ✔ RS-202 scenario: a congested provider session is queued or diverted, never terminal (0.433ms)
gateway-web	Run node city/test-all.mjs	2026-10-04T10:26:22.3102639Z ✔ RS-202 scenario: a device that drops offline is unreachable, and its return wakes the re-scan (14.3805ms)
gateway-web	Run node city/test-all.mjs	2026-10-04T10:26:22.3104104Z ✔ RS-202 scenario: a claim survives a dropout by TRANSFER, and the old holder cannot retry it (2.6943ms)
gateway-web	Run node city/test-all.mjs	2026-10-04T10:26:22.3105313Z ✔ RS-202 scenario: an eligible set going 0 -> 1 is a TEMPORARY absence that then wakes on an event (1.5862ms)
gateway-web	Run node city/test-all.mjs	2026-10-04T10:26:22.3106351Z ✔ RS-202 scenario: a flapping pool cannot move work that is already claimed (1.3839ms)
gateway-web	Run node city/test-all.mjs	2026-10-04T10:26:22.3829237Z ✔ the heartbeat windows are the donor constants (1.8343ms)
gateway-web	Run node city/test-all.mjs	2026-10-04T10:26:22.3830211Z ✔ node state is derived from the heartbeat age at exact boundaries (0.2651ms)
gateway-web	Run node city/test-all.mjs	2026-10-04T10:26:22.3831139Z ✔ work is accepted by state and by every required capability, never by assumption (0.4237ms)
gateway-web	Run node city/test-all.mjs	2026-10-04T10:26:22.3839048Z ✔ first-fit routing walks nodes in join order and records the placement (0.4571ms)
gateway-web	Run node city/test-all.mjs	2026-10-04T10:26:22.3856233Z ✔ no eligible node queues the task with an honest note instead of a placement (0.2823ms)
gateway-web	Run node city/test-all.mjs	2026-10-04T10:26:22.3861953Z ✔ dropout leaves unrelated and completed work untouched, by identity (0.3539ms)
gateway-web	Run node city/test-all.mjs	2026-10-04T10:26:22.3863392Z ✔ checkpointed work transfers back to the queue with its checkpoint (0.2587ms)
gateway-web	Run node city/test-all.mjs	2026-10-04T10:26:22.3864466Z ✔ replay-safe work is reassigned; unsafe work fails without bumping attempts (0.2343ms)
gateway-web	Run node city/test-all.mjs	2026-10-04T10:26:22.3865462Z ✔ dropout resolves each assignment independently in one pass (0.5578ms)
gateway-web	Run node city/test-all.mjs	2026-10-04T10:26:22.3867663Z ✔ the value shape validators accept honest records and refuse invented ones (1.3682ms)
gateway-web	Run node city/test-all.mjs	2026-10-04T10:26:22.3950330Z ✔ RS-202: the first selection is ADOPTED immediately, because a non-flap should not pay latency (1.4234ms)
gateway-web	Run node city/test-all.mjs	2026-10-04T10:26:22.3951869Z ✔ RS-202: a single different reading never moves work - persistence is required (1.0927ms)
gateway-web	Run node city/test-all.mjs	2026-10-04T10:26:22.3954364Z ✔ RS-202: two consecutive confirmations satisfy persistence but the DWELL still suppresses (0.3723ms)
gateway-web	Run node city/test-all.mjs	2026-10-04T10:26:22.3955426Z ✔ RS-202: past the dwell a persistent alternative switches, exactly once (0.2557ms)
gateway-web	Run node city/test-all.mjs	2026-10-04T10:26:22.3956400Z ✔ RS-202: an ALTERNATING pool never earns a switch - the anti-flap case itself (0.2498ms)
gateway-web	Run node city/test-all.mjs	2026-10-04T10:26:22.3957310Z ✔ RS-202: with nothing eligible the decision HOLDS rather than moving to nothing (0.2082ms)
gateway-web	Run node city/test-all.mjs	2026-10-04T10:26:22.3958213Z ✔ RS-202: subjects are damped independently, so one task cannot suppress another (0.186ms)
gateway-web	Run node city/test-all.mjs	2026-10-04T10:26:22.3959331Z ✔ RS-202: the damping policy and decision vocabulary are inspectable, and flapping is measurable (0.8136ms)
gateway-web	Run node city/test-all.mjs	2026-10-04T10:26:22.4016084Z ✔ RS-202: load is a VECTOR and a full vector yields a known pressure (2.0638ms)
gateway-web	Run node city/test-all.mjs	2026-10-04T10:26:22.4017246Z ✔ RS-202: a partial load vector is reported as PARTIAL, with the unobserved dimensions named (0.2947ms)
gateway-web	Run node city/test-all.mjs	2026-10-04T10:26:22.4018635Z ✔ RS-202: an absent or empty load vector is UNKNOWN, never zero (0.3387ms)
gateway-web	Run node city/test-all.mjs	2026-10-04T10:26:22.4019612Z ✔ RS-202: a single saturated dimension BINDS, so idle dimensions cannot dilute it (0.518ms)
gateway-web	Run node city/test-all.mjs	2026-10-04T10:26:22.4020665Z ✔ RS-202: UNKNOWN load makes a device INELIGIBLE - absence is not spare capacity (0.2066ms)
gateway-web	Run node city/test-all.mjs	2026-10-04T10:26:22.4021629Z ✔ RS-202: load at or above the pause threshold pauses placement (0.1975ms)
gateway-web	Run node city/test-all.mjs	2026-10-04T10:26:22.4022634Z ✔ RS-202: a user-disabled device is refused, and an unreadable enablement is refused too (0.3163ms)
gateway-web	Run node city/test-all.mjs	2026-10-04T10:26:22.4023749Z ✔ RS-202: eligibility precedence is ordered, so the reported reason is the actionable one (0.4635ms)
gateway-web	Run node city/test-all.mjs	2026-10-04T10:26:22.4025160Z ✔ RS-202: refusing and unreachable states come from the fleet/presence vocabularies, not a new one (0.4219ms)
gateway-web	Run node city/test-all.mjs	2026-10-04T10:26:22.4031112Z ✔ RS-202: session and provider concurrency ceilings are enforced independently (0.4529ms)
gateway-web	Run node city/test-all.mjs	2026-10-04T10:26:22.4033585Z ✔ RS-202: a reachable but BUSY device is momentarily unsuitable rather than ineligible (0.2385ms)
gateway-web	Run node city/test-all.mjs	2026-10-04T10:26:22.4034896Z ✔ RS-202: policy exclusion is reported as policy rather than hidden behind a resource reason (0.1724ms)
gateway-web	Run node city/test-all.mjs	2026-10-04T10:26:22.4050821Z ✔ RS-202: every verdict is explainable - it carries its reasons and the evidence for them (0.1899ms)
gateway-web	Run node city/test-all.mjs	2026-10-04T10:26:22.4052305Z ✔ RS-202: the pressure input bundle exposes all six named factors in one place (0.5742ms)
gateway-web	Run node city/test-all.mjs	2026-10-04T10:26:22.4053904Z ✔ RS-202: eligibility stays a SCHEDULABILITY decision and never touches permission or trust (0.3306ms)
gateway-web	Run node city/test-all.mjs	2026-10-04T10:26:22.4630837Z ✔ RS-202: an already-eligible key resolves IMMEDIATELY without waiting at all (1.3601ms)
gateway-web	Run node city/test-all.mjs	2026-10-04T10:26:22.4653761Z ✔ RS-202: an EVENT wake is the primary mechanism, and it beats the ceiling (5.3799ms)
gateway-web	Run node city/test-all.mjs	2026-10-04T10:26:22.4667725Z ✔ RS-202: a signal that changes NOTHING must not wake the waiter - the re-scan-storm guard (1.7342ms)
gateway-web	Run node city/test-all.mjs	2026-10-04T10:26:22.4994932Z ✔ RS-202: the CEILING is a backstop that prompts a re-scan instead of hanging forever (30.9369ms)
gateway-web	Run node city/test-all.mjs	2026-10-04T10:26:22.5001119Z ✔ RS-202: the default ceiling is the 20-minute policy figure and is a bound, not an interval (0.4742ms)
gateway-web	Run node city/test-all.mjs	2026-10-04T10:26:22.5011578Z ✔ RS-202: signals are scoped to their key, so one pool cannot wake another pool waiters (2.8971ms)
gateway-web	Run node city/test-all.mjs	2026-10-04T10:26:22.5024170Z ✔ RS-202: a predicate that throws degrades to not-eligible instead of breaking the main path (0.969ms)
gateway-web	Run node city/test-all.mjs	2026-10-04T10:26:22.5031557Z ✔ RS-202: cancellation resolves every waiter and reports that no re-scan is required (0.7767ms)
gateway-web	Run node city/test-all.mjs	2026-10-04T10:26:22.5405195Z ✔ RS-202: no wake path can ever report a terminal failure (36.466ms)
gateway-web	Run node city/test-all.mjs	2026-10-04T10:26:22.5547850Z ✔ RS-202: an eligible current device runs DIRECTLY, without offering anything (2.7142ms)
gateway-web	Run node city/test-all.mjs	2026-10-04T10:26:22.5550527Z ✔ RS-202: an unavailable current device produces a SWITCH OFFER that is data, not an action (0.4595ms)
gateway-web	Run node city/test-all.mjs	2026-10-04T10:26:22.5557118Z ✔ RS-202: the offer is made BEFORE any queueing, so the user gets the choice first (0.4542ms)
gateway-web	Run node city/test-all.mjs	2026-10-04T10:26:22.5563863Z ✔ RS-202: after a declined switch the sequence diverts to an eligible alternate device (0.6156ms)
gateway-web	Run node city/test-all.mjs	2026-10-04T10:26:22.5566489Z ✔ RS-202: with no spare candidate the sequence QUEUES with a bounded, event-driven deadline (0.4721ms)
gateway-web	Run node city/test-all.mjs	2026-10-04T10:26:22.5567497Z ✔ RS-202: TRANSIENT no-resource is never a terminal failure (0.2472ms)
gateway-web	Run node city/test-all.mjs	2026-10-04T10:26:22.5568401Z ✔ RS-202: ineligibility and temporary absence are DIFFERENT facts, not one bucket (0.9916ms)
gateway-web	Run node city/test-all.mjs	2026-10-04T10:26:22.5569445Z ✔ RS-202: an empty pool is an absence of candidates rather than a refusal of them (0.3154ms)
gateway-web	Run node city/test-all.mjs	2026-10-04T10:26:22.5573282Z ✔ RS-202: retry is bounded and reaching the bound still does not end the task (1.3359ms)
gateway-web	Run node city/test-all.mjs	2026-10-04T10:26:22.5574956Z ✔ RS-202: the result always returns to the ORIGIN device on every path (0.5297ms)
gateway-web	Run node city/test-all.mjs	2026-10-04T10:26:22.5579363Z ✔ RS-202: the stage vocabulary is ordered as data, and the reason sets do not overlap (0.8703ms)
gateway-web	Run node city/test-all.mjs	2026-10-04T10:26:22.5581128Z ✔ the composition rule is fixed: escape beats protected beats clean (5.5245ms)
gateway-web	Run node city/test-all.mjs	2026-10-04T10:26:22.5582176Z ✔ assessPaths treats anything unresolvable as an escape, never as unprotected (2.7983ms)
gateway-web	Run node city/test-all.mjs	2026-10-04T10:26:22.5585529Z ✔ a rename is classified on both endpoints and a delete like a write (2.2775ms)
gateway-web	Run node city/test-all.mjs	2026-10-04T10:26:22.5587572Z ✔ assessChangeSet reads repo-relative diff names and skips blanks (0.7261ms)
gateway-web	Run node city/test-all.mjs	2026-10-04T10:26:22.5600894Z ✔ reasons list at most five escapes and at most ten protected hits (0.6849ms)
gateway-web	Run node city/test-all.mjs	2026-10-04T10:26:22.5601997Z ✔ patterns() is the compiled surface in order, immutable manifest first (1.3389ms)
gateway-web	Run node city/test-all.mjs	2026-10-04T10:26:22.5604497Z ✔ one-shot assessment needs a resolver too, and the guard is deterministic (0.8099ms)
gateway-web	Run node city/test-all.mjs	2026-10-04T10:26:22.5605761Z ✔ the guard carries no fs, realpath or CODEOWNERS loading of its own (8.8961ms)
gateway-web	Run node city/test-all.mjs	2026-10-04T10:26:22.5606802Z ✔ the classifier compiles only the patterns the caller supplies (5.775ms)
gateway-web	Run node city/test-all.mjs	2026-10-04T10:26:22.5608077Z ✔ the CODEOWNERS subset grammar matches exactly the vectors the donor documents (1.153ms)
gateway-web	Run node city/test-all.mjs	2026-10-04T10:26:22.5609115Z ✔ a directory pattern protects the entry itself and everything beneath it (0.2428ms)
gateway-web	Run node city/test-all.mjs	2026-10-04T10:26:22.5610124Z ✔ a bare double-star pattern behaves as the donor implements it (0.2949ms)
gateway-web	Run node city/test-all.mjs	2026-10-04T10:26:22.5610931Z ✔ matching is case-insensitive by default and can be tightened (0.3058ms)
gateway-web	Run node city/test-all.mjs	2026-10-04T10:26:22.5611692Z ✔ one rule per path, and a repeated path is counted once (0.2891ms)
gateway-web	Run node city/test-all.mjs	2026-10-04T10:26:22.5612520Z ✔ the rename/delete evidence contract: `also` is assessed as well as `paths` (0.4506ms)
gateway-web	Run node city/test-all.mjs	2026-10-04T10:26:22.5613485Z ✔ normalizeRepoPath accepts repo-relative input and refuses anything that escapes (0.2486ms)
gateway-web	Run node city/test-all.mjs	2026-10-04T10:26:22.5614448Z ✔ absolute paths, escapes and non-strings become escapes, never silent passes (0.3602ms)
gateway-web	Run node city/test-all.mjs	2026-10-04T10:26:22.5615541Z ✔ CODEOWNERS parsing keeps only patterns that carry an owner (0.6206ms)
gateway-web	Run node city/test-all.mjs	2026-10-04T10:26:22.5715514Z ✔ the declared lifecycle is the donor order and ends in the terminal state (1.9582ms)
gateway-web	Run node city/test-all.mjs	2026-10-04T10:26:22.5716898Z ✔ every edge table entry agrees with the declared order and the event tables (0.5235ms)
gateway-web	Run node city/test-all.mjs	2026-10-04T10:26:22.5717900Z ✔ the lifecycle walks forward one declared state at a time and never jumps (0.31ms)
gateway-web	Run node city/test-all.mjs	2026-10-04T10:26:22.5718740Z ✔ ACCEPTED cannot be left by any event, including REPAIR (0.1944ms)
gateway-web	Run node city/test-all.mjs	2026-10-04T10:26:22.5719732Z ✔ a refused event keeps the current state and reports the allowed set (0.2673ms)
gateway-web	Run node city/test-all.mjs	2026-10-04T10:26:22.5720499Z ✔ REPAIR moves exactly one step back and is reported as a repair (0.2541ms)
gateway-web	Run node city/test-all.mjs	2026-10-04T10:26:22.5721259Z ✔ CANDIDATE is reachable but is not a release (1.0821ms)
gateway-web	Run node city/test-all.mjs	2026-10-04T10:26:22.5722138Z ✔ a record built without a clock is deterministic and copies its inputs (0.259ms)
gateway-web	Run node city/test-all.mjs	2026-10-04T10:26:22.5722988Z ✔ candidateIdFor is stable and independent of requirement order (0.9198ms)
gateway-web	Run node city/test-all.mjs	2026-10-04T10:26:22.5723869Z ✔ lifecycleStep validates its shape instead of accepting a nameless step (0.8632ms)
gateway-web	Run node city/test-all.mjs	2026-10-04T10:26:22.5724823Z ✔ the walker refuses unknown states and events rather than guessing (0.2518ms)
gateway-web	Run node city/test-all.mjs	2026-10-04T10:26:22.6674849Z ✔ an IP or hostname change does not change device_id (5.4334ms)
gateway-web	Run node city/test-all.mjs	2026-10-04T10:26:22.6677267Z ✔ metadata is declared non-authoritative and device_id is not derived from it (0.8496ms)
gateway-web	Run node city/test-all.mjs	2026-10-04T10:26:22.6681410Z ✔ a device with no network observation at all is valid (network is not required for identity) (0.3993ms)
gateway-web	Run node city/test-all.mjs	2026-10-04T10:26:22.6689645Z ✔ rename changes display metadata without changing authority (0.3545ms)
gateway-web	Run node city/test-all.mjs	2026-10-04T10:26:22.6694332Z ✔ rename does not mutate the document it was given (0.3839ms)
gateway-web	Run node city/test-all.mjs	2026-10-04T10:26:22.6709225Z ✔ two devices may share a display name: a name is never an identity (0.3419ms)
gateway-web	Run node city/test-all.mjs	2026-10-04T10:26:22.6714467Z ✔ an empty or non-string rename is refused (1.212ms)
gateway-web	Run node city/test-all.mjs	2026-10-04T10:26:22.6778908Z ✔ key rotation moves activeKeyId and demotes the previous key to ROTATED history (0.4153ms)
gateway-web	Run node city/test-all.mjs	2026-10-04T10:26:22.6783061Z ✔ a rotated key is no longer authority even though it is still recorded (0.5045ms)
gateway-web	Run node city/test-all.mjs	2026-10-04T10:26:22.6788136Z ✔ a device always has exactly one active key and it always exists (0.483ms)
gateway-web	Run node city/test-all.mjs	2026-10-04T10:26:22.6794168Z ✔ a duplicate key handle is refused (0.2323ms)
gateway-web	Run node city/test-all.mjs	2026-10-04T10:26:22.6805966Z ✔ revoking the active key is refused; a rotated key may be revoked (0.5527ms)
gateway-web	Run node city/test-all.mjs	2026-10-04T10:26:22.6807267Z ✔ a retired device cannot rotate a key (0.3336ms)
gateway-web	Run node city/test-all.mjs	2026-10-04T10:26:22.6813905Z ✔ retirement is terminal and recorded with its instant (0.3214ms)
gateway-web	Run node city/test-all.mjs	2026-10-04T10:26:22.6825939Z ✔ a reinstall mints a new installation_id and does not inherit the logical device (1.0781ms)
gateway-web	Run node city/test-all.mjs	2026-10-04T10:26:22.6829214Z ✔ an unbound reinstalled installation can do nothing until it is explicitly rebound (0.9675ms)
gateway-web	Run node city/test-all.mjs	2026-10-04T10:26:22.6830758Z ✔ rebinding requires explicit proof and refuses to invent it (0.6034ms)
gateway-web	Run node city/test-all.mjs	2026-10-04T10:26:22.6831753Z ✔ an explicit rebind binds the reinstalled installation to the surviving logical device (0.343ms)
gateway-web	Run node city/test-all.mjs	2026-10-04T10:26:22.6836444Z ✔ an installation already bound to one device cannot be re-pointed at another (0.2346ms)
gateway-web	Run node city/test-all.mjs	2026-10-04T10:26:22.6837361Z ✔ a reinstall must actually mint new identities (0.3287ms)
gateway-web	Run node city/test-all.mjs	2026-10-04T10:26:22.6838199Z ✔ enrollment refuses to create a bound installation without a device (0.2046ms)
gateway-web	Run node city/test-all.mjs	2026-10-04T10:26:22.6839200Z ✔ a credential presented from a different physical instance is detected as a clone (0.2275ms)
gateway-web	Run node city/test-all.mjs	2026-10-04T10:26:22.6840868Z ✔ a matching presentation is accepted (0.1691ms)
gateway-web	Run node city/test-all.mjs	2026-10-04T10:26:22.6841921Z ✔ a wrong credential is reported as a mismatch, not as a clone (0.2481ms)
gateway-web	Run node city/test-all.mjs	2026-10-04T10:26:22.6842859Z ✔ an unknown installation id is refused before anything else is considered (0.3691ms)
gateway-web	Run node city/test-all.mjs	2026-10-04T10:26:22.6851814Z ✔ a malformed presentation is refused without throwing (0.5412ms)
gateway-web	Run node city/test-all.mjs	2026-10-04T10:26:22.6862122Z ✔ quarantining a cloned installation is terminal and cannot be undone by the clone (0.4935ms)
gateway-web	Run node city/test-all.mjs	2026-10-04T10:26:22.6865627Z ✔ a retired installation is refused even when the credential still matches (0.3216ms)
gateway-web	Run node city/test-all.mjs	2026-10-04T10:26:22.6869861Z ✔ a retired installation cannot be quarantined, so history is not rewritten (0.2684ms)
gateway-web	Run node city/test-all.mjs	2026-10-04T10:26:22.6874518Z ✔ a population scan finds two records sharing one installation identity under two instances (0.7254ms)
gateway-web	Run node city/test-all.mjs	2026-10-04T10:26:22.6877365Z ✔ a population scan finds one installation identity carrying two credential fingerprints (1.3179ms)
gateway-web	Run node city/test-all.mjs	2026-10-04T10:26:22.6879778Z ✔ a population scan reports nothing for a healthy population (0.3201ms)
gateway-web	Run node city/test-all.mjs	2026-10-04T10:26:22.6883009Z ✔ a population scan refuses a malformed record instead of ignoring it (0.2624ms)
gateway-web	Run node city/test-all.mjs	2026-10-04T10:26:22.6887514Z ✔ a missing MAC does not block a valid pairing path (0.5785ms)
gateway-web	Run node city/test-all.mjs	2026-10-04T10:26:22.6888324Z ✔ a randomised MAC does not block a valid pairing path (0.2102ms)
gateway-web	Run node city/test-all.mjs	2026-10-04T10:26:22.6889277Z ✔ MAC randomisation is recognised from the locally-administered bit, not from a guess (0.1404ms)
gateway-web	Run node city/test-all.mjs	2026-10-04T10:26:22.6890235Z ✔ MAC formatting, case and separators are normalised and never rejected (0.1096ms)
gateway-web	Run node city/test-all.mjs	2026-10-04T10:26:22.6891085Z ✔ multiple NICs are all representable and none of them is privileged (0.1091ms)
gateway-web	Run node city/test-all.mjs	2026-10-04T10:26:22.6891886Z ✔ spoofed MAC evidence alone cannot impersonate a trusted node (0.0984ms)
gateway-web	Run node city/test-all.mjs	2026-10-04T10:26:22.6893444Z ✔ MAC never enters an authority-bearing field of a device document (0.3367ms)
gateway-web	Run node city/test-all.mjs	2026-10-04T10:26:22.6896956Z ✔ the document discriminators keep a device and an installation distinguishable (0.1976ms)
gateway-web	Run node city/test-all.mjs	2026-10-04T10:26:22.6910455Z ✔ a wrong schema version is refused by both validators (0.4082ms)
gateway-web	Run node city/test-all.mjs	2026-10-04T10:26:22.6911327Z ✔ malformed device records are refused with a specific code (0.3935ms)
gateway-web	Run node city/test-all.mjs	2026-10-04T10:26:22.6912469Z ✔ malformed installation records are refused with a specific code (0.5948ms)
gateway-web	Run node city/test-all.mjs	2026-10-04T10:26:22.6928153Z ✔ the assert helpers throw with the validator code attached (0.1877ms)
gateway-web	Run node city/test-all.mjs	2026-10-04T10:26:22.6929822Z ✔ a v1 document migrates to itself and is reported as unmigrated (0.3003ms)
gateway-web	Run node city/test-all.mjs	2026-10-04T10:26:22.6949504Z ✔ a live gateway node row upgrades to a v1 device identity (0.2107ms)
gateway-web	Run node city/test-all.mjs	2026-10-04T10:26:22.6953290Z ✔ a legacy row with no key material yields a placeholder reference, not an invented key (0.2591ms)
gateway-web	Run node city/test-all.mjs	2026-10-04T10:26:22.6962652Z ✔ an unknown future schema version is refused rather than guessed at (0.1317ms)
gateway-web	Run node city/test-all.mjs	2026-10-04T10:26:22.6981800Z ✔ a legacy row whose id is not a device identity is refused (0.1165ms)
gateway-web	Run node city/test-all.mjs	2026-10-04T10:26:22.6983810Z ✔ a migration requires an instant because it must not read the clock itself (0.1094ms)
gateway-web	Run node city/test-all.mjs	2026-10-04T10:26:22.6992354Z ✔ canonical serialisation is independent of key insertion order (0.3998ms)
gateway-web	Run node city/test-all.mjs	2026-10-04T10:26:22.6993170Z ✔ a rename changes the digest but not the device id (0.2869ms)
gateway-web	Run node city/test-all.mjs	2026-10-04T10:26:22.6995026Z ✔ the serialised identity is a JSON document carrying exactly the declared fields (0.2367ms)
gateway-web	Run node city/test-all.mjs	2026-10-04T10:26:22.7001239Z ✔ a credential secret never appears in a serialised installation document (0.2418ms)
gateway-web	Run node city/test-all.mjs	2026-10-04T10:26:22.7002816Z ✔ credential fingerprints are reproducible and secret-specific (0.4066ms)
gateway-web	Run node city/test-all.mjs	2026-10-04T10:26:22.7007929Z ✔ a secret is refused everywhere a fingerprint is offered in its place (0.1216ms)
gateway-web	Run node city/test-all.mjs	2026-10-04T10:26:22.7009083Z ✔ minting refuses entropy that is not exactly 16 bytes (0.2114ms)
gateway-web	Run node city/test-all.mjs	2026-10-04T10:26:22.7009806Z ✔ minted ids carry their type prefix and 32 hex digits (0.1164ms)
gateway-web	Run node city/test-all.mjs	2026-10-04T10:26:22.7010935Z ✔ minting is pure: the same entropy yields the same id, different entropy does not (0.0821ms)
gateway-web	Run node city/test-all.mjs	2026-10-04T10:26:22.7011733Z ✔ randomEntropy produces 16 usable bytes each call (0.3669ms)
gateway-web	Run node city/test-all.mjs	2026-10-04T10:26:22.7012490Z ✔ instants are parameters and a bad instant is refused with a code (0.213ms)
gateway-web	Run node city/test-all.mjs	2026-10-04T10:26:22.7013441Z ✔ the metadata builder tolerates a partial observation set (0.1015ms)
gateway-web	Run node city/test-all.mjs	2026-10-04T10:26:22.7014362Z ✔ the exported vocabularies are frozen and internally consistent (0.1385ms)
gateway-web	Run node city/test-all.mjs	2026-10-04T10:26:22.7016333Z ✔ every lifecycle refusal raised by the ladder is a declared rejection code (0.6589ms)
gateway-web	Run node city/test-all.mjs	2026-10-04T10:26:22.7020232Z ✔ C1 a retired device cannot present key authority (0.2713ms)
gateway-web	Run node city/test-all.mjs	2026-10-04T10:26:22.7021074Z ✔ C2 a migrated legacy placeholder key is identity, never authentication (0.4017ms)
gateway-web	Run node city/test-all.mjs	2026-10-04T10:26:22.7022753Z ✔ C2 every v1 key must state a known material kind (0.1955ms)
gateway-web	Run node city/test-all.mjs	2026-10-04T10:26:22.7029363Z ✔ C3 a reinstall must mint a new installation credential (0.5707ms)
gateway-web	Run node city/test-all.mjs	2026-10-04T10:26:22.7030391Z ✔ C4 a population scan finds one credential shared by two installation identities (0.8156ms)
gateway-web	Run node city/test-all.mjs	2026-10-04T10:26:22.7031441Z ✔ C5 a quarantined installation can be retired and keeps its quarantine evidence (0.3246ms)
gateway-web	Run node city/test-all.mjs	2026-10-04T10:26:22.7032566Z ✔ C5 a reinstall from a quarantined installation works and preserves the quarantine record (0.2806ms)
gateway-web	Run node city/test-all.mjs	2026-10-04T10:26:22.7033788Z ✔ C5 a quarantine block is legal only on a quarantined or already-quarantined-retired record (0.2405ms)
gateway-web	Run node city/test-all.mjs	2026-10-04T10:26:22.7034916Z ✔ C6 MAC pairing evidence accepts one address, several, or none, and refuses other shapes (0.1889ms)
gateway-web	Run node city/test-all.mjs	2026-10-04T10:26:22.7036069Z ✔ C6 every correction refusal code is declared in the rejection vocabulary (0.0666ms)
gateway-web	Run node city/test-all.mjs	2026-10-04T10:26:22.7067041Z ✔ every join entry point feeds the same pairing state machine (4.4565ms)
gateway-web	Run node city/test-all.mjs	2026-10-04T10:26:22.7069579Z ✔ a Bluetooth bootstrap and a remote invite end in the same TRUSTED record (2.2482ms)
gateway-web	Run node city/test-all.mjs	2026-10-04T10:26:22.7070522Z ✔ possession of an invite or proximity never becomes trust on its own (0.5592ms)
gateway-web	Run node city/test-all.mjs	2026-10-04T10:26:22.7072363Z ✔ both sides present stable fingerprints, and the confirmation is bound to them (0.9692ms)
gateway-web	Run node city/test-all.mjs	2026-10-04T10:26:22.7073434Z ✔ a preview that carries a different fingerprint than the key exchange is refused (0.3521ms)
gateway-web	Run node city/test-all.mjs	2026-10-04T10:26:22.7076461Z ✔ both sides reporting the same fingerprint is refused: a pairing needs two peers (0.265ms)
gateway-web	Run node city/test-all.mjs	2026-10-04T10:26:22.7078979Z ✔ a replayed bootstrap nonce is refused, so an observed handshake cannot be reused (0.3997ms)
gateway-web	Run node city/test-all.mjs	2026-10-04T10:26:22.7081827Z ✔ a confirmation token is single-use even across sessions (0.6839ms)
gateway-web	Run node city/test-all.mjs	2026-10-04T10:26:22.7084854Z ✔ a wrong confirmation token is refused and the session stays open (0.5082ms)
gateway-web	Run node city/test-all.mjs	2026-10-04T10:26:22.7086207Z ✔ a session past its deadline cannot advance, whatever the caller tries (0.5309ms)
gateway-web	Run node city/test-all.mjs	2026-10-04T10:26:22.7087491Z ✔ expiry is a fact about the clock, not something a caller can assert (0.2955ms)
gateway-web	Run node city/test-all.mjs	2026-10-04T10:26:22.7088684Z ✔ failed-pair cleanup retires exactly the overdue sessions and nothing else (0.2415ms)
gateway-web	Run node city/test-all.mjs	2026-10-04T10:26:22.7089779Z ✔ the transition table is respected and terminal states are terminal (0.356ms)
gateway-web	Run node city/test-all.mjs	2026-10-04T10:26:22.7090521Z ✔ reject, cancel and fail are distinct recorded outcomes (0.4659ms)
gateway-web	Run node city/test-all.mjs	2026-10-04T10:26:22.7091221Z ✔ a revoked device cannot reconnect with its old credentials (0.6353ms)
gateway-web	Run node city/test-all.mjs	2026-10-04T10:26:22.7092283Z ✔ a lost device loses every trust it holds, and re-pairing needs an explicit decision (1.0385ms)
gateway-web	Run node city/test-all.mjs	2026-10-04T10:26:22.7092944Z ✔ a refusal never leaves the session changed (0.4976ms)
gateway-web	Run node city/test-all.mjs	2026-10-04T10:26:22.7093560Z ✔ a pairing can be refused at any phase, and the refusal is recorded (0.34ms)
gateway-web	Run node city/test-all.mjs	2026-10-04T10:26:22.7094324Z ✔ a quarantined device is refused, and a second trust for one device is refused (0.4239ms)
gateway-web	Run node city/test-all.mjs	2026-10-04T10:26:22.7095112Z ✔ a rotated credential stops working and the refusal names the reason (0.3575ms)
gateway-web	Run node city/test-all.mjs	2026-10-04T10:26:22.7095975Z ✔ an unknown device, a wrong fingerprint and a wrong credential are all refused distinctly (0.3253ms)
gateway-web	Run node city/test-all.mjs	2026-10-04T10:26:22.7096800Z ✔ a trust role change is explicit, auditable and transfers no capability (0.4527ms)
gateway-web	Run node city/test-all.mjs	2026-10-04T10:26:22.7097529Z ✔ a trust role is a classification, never a capability grant (0.2645ms)
gateway-web	Run node city/test-all.mjs	2026-10-04T10:26:22.7098250Z ✔ local MAC evidence may warn a human but never blocks or grants (0.6327ms)
gateway-web	Run node city/test-all.mjs	2026-10-04T10:26:22.7101861Z ✔ a missing or randomised MAC does not obstruct pairing (0.2385ms)
gateway-web	Run node city/test-all.mjs	2026-10-04T10:26:22.7118914Z ✔ MAC evidence can never be turned into trust (0.0774ms)
gateway-web	Run node city/test-all.mjs	2026-10-04T10:26:22.7121940Z ✔ the audit log proves every state transition without carrying key material (0.927ms)
gateway-web	Run node city/test-all.mjs	2026-10-04T10:26:22.7125471Z ✔ the leak scanner really detects a leak, so its clean answer means something (0.4943ms)
gateway-web	Run node city/test-all.mjs	2026-10-04T10:26:22.7129706Z ✔ the audit log is bounded (0.9824ms)
gateway-web	Run node city/test-all.mjs	2026-10-04T10:26:22.7132230Z ✔ a session document round-trips through validation and refuses malformed input (0.5221ms)
gateway-web	Run node city/test-all.mjs	2026-10-04T10:26:22.7135920Z ✔ a trust record round-trips through validation and refuses malformed input (1.0057ms)
gateway-web	Run node city/test-all.mjs	2026-10-04T10:26:22.7140360Z ✔ a peer session document can be inspected without an authority (0.4201ms)
gateway-web	Run node city/test-all.mjs	2026-10-04T10:26:22.7149281Z ✔ the authority refuses structural nonsense instead of guessing (0.4969ms)
gateway-web	Run node city/test-all.mjs	2026-10-04T10:26:22.7153321Z ✔ confirmation requires a named human actor (1.1601ms)
gateway-web	Run node city/test-all.mjs	2026-10-04T10:26:22.7164168Z ✔ a trust id and a credential must be well formed before any trust exists (0.5ms)
gateway-web	Run node city/test-all.mjs	2026-10-04T10:26:22.7165783Z ✔ minting is pure and refuses entropy that is not 16 bytes (0.6786ms)
gateway-web	Run node city/test-all.mjs	2026-10-04T10:26:22.7170260Z ✔ randomEntropy produces 16 usable bytes each call (0.3951ms)
gateway-web	Run node city/test-all.mjs	2026-10-04T10:26:22.7173847Z ✔ the exported vocabularies are frozen and internally consistent (0.2165ms)
gateway-web	Run node city/test-all.mjs	2026-10-04T10:26:22.7174782Z ✔ C1 a trusted session is final: expiry and cleanup never rewrite it (0.8289ms)
gateway-web	Run node city/test-all.mjs	2026-10-04T10:26:22.7175666Z ✔ C2 a live re-pair supersedes the previous trust instead of leaving two (0.7768ms)
gateway-web	Run node city/test-all.mjs	2026-10-04T10:26:22.7199638Z ✔ C2 the superseded credential and the replacement credential are both cut off by revocation (0.8354ms)
gateway-web	Run node city/test-all.mjs	2026-10-04T10:26:22.7213781Z ✔ C2 two live records for one device are reported, never silently resolved (0.4631ms)
gateway-web	Run node city/test-all.mjs	2026-10-04T10:26:22.7216879Z ✔ C3 a preview that claims MAC authority, or names a foreign device, is refused (0.3579ms)
gateway-web	Run node city/test-all.mjs	2026-10-04T10:26:22.7220246Z ✔ C3 the authority records its own copy of the preview (0.5892ms)
gateway-web	Run node city/test-all.mjs	2026-10-04T10:26:22.7225558Z ✔ C3 the trusted device must be the device the human was shown (1.0804ms)
gateway-web	Run node city/test-all.mjs	2026-10-04T10:26:22.7230442Z ✔ C4 wrong confirmation tokens are bounded and then fail the session (0.8344ms)
gateway-web	Run node city/test-all.mjs	2026-10-04T10:26:22.7236195Z ✔ C4 re-requesting a different token is refused, and a decoy preview is never success (0.6873ms)
gateway-web	Run node city/test-all.mjs	2026-10-04T10:26:22.7240319Z ✔ C5 a refused startSession does not burn the challenge (0.4038ms)
gateway-web	Run node city/test-all.mjs	2026-10-04T10:26:22.7241270Z ✔ C5 the MAC mismatch flag must be a real boolean (1.0699ms)
gateway-web	Run node city/test-all.mjs	2026-10-04T10:26:22.7244570Z ✔ a capability resolves by name, never by provider identity (2.3541ms)
gateway-web	Run node city/test-all.mjs	2026-10-04T10:26:22.7249681Z ✔ a missing required capability is recorded as a miss and emits, an optional one only records (0.7836ms)
gateway-web	Run node city/test-all.mjs	2026-10-04T10:26:22.7250737Z ✔ a required-capability gate names every capability nothing provides (0.3345ms)
gateway-web	Run node city/test-all.mjs	2026-10-04T10:26:22.7252304Z ✔ one capability has exactly one owner, and a second owner is refused at registration (0.3403ms)
gateway-web	Run node city/test-all.mjs	2026-10-04T10:26:22.7258933Z ✔ the same owner re-registering its own capability is an update, not a conflict (0.2917ms)
gateway-web	Run node city/test-all.mjs	2026-10-04T10:26:22.7266923Z ✔ priority orders providers and the order is total, not insertion order (12.1257ms)
gateway-web	Run node city/test-all.mjs	2026-10-04T10:26:22.7271683Z ✔ a provider that does not say what it can do is refused (0.5749ms)
gateway-web	Run node city/test-all.mjs	2026-10-04T10:26:22.7272820Z ✔ unloading an owner revokes everything it provided, and the miss says why (0.4836ms)
gateway-web	Run node city/test-all.mjs	2026-10-04T10:26:22.7273909Z ✔ revoking one capability is owner-checked (0.4022ms)
gateway-web	Run node city/test-all.mjs	2026-10-04T10:26:22.7275130Z ✔ the lookup log is bounded and returned as copies (0.4261ms)
gateway-web	Run node city/test-all.mjs	2026-10-04T10:26:22.7276023Z ✔ the four lifecycle questions stay separate and the derived state has a fixed order (1.176ms)
gateway-web	Run node city/test-all.mjs	2026-10-04T10:26:22.7277184Z ✔ a disabled provider is refused a load unless forced, and a second load is a no-op (0.245ms)
gateway-web	Run node city/test-all.mjs	2026-10-04T10:26:22.7278617Z ✔ a duplicate owner is refused and an unknown owner is a coded refusal, never a throw (0.1438ms)
gateway-web	Run node city/test-all.mjs	2026-10-04T10:26:22.7279565Z ✔ a throwing health probe is contained and never escapes (0.179ms)
gateway-web	Run node city/test-all.mjs	2026-10-04T10:26:22.7281904Z ✔ an unasked or unparseable health answer stays UNKNOWN, never HEALTHY (0.142ms)
gateway-web	Run node city/test-all.mjs	2026-10-04T10:26:22.7282749Z ✔ unloading releases the capability and resets the restart budget (0.3562ms)
gateway-web	Run node city/test-all.mjs	2026-10-04T10:26:22.7284235Z ✔ a provider fault is recorded at its declared level and contains the provider (0.4538ms)
gateway-web	Run node city/test-all.mjs	2026-10-04T10:26:22.7286206Z ✔ the health reaction ladder is the donor order: fatal stops, soft ignores, then budget (0.2309ms)
gateway-web	Run node city/test-all.mjs	2026-10-04T10:26:22.7287428Z ✔ the aggregate verdict is blocked, degraded or healthy and names the providers (0.5734ms)
gateway-web	Run node city/test-all.mjs	2026-10-04T10:26:22.7288831Z ✔ a runtime-layer fault is never evidence about the provider (0.6644ms)
gateway-web	Run node city/test-all.mjs	2026-10-04T10:26:22.7290155Z ✔ an explicit refusal inside a successful call is semantic, not a runtime failure (0.1522ms)
gateway-web	Run node city/test-all.mjs	2026-10-04T10:26:22.7291405Z ✔ a deterministic verification or format failure outranks provider behaviour (0.1537ms)
gateway-web	Run node city/test-all.mjs	2026-10-04T10:26:22.7292732Z ✔ an unobservable success is UNCLASSIFIED rather than a fabricated completion (0.1194ms)
gateway-web	Run node city/test-all.mjs	2026-10-04T10:26:22.7293993Z ✔ the classifier walks completion coverage, drift and quality in the donor order (0.2211ms)
gateway-web	Run node city/test-all.mjs	2026-10-04T10:26:22.7295424Z ✔ goal drift is reported, never rewritten (1.1927ms)
gateway-web	Run node city/test-all.mjs	2026-10-04T10:26:22.7296605Z ✔ an evaluator revision is appended and never overwrites the original (0.2595ms)
gateway-web	Run node city/test-all.mjs	2026-10-04T10:26:22.7297839Z ✔ the provider lifecycle is two named states with an explicit autoResume flag (0.3045ms)
gateway-web	Run node city/test-all.mjs	2026-10-04T10:26:22.7299344Z ✔ the runtime outcome maps to a recovery action and a provider update (0.6971ms)
gateway-web	Run node city/test-all.mjs	2026-10-04T10:26:22.7300590Z ✔ the City lifecycle maps onto a routing state and availability is lifecycle-derived (1.2568ms)
gateway-web	Run node city/test-all.mjs	2026-10-04T10:26:22.7301983Z ✔ hard eligibility excludes failed, disabled, recovering and unknown candidates and tracks degraded ones (0.8362ms)
gateway-web	Run node city/test-all.mjs	2026-10-04T10:26:22.7303194Z ✔ an invocation validates the operation against the provider allowlist before any work runs (2.0193ms)
gateway-web	Run node city/test-all.mjs	2026-10-04T10:26:22.7304296Z ✔ a capability whose owner is not accepted answers BRIDGE_PENDING and runs nothing (3.6038ms)
gateway-web	Run node city/test-all.mjs	2026-10-04T10:26:22.7306218Z ✔ a completed invocation carries a stable digest of its canonical result (4.4781ms)
gateway-web	Run node city/test-all.mjs	2026-10-04T10:26:22.7307480Z ✔ a typed error survives, an unknown throw becomes ADAPTER_UNAVAILABLE, and an oversized result is refused (11.3627ms)
gateway-web	Run node city/test-all.mjs	2026-10-04T10:26:22.7308538Z ✔ concurrency is bounded so one caller cannot exhaust the process (2.2374ms)
gateway-web	Run node city/test-all.mjs	2026-10-04T10:26:22.7312757Z ✔ a restart marks in-flight invocations INTERRUPTED rather than leaving them running (3.6373ms)
gateway-web	Run node city/test-all.mjs	2026-10-04T10:26:22.7313977Z ✔ a learned ranking may reorder the approved candidates and nothing else (2.5631ms)
gateway-web	Run node city/test-all.mjs	2026-10-04T10:26:22.7315010Z ✔ the fabric reports only the capabilities that exist and revokes with their owner (0.4646ms)
gateway-web	Run node city/test-all.mjs	2026-10-04T10:26:22.7315968Z ✔ the invocation list is bounded and a summary never leaks the stored result (0.8019ms)
gateway-web	Run node city/test-all.mjs	2026-10-04T10:26:22.7317122Z ✔ rendering a lock sorts ids so an unchanged composition keeps the same bytes (0.3081ms)
gateway-web	Run node city/test-all.mjs	2026-10-04T10:26:22.7318022Z ✔ the parser refuses what it does not understand instead of guessing (0.5493ms)
gateway-web	Run node city/test-all.mjs	2026-10-04T10:26:22.7322522Z ✔ drift is an exact owner/version set diff with a reason naming every class (0.4295ms)
gateway-web	Run node city/test-all.mjs	2026-10-04T10:26:22.7323629Z ✔ an absent lock is not drift, an empty write is refused, and enforcement is opt-in (28.8536ms)
gateway-web	Run node city/test-all.mjs	2026-10-04T10:26:22.7324655Z ✔ the fabric contract exposes the donors' vocabulary without inventing new terms (0.2714ms)
gateway-web	Run node city/test-all.mjs	2026-10-04T10:26:22.7829738Z ✔ the live bridgeState derivation is identical to the accepted V0.3 rule for every lifecycle mixture (4.609ms)
gateway-web	Run node city/test-all.mjs	2026-10-04T10:26:22.7831384Z ✔ the live cityLifecycle derivation is identical to the accepted V0.3 rule for every backed capability (2.6316ms)
gateway-web	Run node city/test-all.mjs	2026-10-04T10:26:22.7832754Z ✔ the empty-moduleRefs case differs from the old rule and is unreachable from the live registry (0.222ms)
gateway-web	Run node city/test-all.mjs	2026-10-04T10:26:23.0148181Z ✔ same prompt gives byte-stable offline intent; explicit styles change the design (8.2563ms)
gateway-web	Run node city/test-all.mjs	2026-10-04T10:26:23.0192150Z ✔ observation bounds and critical regions constrain placement; missing observation is truthful (4.7221ms)
gateway-web	Run node city/test-all.mjs	2026-10-04T10:26:23.0195627Z ✔ procedural pixels are deterministic and character alpha has real content bounds (84.0132ms)
gateway-web	Run node city/test-all.mjs	2026-10-04T10:26:23.0210363Z ✔ valid injected image is measured and accepted; bad image retries then falls back (115.5749ms)
gateway-web	Run node city/test-all.mjs	2026-10-04T10:26:32.2148254Z ✔ timeout retries and falls back; invalid fallback disables only its asset (101.8401ms)
gateway-web	Run node city/test-all.mjs	2026-10-04T10:26:32.2153901Z ✔ pixel-invalid image falls back and protected surface never calls an image generator (48.4543ms)
gateway-web	Run node city/test-all.mjs	2026-10-04T10:26:32.2156696Z ✔ pixel validator refuses opaque characters, flat images, dimension drift and budgets (47.8056ms)
gateway-web	Run node city/test-all.mjs	2026-10-04T10:26:32.2158080Z ✔ builder validates then atomically publishes a stable self-contained sandbox package (5215.3205ms)
gateway-web	Run node city/test-all.mjs	2026-10-04T10:26:32.2160865Z ✔ builder refuses escape, existing output, protected writes, excess overlay and partial failure (1708.205ms)
gateway-web	Run node city/test-all.mjs	2026-10-04T10:26:32.2167266Z ✔ disabled planned assets leave no resurrected token or dangling persona reference (1959.8993ms)
gateway-web	Run node city/test-all.mjs	2026-10-04T10:26:32.2173042Z ✔ empty or malformed observations cannot claim an observed plan (2.218ms)
gateway-web	Run node city/test-all.mjs	2026-10-04T10:26:32.2174409Z ✔ rejection after final image sizing still retries then tries procedural fallback (118.687ms)
gateway-web	Run node city/test-all.mjs	2026-10-04T10:26:32.2349440Z ✔ pinned donor intent, token and slot decisions match four frozen oracle vectors (20.5536ms)
gateway-web	Run node city/test-all.mjs	2026-10-04T10:26:32.2351496Z ✔ pinned donor plan vocabulary, asset requests and protected write semantics are preserved (6.3034ms)
gateway-web	Run node city/test-all.mjs	2026-10-04T10:26:32.2352572Z ✔ three original procedural PNG digests, alpha/bounds and pixel verdicts match donor (323.0205ms)
gateway-web	Run node city/test-all.mjs	2026-10-04T10:26:32.2353341Z ✔ colour parsing matches the donor grammar (4.9706ms)
gateway-web	Run node city/test-all.mjs	2026-10-04T10:26:32.2353932Z ✔ colour conversion and alpha compositing match the donor (0.8817ms)
gateway-web	Run node city/test-all.mjs	2026-10-04T10:26:32.2354837Z ✔ contrast, readability and shading match the donor thresholds (1.0993ms)
gateway-web	Run node city/test-all.mjs	2026-10-04T10:26:32.2355617Z ✔ the palette ramp is deterministic and stays inside the gamut (0.8584ms)
gateway-web	Run node city/test-all.mjs	2026-10-04T10:26:32.2356360Z ✔ PNG encoding round-trips through the independent decoder (10.6791ms)
gateway-web	Run node city/test-all.mjs	2026-10-04T10:26:32.2357460Z ✔ PNG encoding rejects impossible images instead of producing them (0.8274ms)
gateway-web	Run node city/test-all.mjs	2026-10-04T10:26:32.2358652Z ✔ the swatch builder is deterministic and honours alpha (1.1086ms)
gateway-web	Run node city/test-all.mjs	2026-10-04T10:26:32.2360727Z ✔ the module is self-contained: built-ins only, no donor checkout dependency (11.4054ms)
gateway-web	Run node city/test-all.mjs	2026-10-04T10:26:32.2363125Z ✔ provenance stays honest: DONOR.json pins the donor and records the adaptation (2.2846ms)
gateway-web	Run node city/test-all.mjs	2026-10-04T10:26:32.2366278Z ✔ the contract keeps the safety semantics and drops the donor product nouns (2.0308ms)
gateway-web	Run node city/test-all.mjs	2026-10-04T10:26:32.2368351Z ✔ the write gate refuses a protected surface and never throws (0.7548ms)
gateway-web	Run node city/test-all.mjs	2026-10-04T10:26:32.2370788Z ✔ the validator accepts a conforming package and fails closed on every check (9.6177ms)
gateway-web	Run node city/test-all.mjs	2026-10-04T10:26:32.2379273Z ✔ readability and animation are measured, never assumed (0.8379ms)
gateway-web	Run node city/test-all.mjs	2026-10-04T10:26:32.2380866Z ✔ the procedural asset factory is deterministic and palette-sensitive (495.1379ms)
gateway-web	Run node city/test-all.mjs	2026-10-04T10:26:32.2411628Z ✔ the module is self-contained: built-ins only, no donor checkout dependency (13.8586ms)
gateway-web	Run node city/test-all.mjs	2026-10-04T10:26:32.2414192Z ✔ provenance stays honest: DONOR.json records all three waves of this module (1.5176ms)
gateway-web	Run node city/test-all.mjs	2026-10-04T10:26:32.2416076Z ✔ every shipped adapter exposes the interface discovery calls (1.2665ms)
gateway-web	Run node city/test-all.mjs	2026-10-04T10:26:32.2416877Z ✔ defaultAdapters keeps the donor specificity order exactly (0.7086ms)
gateway-web	Run node city/test-all.mjs	2026-10-04T10:26:32.2417780Z ✔ OPERATIONS and CONFIDENCE carry the donor values exactly, and match discovery (0.1632ms)
gateway-web	Run node city/test-all.mjs	2026-10-04T10:26:32.2425413Z ✔ every adapter abstains on an empty directory, and only the generic fallback claims it (1.0053ms)
gateway-web	Run node city/test-all.mjs	2026-10-04T10:26:32.2426809Z ✔ each adapter detects its own ecosystem with the donor score and evidence (1.7177ms)
gateway-web	Run node city/test-all.mjs	2026-10-04T10:26:32.2427669Z ✔ an unreadable directory is nothing to detect, not a crash (0.9623ms)
gateway-web	Run node city/test-all.mjs	2026-10-04T10:26:32.2428489Z ✔ every discovered command has the donor shape and a known operation name (18.8761ms)
gateway-web	Run node city/test-all.mjs	2026-10-04T10:26:32.2429247Z ✔ adapters.mjs can never execute anything (0.5222ms)
gateway-web	Run node city/test-all.mjs	2026-10-04T10:26:32.2430854Z ✔ answering detection and commands leaves the project directory untouched (2.0159ms)
gateway-web	Run node city/test-all.mjs	2026-10-04T10:26:32.2432080Z ✔ the package manager is chosen from the lockfile, in the donor precedence order (11.0912ms)
gateway-web	Run node city/test-all.mjs	2026-10-04T10:26:32.2433149Z ✔ the test command prefers a declared script over a framework config over the convention (10.8708ms)
gateway-web	Run node city/test-all.mjs	2026-10-04T10:26:32.2434635Z ✔ a declared TypeScript configuration supplies a build command only when none is declared (4.9043ms)
gateway-web	Run node city/test-all.mjs	2026-10-04T10:26:32.2435642Z ✔ every declared Node script is carried over with its own evidence string (6.4302ms)
gateway-web	Run node city/test-all.mjs	2026-10-04T10:26:32.2436595Z ✔ the generic fallback claims nothing it cannot see and labels every guess inferred (5.3314ms)
gateway-web	Run node city/test-all.mjs	2026-10-04T10:26:32.2440585Z ✔ every non-Node command template is the donor string, label and evidence (77.2971ms)
gateway-web	Run node city/test-all.mjs	2026-10-04T10:26:32.2441487Z ✔ a repository with Cargo.toml and package.json is a Rust project, not Node (5.414ms)
gateway-web	Run node city/test-all.mjs	2026-10-04T10:26:32.2450657Z ✔ the episode phase vocabulary, terminal set, work phases and parkable phases are the donor lists (0.2555ms)
gateway-web	Run node city/test-all.mjs	2026-10-04T10:26:32.2452095Z ✔ every legal transition is allowed and every other move is refused with the donor reason (1.5594ms)
gateway-web	Run node city/test-all.mjs	2026-10-04T10:26:32.2453142Z ✔ an unknown phase is refused by name, at construction and at the move (0.5462ms)
gateway-web	Run node city/test-all.mjs	2026-10-04T10:26:32.2454009Z ✔ a terminal episode can force a teardown but cannot walk on (0.1875ms)
gateway-web	Run node city/test-all.mjs	2026-10-04T10:26:32.2454767Z ✔ the machine reports its phase, its allowed moves and a bounded history (0.1983ms)
gateway-web	Run node city/test-all.mjs	2026-10-04T10:26:32.2455799Z ✔ the autonomy vocabulary and its budgets are the donor values (0.1245ms)
gateway-web	Run node city/test-all.mjs	2026-10-04T10:26:32.2456698Z ✔ a boolean may arrive as a spelling, and anything unstated stays unstated (0.182ms)
gateway-web	Run node city/test-all.mjs	2026-10-04T10:26:32.2457621Z ✔ autonomy resolves runtime default < contract override < explicit run option (0.4099ms)
gateway-web	Run node city/test-all.mjs	2026-10-04T10:26:32.2458471Z ✔ a disabled controller never continues, whatever the evidence says (0.3019ms)
gateway-web	Run node city/test-all.mjs	2026-10-04T10:26:32.2459597Z ✔ completion, cancellation and a block are terminal for autonomy (0.1645ms)
gateway-web	Run node city/test-all.mjs	2026-10-04T10:26:32.2460541Z ✔ the continuation budget is consumed and exhausted with the donor numbers (0.4295ms)
gateway-web	Run node city/test-all.mjs	2026-10-04T10:26:32.2461374Z ✔ the step budget is consumed and exhausted with the donor numbers (0.1413ms)
gateway-web	Run node city/test-all.mjs	2026-10-04T10:26:32.2462126Z ✔ a round that changed nothing is not continued, and says exactly why (0.1424ms)
gateway-web	Run node city/test-all.mjs	2026-10-04T10:26:32.2462917Z ✔ progress is a mutation, a changed file or a passed verification level (0.2624ms)
gateway-web	Run node city/test-all.mjs	2026-10-04T10:26:32.2463961Z ✔ the controller keeps a bounded decision trail and reports its own state (0.8527ms)
gateway-web	Run node city/test-all.mjs	2026-10-04T10:26:32.2465195Z ✔ the donor never consults FINAL_REASONS, and the port keeps that behaviour (0.1324ms)
gateway-web	Run node city/test-all.mjs	2026-10-04T10:26:32.2466143Z ✔ discovery finds commands for a real Node project through the lazily loaded adapter set (7.4699ms)
gateway-web	Run node city/test-all.mjs	2026-10-04T10:26:32.2467247Z ✔ the fix template builds all six steps from the discovered command table (5.9522ms)
gateway-web	Run node city/test-all.mjs	2026-10-04T10:26:32.2468190Z ✔ without an adapter set the same repository still produces the empty table the gap described (4.2992ms)
gateway-web	Run node city/test-all.mjs	2026-10-04T10:26:32.2470070Z ﹣ the adapter port agrees with the donor module for every adapter and fixture (0.0595ms) # donor checkout absent at D:\a\utopia\utopia\.runtime\evidence\mission-book\MB-004\donor-hns\app\engineering
gateway-web	Run node city/test-all.mjs	2026-10-04T10:26:32.2473579Z ﹣ the autonomy port agrees with the donor module decision by decision (0.0844ms) # donor checkout absent at D:\a\utopia\utopia\.runtime\evidence\mission-book\MB-004\donor-hns\app\engineering
gateway-web	Run node city/test-all.mjs	2026-10-04T10:26:32.2475709Z ﹣ the episode port agrees with the donor module transition by transition (0.0455ms) # donor checkout absent at D:\a\utopia\utopia\.runtime\evidence\mission-book\MB-004\donor-hns\app\engineering
gateway-web	Run node city/test-all.mjs	2026-10-04T10:26:32.2476907Z ▶ checkpoint-10 §33.1 failure classification
gateway-web	Run node city/test-all.mjs	2026-10-04T10:26:32.2477457Z   ✔ covers at least the twelve classes the plan names (1.0983ms)
gateway-web	Run node city/test-all.mjs	2026-10-04T10:26:32.2478911Z   ✔ classifies from the tool's own output, not from a guess (1.0385ms)
gateway-web	Run node city/test-all.mjs	2026-10-04T10:26:32.2479582Z   ✔ reports the signals that decided the class (0.218ms)
gateway-web	Run node city/test-all.mjs	2026-10-04T10:26:32.2480404Z   ✔ never reclassifies a refusal as something retryable (0.1803ms)
gateway-web	Run node city/test-all.mjs	2026-10-04T10:26:32.2481179Z   ✔ refuses a dependency class when the host verified the module is present (0.2729ms)
gateway-web	Run node city/test-all.mjs	2026-10-04T10:26:32.2481950Z   ✔ classifies a scope refusal as a workspace failure (0.9081ms)
gateway-web	Run node city/test-all.mjs	2026-10-04T10:26:32.2482777Z   ✔ classifies theme and visual failures from their own evidence (0.4424ms)
gateway-web	Run node city/test-all.mjs	2026-10-04T10:26:32.2483432Z   ✔ says UNKNOWN rather than guessing when nothing matched (0.2586ms)
gateway-web	Run node city/test-all.mjs	2026-10-04T10:26:32.2487799Z ✔ checkpoint-10 §33.1 failure classification (6.0815ms)
gateway-web	Run node city/test-all.mjs	2026-10-04T10:26:32.2488337Z ▶ checkpoint-10 §33.2 recovery order
gateway-web	Run node city/test-all.mjs	2026-10-04T10:26:32.2489104Z   ✔ is the plan's order, ending at the Hard Blocker (0.7934ms)
gateway-web	Run node city/test-all.mjs	2026-10-04T10:26:32.2489867Z   ✔ lists every step with a reason, applicable or not (0.555ms)
gateway-web	Run node city/test-all.mjs	2026-10-04T10:26:32.2490590Z   ✔ goes straight to the Hard Blocker for a prohibited action and forbids HNS (0.3503ms)
gateway-web	Run node city/test-all.mjs	2026-10-04T10:26:32.2491305Z   ✔ sends an auth failure to the Owner instead of retrying (0.2275ms)
gateway-web	Run node city/test-all.mjs	2026-10-04T10:26:32.2491907Z   ✔ gives a theme failure its own §33.2 ladder (0.3224ms)
gateway-web	Run node city/test-all.mjs	2026-10-04T10:26:32.2492574Z   ✔ will not reach HNS while a cheaper applicable step has budget left (0.3723ms)
gateway-web	Run node city/test-all.mjs	2026-10-04T10:26:32.2493358Z   ✔ escalates to the Hard Blocker once every applicable step is exhausted (0.198ms)
gateway-web	Run node city/test-all.mjs	2026-10-04T10:26:32.2494090Z   ✔ treats a prohibited failure as immediately hard-blocked (0.1403ms)
gateway-web	Run node city/test-all.mjs	2026-10-04T10:26:32.2494711Z ✔ checkpoint-10 §33.2 recovery order (3.4927ms)
gateway-web	Run node city/test-all.mjs	2026-10-04T10:26:32.2495293Z ▶ checkpoint-10 §33.3 HNS positioning and the mandatory gap
gateway-web	Run node city/test-all.mjs	2026-10-04T10:26:32.2495968Z   ✔ allows a first fallback but always produces a CapabilityGap (0.3165ms)
gateway-web	Run node city/test-all.mjs	2026-10-04T10:26:32.2496794Z   ✔ refuses a fallback with no named missing capability — and still records the gap (0.6915ms)
gateway-web	Run node city/test-all.mjs	2026-10-04T10:26:32.2497527Z   ✔ refuses to delegate a prohibited action to HNS (0.1014ms)
gateway-web	Run node city/test-all.mjs	2026-10-04T10:26:32.2498224Z   ✔ stops HNS becoming a permanent crutch after the consecutive ceiling (0.0959ms)
gateway-web	Run node city/test-all.mjs	2026-10-04T10:26:32.2498890Z   ✔ raises the gap's severity with its frequency (0.1284ms)
gateway-web	Run node city/test-all.mjs	2026-10-04T10:26:32.2499521Z   ✔ records only the four §33.3 roles, and never without a gap (0.4243ms)
gateway-web	Run node city/test-all.mjs	2026-10-04T10:26:32.2500278Z ✔ checkpoint-10 §33.3 HNS positioning and the mandatory gap (1.9962ms)
gateway-web	Run node city/test-all.mjs	2026-10-04T10:26:32.2501070Z ✔ a checkpoint round-trips through disk with every saved field intact (6.1137ms)
gateway-web	Run node city/test-all.mjs	2026-10-04T10:26:32.2502216Z ✔ the checkpoint directory defaults under the root option instead of a hardcoded path (0.775ms)
gateway-web	Run node city/test-all.mjs	2026-10-04T10:26:32.2503262Z ✔ recovery checkpoints preserve the full recovery descriptor and assign the first sequence (4.0944ms)
gateway-web	Run node city/test-all.mjs	2026-10-04T10:26:32.2504554Z ✔ checkpoint writes refuse a descriptor whose digest no longer matches its plan (1.1767ms)
gateway-web	Run node city/test-all.mjs	2026-10-04T10:26:32.2505779Z ✔ the latest recovery checkpoint follows checkpointSeq when the wall clock moves backward (4.6236ms)
gateway-web	Run node city/test-all.mjs	2026-10-04T10:26:32.2506917Z ✔ retention prunes old recovery sequences, never the newest sequence after a clock rollback (9.2299ms)
gateway-web	Run node city/test-all.mjs	2026-10-04T10:26:32.2508399Z ✔ a corrupt checkpoint is skipped and latest() still returns the newest good one (7.4681ms)
gateway-web	Run node city/test-all.mjs	2026-10-04T10:26:32.2509366Z ✔ a half-written temporary file is never read as a checkpoint (2.8013ms)
gateway-web	Run node city/test-all.mjs	2026-10-04T10:26:32.2510253Z ✔ list() is newest first and prune() keeps at most maxFiles checkpoints per episode (14.1829ms)
gateway-web	Run node city/test-all.mjs	2026-10-04T10:26:32.2511599Z ✔ save() enforces maxFiles by itself and leaves no temporary files behind (12.1679ms)
gateway-web	Run node city/test-all.mjs	2026-10-04T10:26:32.2512602Z ✔ remove() discards one episode and leaves the others alone (6.5384ms)
gateway-web	Run node city/test-all.mjs	2026-10-04T10:26:32.2513616Z ✔ latest() returns null — never throws — for a missing directory, an unknown episode and corrupt-only files (2.6264ms)
gateway-web	Run node city/test-all.mjs	2026-10-04T10:26:32.2514689Z ✔ truncateOutput keeps the head, the tail and the region around the first error (4.7558ms)
gateway-web	Run node city/test-all.mjs	2026-10-04T10:26:32.2515675Z ✔ truncateOutput reports no region when nothing matches, and leaves a small output alone (0.3112ms)
gateway-web	Run node city/test-all.mjs	2026-10-04T10:26:32.2516854Z ✔ summarizeTestOutput extracts the failure summary, failed cases, traces, last lines and artifacts (3.1902ms)
gateway-web	Run node city/test-all.mjs	2026-10-04T10:26:32.2517837Z ✔ summarizeTestOutput bounds a huge suite and says it truncated (32.6275ms)
gateway-web	Run node city/test-all.mjs	2026-10-04T10:26:32.2518537Z ✔ verifyResume resumes an unchanged world (166.0636ms)
gateway-web	Run node city/test-all.mjs	2026-10-04T10:26:32.2519070Z ✔ verifyResume restarts when HEAD moved (79.85ms)
gateway-web	Run node city/test-all.mjs	2026-10-04T10:26:32.2519804Z ✔ verifyResume restarts when a manifest drifted under the same HEAD (117.9201ms)
gateway-web	Run node city/test-all.mjs	2026-10-04T10:26:32.2520686Z ✔ verifyResume refuses when the workspace is gone or is a different workspace (157.2942ms)
gateway-web	Run node city/test-all.mjs	2026-10-04T10:26:32.2521665Z ✔ a pending mutation whose effect is already on disk resumes as already-complete (116.1475ms)
gateway-web	Run node city/test-all.mjs	2026-10-04T10:26:32.2522582Z ✔ a pending mutation that conflicts with the file on disk forces a restart (116.7657ms)
gateway-web	Run node city/test-all.mjs	2026-10-04T10:26:32.2523445Z ✔ verifyResume will not resume over a pending mutation it cannot re-check (114.7418ms)
gateway-web	Run node city/test-all.mjs	2026-10-04T10:26:32.2524664Z ✔ missing owned processes are reported, and the checkpoint is still resumable (116.8785ms)
gateway-web	Run node city/test-all.mjs	2026-10-04T10:26:32.2525536Z ✔ verifyResume only inspects: nothing on disk changes (141.0097ms)
gateway-web	Run node city/test-all.mjs	2026-10-04T10:26:32.2526271Z ✔ verifyResume restarts when there is no checkpoint at all (34.3226ms)
gateway-web	Run node city/test-all.mjs	2026-10-04T10:26:32.2527100Z ✔ a live context holds only the six step fields and is replaced, not accumulated (3.0894ms)
gateway-web	Run node city/test-all.mjs	2026-10-04T10:26:32.2528000Z ✔ snapshot().live is a copy: a caller cannot change what the context remembers (0.4021ms)
gateway-web	Run node city/test-all.mjs	2026-10-04T10:26:32.2528797Z ✔ clearLive removes the named keys and leaves the rest alone (0.3742ms)
gateway-web	Run node city/test-all.mjs	2026-10-04T10:26:32.2529734Z ✔ after 1000 observations the evidence ring is capped and the retained byte count stops growing (5.5183ms)
gateway-web	Run node city/test-all.mjs	2026-10-04T10:26:32.2530807Z ✔ every ring is bounded: verifications, decisions, process milestones and changed files (1.8752ms)
gateway-web	Run node city/test-all.mjs	2026-10-04T10:26:32.2531738Z ✔ a failed verification is a blocker, and the next passing run clears it (0.3798ms)
gateway-web	Run node city/test-all.mjs	2026-10-04T10:26:32.2532681Z ✔ a resolved decision completes the plan step it names, and a failed one becomes a blocker (0.4802ms)
gateway-web	Run node city/test-all.mjs	2026-10-04T10:26:32.2533649Z ✔ an owned process milestone plans a step and its completion closes the step (0.3203ms)
gateway-web	Run node city/test-all.mjs	2026-10-04T10:26:32.2534552Z ✔ the summary is generated from the bounded layers and is not truncated when it fits (0.6716ms)
gateway-web	Run node city/test-all.mjs	2026-10-04T10:26:32.2535406Z ✔ a summary reports truncated when the budget forces it to cut (1.3523ms)
gateway-web	Run node city/test-all.mjs	2026-10-04T10:26:32.2536492Z ✔ summarize accepts an inventory produced by the supervisor, not only this context (0.3172ms)
gateway-web	Run node city/test-all.mjs	2026-10-04T10:26:32.2537391Z ✔ snapshot reports its own limits and byte count, and two contexts share no state (0.2302ms)
gateway-web	Run node city/test-all.mjs	2026-10-04T10:26:32.2539119Z ✔ a very long observation is clipped before it is retained, so one entry cannot blow the budget (0.2658ms)
gateway-web	Run node city/test-all.mjs	2026-10-04T10:26:32.2541100Z ﹣ a Windows volume-GUID alias is accepted as the same non-reparse work root (1.0433ms) # cross-volume tests require a temp root on a volume separate from C:\Users\RUNNER~1\AppData\Local\Temp\cross-volume-work-root-QNgGcB
gateway-web	Run node city/test-all.mjs	2026-10-04T10:26:32.2544072Z ﹣ a task-owned off-volume directory is registered with an ownership marker and removed only at terminal cleanup (0.2044ms) # cross-volume tests require a temp root on a volume separate from C:\Users\RUNNER~1\AppData\Local\Temp\cross-volume-work-root-QNgGcB
gateway-web	Run node city/test-all.mjs	2026-10-04T10:26:32.2546964Z ﹣ a pre-existing directory sentinel cannot be registered or deleted (0.1712ms) # cross-volume tests require a temp root on a volume separate from C:\Users\RUNNER~1\AppData\Local\Temp\cross-volume-work-root-QNgGcB
gateway-web	Run node city/test-all.mjs	2026-10-04T10:26:32.2549212Z ﹣ a mismatched ownership marker blocks cleanup and reports the exact residual (0.1565ms) # cross-volume tests require a temp root on a volume separate from C:\Users\RUNNER~1\AppData\Local\Temp\cross-volume-work-root-QNgGcB
gateway-web	Run node city/test-all.mjs	2026-10-04T10:26:32.2551555Z ﹣ an unregistered foreign file inside an owned directory blocks recursive cleanup (0.2063ms) # cross-volume tests require a temp root on a volume separate from C:\Users\RUNNER~1\AppData\Local\Temp\cross-volume-work-root-QNgGcB
gateway-web	Run node city/test-all.mjs	2026-10-04T10:26:32.2554142Z ﹣ a task-owned file is removed exactly without deleting its containing directory (0.1817ms) # cross-volume tests require a temp root on a volume separate from C:\Users\RUNNER~1\AppData\Local\Temp\cross-volume-work-root-QNgGcB
gateway-web	Run node city/test-all.mjs	2026-10-04T10:26:32.2556376Z ﹣ a symlink/reparse entry inside a registered root blocks recursive deletion (0.2025ms) # cross-volume tests require a temp root on a volume separate from C:\Users\RUNNER~1\AppData\Local\Temp\cross-volume-work-root-QNgGcB
gateway-web	Run node city/test-all.mjs	2026-10-04T10:26:32.2558875Z ﹣ a locked registered child preserves its parent marker and cleanup debt retries after the handle closes (0.3087ms) # cross-volume tests require a temp root on a volume separate from C:\Users\RUNNER~1\AppData\Local\Temp\cross-volume-work-root-QNgGcB
gateway-web	Run node city/test-all.mjs	2026-10-04T10:26:32.2560406Z ✔ a fix goal shows the failing test failing before anything patches code (3.392ms)
gateway-web	Run node city/test-all.mjs	2026-10-04T10:26:32.2561125Z ✔ a bug wording alone selects the repair template (0.6458ms)
gateway-web	Run node city/test-all.mjs	2026-10-04T10:26:32.2561667Z ✔ a build goal builds and then verifies (0.698ms)
gateway-web	Run node city/test-all.mjs	2026-10-04T10:26:32.2562293Z ✔ a refactor goal runs the affected tests after the patch (0.2944ms)
gateway-web	Run node city/test-all.mjs	2026-10-04T10:26:32.2562965Z ✔ a dependency goal installs, builds, tests and verifies (1.1663ms)
gateway-web	Run node city/test-all.mjs	2026-10-04T10:26:32.2563997Z ✔ the plan skips an unavailable command and records why in reasons (0.2097ms)
gateway-web	Run node city/test-all.mjs	2026-10-04T10:26:32.2565481Z ✔ a template step whose command discovery did not provide is reported in reasons (0.3542ms)
gateway-web	Run node city/test-all.mjs	2026-10-04T10:26:32.2566473Z ✔ a bounded plan refuses to grow past contract.maxSteps and says what it dropped (0.2718ms)
gateway-web	Run node city/test-all.mjs	2026-10-04T10:26:32.2567590Z ✔ the default budget is the documented 40 steps (0.2874ms)
gateway-web	Run node city/test-all.mjs	2026-10-04T10:26:32.2568426Z ✔ no step may outlive the episode budget the contract declares (0.4901ms)
gateway-web	Run node city/test-all.mjs	2026-10-04T10:26:32.2569315Z ✔ every step carries a closed kind, an operation the supervisor knows and the evidence it records (0.3996ms)
gateway-web	Run node city/test-all.mjs	2026-10-04T10:26:32.2570144Z ✔ a test step expects a zero exit code and no failing tests (0.181ms)
gateway-web	Run node city/test-all.mjs	2026-10-04T10:26:32.2570989Z ✔ the reproduce step expects the failure, because that is the evidence a repair needs (0.2723ms)
gateway-web	Run node city/test-all.mjs	2026-10-04T10:26:32.2571851Z ✔ an explicit contract plan wins over the inferred template (0.2305ms)
gateway-web	Run node city/test-all.mjs	2026-10-04T10:26:32.2572710Z ✔ an explicit step of an unknown kind is rejected and recorded, not silently kept (0.1938ms)
gateway-web	Run node city/test-all.mjs	2026-10-04T10:26:32.2574740Z ✔ an explicit step naming an operation the supervisor cannot run is refused (0.2404ms)
gateway-web	Run node city/test-all.mjs	2026-10-04T10:26:32.2575727Z ✔ a contract plan that omits reproduce is kept, and the missing regression evidence is recorded (0.1847ms)
gateway-web	Run node city/test-all.mjs	2026-10-04T10:26:32.2576929Z ✔ an explicit step is normalized: operation, command, args, cwd, expects, timeout and evidence (0.3837ms)
gateway-web	Run node city/test-all.mjs	2026-10-04T10:26:32.2577668Z ✔ an explicit step may write its arguments as one string (0.2509ms)
gateway-web	Run node city/test-all.mjs	2026-10-04T10:26:32.2578354Z ✔ an explicit command carries the discovered arguments of its kind (0.26ms)
gateway-web	Run node city/test-all.mjs	2026-10-04T10:26:32.2579110Z ✔ a step that does not run a command carries a null operation (0.2005ms)
gateway-web	Run node city/test-all.mjs	2026-10-04T10:26:32.2579967Z ✔ the module-level nextStep and advance read and move the same cursor the plan methods do (0.4603ms)
gateway-web	Run node city/test-all.mjs	2026-10-04T10:26:32.2580837Z ✔ nextStep returns the cursor step and skips the steps already complete (0.2876ms)
gateway-web	Run node city/test-all.mjs	2026-10-04T10:26:32.2581786Z ✔ restorePlan restores the exact serialized steps and starts after the verified prefix (0.6985ms)
gateway-web	Run node city/test-all.mjs	2026-10-04T10:26:32.2582622Z ✔ the cursor refuses to advance a step that is not the current one (0.1699ms)
gateway-web	Run node city/test-all.mjs	2026-10-04T10:26:32.2583437Z ✔ advance records the outcome and refuses a step that was already settled (0.2036ms)
gateway-web	Run node city/test-all.mjs	2026-10-04T10:26:32.2584255Z ✔ the completed history is bounded at twice the step budget (0.3086ms)
gateway-web	Run node city/test-all.mjs	2026-10-04T10:26:32.2585391Z ✔ an optional step may be recorded as failed without moving the cursor backwards (0.3308ms)
gateway-web	Run node city/test-all.mjs	2026-10-04T10:26:32.2586486Z ✔ a plan built from a goal with no discoverable command keeps only the steps that run no command and says why (0.1535ms)
gateway-web	Run node city/test-all.mjs	2026-10-04T10:26:32.2587518Z ✔ expectsMet judges a step outcome against the expectation it declares (0.1255ms)
gateway-web	Run node city/test-all.mjs	2026-10-04T10:26:32.2588346Z ✔ an unusable expects object is reported rather than silently ignored (0.2053ms)
gateway-web	Run node city/test-all.mjs	2026-10-04T10:26:32.2590564Z ✔ the plan kind vocabulary is closed and frozen (0.1186ms)
gateway-web	Run node city/test-all.mjs	2026-10-04T10:26:32.2591270Z ✔ an owner contains a stable process identity in addition to its PID (1.402ms)
gateway-web	Run node city/test-all.mjs	2026-10-04T10:26:32.2592064Z ✔ a matching process-creation identity proves the owner is live (0.3161ms)
gateway-web	Run node city/test-all.mjs	2026-10-04T10:26:32.2593027Z ✔ a reused PID with a different process identity is stale, but an unknown probe stays unknown (0.2896ms)
gateway-web	Run node city/test-all.mjs	2026-10-04T10:26:32.2594184Z ✔ an unverified runtime-start fallback never becomes a false stale proof when an OS probe later succeeds (0.1807ms)
gateway-web	Run node city/test-all.mjs	2026-10-04T10:26:32.2595166Z ✔ a real command runs end to end through the real supervisor registry (141.9043ms)
gateway-web	Run node city/test-all.mjs	2026-10-04T10:26:32.2597393Z ✔ mutation intent is durably observed before the filesystem effect, then settled after it (4.6628ms)
gateway-web	Run node city/test-all.mjs	2026-10-04T10:26:32.2598503Z ✔ a failed pre-effect checkpoint blocks the write and leaves the target untouched (0.9735ms)
gateway-web	Run node city/test-all.mjs	2026-10-04T10:26:32.2599374Z ✔ a restored pending mutation is reconciled from disk without applying it again (1.6821ms)
gateway-web	Run node city/test-all.mjs	2026-10-04T10:26:32.2600132Z ✔ plan digests are canonical across object key order (1.6043ms)
gateway-web	Run node city/test-all.mjs	2026-10-04T10:26:32.2601547Z ✔ the supported recovery descriptor validates as a complete replay-safe envelope (0.9145ms)
gateway-web	Run node city/test-all.mjs	2026-10-04T10:26:32.2602969Z ✔ a plan edited after checkpointing fails the digest gate (0.3196ms)
gateway-web	Run node city/test-all.mjs	2026-10-04T10:26:32.2603660Z ✔ unsupported descriptor and plan versions fail closed (0.3819ms)
gateway-web	Run node city/test-all.mjs	2026-10-04T10:26:32.2604505Z ✔ a cursor cannot move beyond the contiguous verified or intentionally skipped prefix (0.3517ms)
gateway-web	Run node city/test-all.mjs	2026-10-04T10:26:32.2605884Z ✔ an expired original deadline and an unknown lifecycle state are rejected (0.3412ms)
gateway-web	Run node city/test-all.mjs	2026-10-04T10:26:32.2606960Z ✔ cross-volume cleanup registrations are bound to episode, work volume, type and state (1.101ms)
gateway-web	Run node city/test-all.mjs	2026-10-04T10:26:32.2607940Z ✔ autonomy authority: runtime default < contract override < explicit run option (2.1631ms)
gateway-web	Run node city/test-all.mjs	2026-10-04T10:26:32.2608838Z ✔ autonomy continues only with new evidence, and never past its own bounds (1.5264ms)
gateway-web	Run node city/test-all.mjs	2026-10-04T10:26:32.2609737Z ✔ scenario A: a failing unit test is reproduced, repaired and verified with fresh evidence (1009.1791ms)
gateway-web	Run node city/test-all.mjs	2026-10-04T10:26:32.2610768Z ✔ a repair that does not work is not retried blind, and the episode fails with evidence (842.7195ms)
gateway-web	Run node city/test-all.mjs	2026-10-04T10:26:32.2611804Z ✔ scenario J: a nearly expired episode does not start new work and reports what it has (853.7197ms)
gateway-web	Run node city/test-all.mjs	2026-10-04T10:26:32.2612897Z ✔ the package entry point runs one episode and returns the report (953.9072ms)
gateway-web	Run node city/test-all.mjs	2026-10-04T10:26:32.2613811Z ✔ a run resolves the level command, appends the focus and goes through the supervisor (3.1114ms)
gateway-web	Run node city/test-all.mjs	2026-10-04T10:26:32.2614693Z ✔ a focus is not appended to a command that does not accept one (0.3334ms)
gateway-web	Run node city/test-all.mjs	2026-10-04T10:26:32.2615943Z ✔ a level with no discovered command reports the refusal instead of guessing one (1.1238ms)
gateway-web	Run node city/test-all.mjs	2026-10-04T10:26:32.2616872Z ✔ a non-zero exit is classified from the output and is not a success (1.8487ms)
gateway-web	Run node city/test-all.mjs	2026-10-04T10:26:32.2617649Z ✔ a timeout is a failure with the timeout class (0.5263ms)
gateway-web	Run node city/test-all.mjs	2026-10-04T10:26:32.2618508Z ✔ a killed process is not a success even when it exited zero (0.7189ms)
gateway-web	Run node city/test-all.mjs	2026-10-04T10:26:32.2619184Z ✔ a signalled exit is not a success (0.316ms)
gateway-web	Run node city/test-all.mjs	2026-10-04T10:26:32.2619796Z ✔ every run carries a timeout and truncates the output it retains (0.3288ms)
gateway-web	Run node city/test-all.mjs	2026-10-04T10:26:32.2620664Z ✔ a refused start is reported as a failure rather than thrown (0.4036ms)
gateway-web	Run node city/test-all.mjs	2026-10-04T10:26:32.2621312Z ✔ runLevels stops at the first level that breaks and names it (1.0196ms)
gateway-web	Run node city/test-all.mjs	2026-10-04T10:26:32.2621907Z ✔ satisfied() is false when the full level never ran (0.4243ms)
gateway-web	Run node city/test-all.mjs	2026-10-04T10:26:32.2622874Z ✔ satisfied() is true only with fresh passing evidence at every required level (0.4584ms)
gateway-web	Run node city/test-all.mjs	2026-10-04T10:26:32.2623638Z ✔ satisfied() is false when the full level evidence predates a mutation (0.581ms)
gateway-web	Run node city/test-all.mjs	2026-10-04T10:26:32.2624326Z ✔ satisfied() honours sinceAt and sinceMs against the clock (0.4131ms)
gateway-web	Run node city/test-all.mjs	2026-10-04T10:26:32.2625006Z ✔ invalidate marks the levels stale and makes the gate refuse (0.784ms)
gateway-web	Run node city/test-all.mjs	2026-10-04T10:26:32.2625777Z ✔ noteMutation bounds freshness for a verifier that has no mutation log (0.3191ms)
gateway-web	Run node city/test-all.mjs	2026-10-04T10:26:32.2626636Z ✔ evidence() reports when each level last ran and whether it is fresh (0.2774ms)
gateway-web	Run node city/test-all.mjs	2026-10-04T10:26:32.2627424Z ✔ freshAt() with no level answers when anything was last verified (0.2996ms)
gateway-web	Run node city/test-all.mjs	2026-10-04T10:26:32.2628127Z ✔ parseTestSummary reads node --test TAP-ish output (0.1408ms)
gateway-web	Run node city/test-all.mjs	2026-10-04T10:26:32.2628795Z ✔ parseTestSummary reads Jest and Vitest output (0.2521ms)
gateway-web	Run node city/test-all.mjs	2026-10-04T10:26:32.2629350Z ✔ parseTestSummary reads pytest output (0.1658ms)
gateway-web	Run node city/test-all.mjs	2026-10-04T10:26:32.2629876Z ✔ parseTestSummary reads cargo test output (0.1694ms)
gateway-web	Run node city/test-all.mjs	2026-10-04T10:26:32.2630545Z ✔ parseTestSummary returns null for junk and never throws (0.0982ms)
gateway-web	Run node city/test-all.mjs	2026-10-04T10:26:32.2631374Z ✔ a workspace is locked while an episode runs, and never stolen from a live owner (5.9978ms)
gateway-web	Run node city/test-all.mjs	2026-10-04T10:26:32.2632232Z ✔ the §33.1 vocabulary is the donor's closed set of thirteen classes (2.7681ms)
gateway-web	Run node city/test-all.mjs	2026-10-04T10:26:32.2632967Z ✔ every failure class is selected by its own exact input (2.1997ms)
gateway-web	Run node city/test-all.mjs	2026-10-04T10:26:32.2633971Z ✔ an unknown-class input selects no pattern and the signals stay empty (0.2426ms)
gateway-web	Run node city/test-all.mjs	2026-10-04T10:26:32.2634786Z ✔ a non-zero exit with a runtime code but no prose is still classified (0.1802ms)
gateway-web	Run node city/test-all.mjs	2026-10-04T10:26:32.2635628Z ✔ a policy refusal is decided before any prose, even a retryable-looking one (0.3027ms)
gateway-web	Run node city/test-all.mjs	2026-10-04T10:26:32.2636443Z ✔ a policy refusal is also decided before a runtime code (0.1939ms)
gateway-web	Run node city/test-all.mjs	2026-10-04T10:26:32.2637363Z ✔ AUTH is decided before RATE_LIMIT when the output carries both (0.1054ms)
gateway-web	Run node city/test-all.mjs	2026-10-04T10:26:32.2638281Z ✔ PROVIDER_PAGE is decided before the generic BUILD wording in a provider log (0.0972ms)
gateway-web	Run node city/test-all.mjs	2026-10-04T10:26:32.2639268Z ✔ DEPENDENCY is decided before BUILD, but only when the host agrees the module is absent (0.3074ms)
gateway-web	Run node city/test-all.mjs	2026-10-04T10:26:32.2640160Z ✔ DEPENDENCY reports the verified missing modules in its signals (0.3949ms)
gateway-web	Run node city/test-all.mjs	2026-10-04T10:26:32.2640997Z ✔ ENVIRONMENT is decided before BUILD and before the generic test wording (0.16ms)
gateway-web	Run node city/test-all.mjs	2026-10-04T10:26:32.2641952Z ✔ WORKSPACE is decided from the host fact, and requires() is what gates it (0.1882ms)
gateway-web	Run node city/test-all.mjs	2026-10-04T10:26:32.2643192Z ✔ THEME needs a diagnostic or an unknown gate, not the wording alone (0.179ms)
gateway-web	Run node city/test-all.mjs	2026-10-04T10:26:32.2644267Z ✔ UI needs the visual fact or one of the three interface gates (0.1655ms)
gateway-web	Run node city/test-all.mjs	2026-10-04T10:26:32.2645625Z ✔ BUILD is decided before TEST when the output carries both (0.1082ms)
gateway-web	Run node city/test-all.mjs	2026-10-04T10:26:32.2646411Z ✔ BUILD is decided before TRANSIENT when a failed build times out (0.0917ms)
gateway-web	Run node city/test-all.mjs	2026-10-04T10:26:32.2647234Z ✔ TEST is decided before TRANSIENT when a failing test also times out (0.0996ms)
gateway-web	Run node city/test-all.mjs	2026-10-04T10:26:32.2649026Z ✔ a gate with no recognisable signature is still evidence, and BENCHMARK is honestly UNKNOWN (0.2436ms)
gateway-web	Run node city/test-all.mjs	2026-10-04T10:26:32.2650245Z ✔ the §33.2 recovery order is the donor's and ends at the Hard Blocker (0.1161ms)
gateway-web	Run node city/test-all.mjs	2026-10-04T10:26:32.2650954Z ✔ the theme ladder is the donor's three steps (0.0824ms)
gateway-web	Run node city/test-all.mjs	2026-10-04T10:26:32.2660213Z ✔ a plan lists every step with a reason and always ends at the Hard Blocker (0.3549ms)
gateway-web	Run node city/test-all.mjs	2026-10-04T10:26:32.2661357Z ✔ every class plans the donor's budgets, and only those steps are applicable (0.4367ms)
gateway-web	Run node city/test-all.mjs	2026-10-04T10:26:32.2662207Z ✔ a representative failure of each class offers the donor's first step (0.3042ms)
gateway-web	Run node city/test-all.mjs	2026-10-04T10:26:32.2663161Z ✔ inapplicable steps are listed with the donor's own reason (0.146ms)
gateway-web	Run node city/test-all.mjs	2026-10-04T10:26:32.2663916Z ✔ a prohibited action goes straight to the Hard Blocker and forbids HNS (0.1279ms)
gateway-web	Run node city/test-all.mjs	2026-10-04T10:26:32.2664673Z ✔ an auth failure is handed to the Owner and cannot use HNS (0.1239ms)
gateway-web	Run node city/test-all.mjs	2026-10-04T10:26:32.2665388Z ✔ a workspace failure escalates the granted scope to the Owner (0.1173ms)
gateway-web	Run node city/test-all.mjs	2026-10-04T10:26:32.2666164Z ✔ only THEME and WORKSPACE and AUTH and TERMINAL carry requires_owner (0.1831ms)
gateway-web	Run node city/test-all.mjs	2026-10-04T10:26:32.2666968Z ✔ a theme failure carries the §33.2 theme ladder and its diagnostic (0.1375ms)
gateway-web	Run node city/test-all.mjs	2026-10-04T10:26:32.2667745Z ✔ a fresh plan offers its first step with the donor's attempt reason (0.2011ms)
gateway-web	Run node city/test-all.mjs	2026-10-04T10:26:32.2668493Z ✔ a step is re-offered until its budget is used, and not beyond (0.2318ms)
gateway-web	Run node city/test-all.mjs	2026-10-04T10:26:32.2669186Z ✔ a NOT_APPLICABLE attempt does not consume the budget (0.161ms)
gateway-web	Run node city/test-all.mjs	2026-10-04T10:26:32.2669916Z ✔ HNS is never offered while a cheaper applicable step has budget left (0.1558ms)
gateway-web	Run node city/test-all.mjs	2026-10-04T10:26:32.2670713Z ✔ the BUILD ladder is consumed and then terminates at the Hard Blocker (0.2177ms)
gateway-web	Run node city/test-all.mjs	2026-10-04T10:26:32.2671594Z ✔ the DEPENDENCY ladder walks LOCAL_RECOVERY, ALTERNATE_INTERNAL_PATH, HNS, then blocks (0.1933ms)
gateway-web	Run node city/test-all.mjs	2026-10-04T10:26:32.2672446Z ✔ the RATE_LIMIT ladder is the donor's order with the donor's budgets (0.1515ms)
gateway-web	Run node city/test-all.mjs	2026-10-04T10:26:32.2673279Z ✔ a prohibited failure is immediately hard-blocked with the "no step applies" reason (0.1395ms)
gateway-web	Run node city/test-all.mjs	2026-10-04T10:26:32.2673938Z ✔ a TRANSIENT ladder exhausts at the native retry and its local repair (0.1802ms)
gateway-web	Run node city/test-all.mjs	2026-10-04T10:26:32.2674440Z ✔ the same observation yields an identical classification and plan (0.243ms)
gateway-web	Run node city/test-all.mjs	2026-10-04T10:26:32.2675060Z ✔ classifying does not mutate the observation it was given (0.126ms)
gateway-web	Run node city/test-all.mjs	2026-10-04T10:26:32.2675549Z ✔ planRecovery refuses a malformed or unknown failure class (0.5357ms)
gateway-web	Run node city/test-all.mjs	2026-10-04T10:26:32.2676081Z ✔ planRecovery does not mutate or upgrade the classification it was given (0.1671ms)
gateway-web	Run node city/test-all.mjs	2026-10-04T10:26:32.2676563Z ✔ the HNS role vocabulary is the donor's four roles (0.0857ms)
gateway-web	Run node city/test-all.mjs	2026-10-04T10:26:32.2692255Z ✔ a first fallback is allowed and always produces a CapabilityGap (0.2835ms)
gateway-web	Run node city/test-all.mjs	2026-10-04T10:26:32.2693422Z ✔ a fallback with no named missing capability is refused and still records the gap (0.8036ms)
gateway-web	Run node city/test-all.mjs	2026-10-04T10:26:32.2694559Z ✔ a prohibited action may not be delegated to HNS (0.1188ms)
gateway-web	Run node city/test-all.mjs	2026-10-04T10:26:32.2695774Z ✔ HNS stops being a crutch at the consecutive ceiling and the gap goes HIGH (0.1801ms)
gateway-web	Run node city/test-all.mjs	2026-10-04T10:26:32.2697172Z ✔ the gap severity rises with its frequency, and TERMINAL is always CRITICAL (0.3954ms)
gateway-web	Run node city/test-all.mjs	2026-10-04T10:26:32.2698517Z ✔ every usage is recorded with its gap, and a gapless or unknown role is refused (0.278ms)
gateway-web	Run node city/test-all.mjs	2026-10-04T10:26:32.2699561Z ✔ the failure vocabulary and its action policy are closed and complete (3.0105ms)
gateway-web	Run node city/test-all.mjs	2026-10-04T10:26:32.2701182Z ✔ classification follows the donor order: timeout flag, then typed code, then patterns, then unknown (1.9663ms)
gateway-web	Run node city/test-all.mjs	2026-10-04T10:26:32.2702779Z ✔ the pattern table keeps the donor order, so an ambiguous message resolves the donor way (0.2553ms)
gateway-web	Run node city/test-all.mjs	2026-10-04T10:26:32.2704807Z ✔ the failure signature ignores what changes between two runs of the same failure (0.3406ms)
gateway-web	Run node city/test-all.mjs	2026-10-04T10:26:32.2706096Z ✔ the repair tracker refuses a blind retry and a repeated hypothesis (0.8146ms)
gateway-web	Run node city/test-all.mjs	2026-10-04T10:26:32.2708213Z ﹣ the failure module agrees with the donor module field by field (0.1293ms) # donor checkout absent; fetch DS-Hns @ eeb57ca5 into .runtime/evidence/mission-book/MB-004/donor-hns to run the differential check
gateway-web	Run node city/test-all.mjs	2026-10-04T10:26:32.2710185Z ✔ the step vocabulary is closed and every kind is fully described (0.2857ms)
gateway-web	Run node city/test-all.mjs	2026-10-04T10:26:32.2711359Z ✔ templates keep the donor order, and a repair always shows the failure first (0.7943ms)
gateway-web	Run node city/test-all.mjs	2026-10-04T10:26:32.2712877Z ✔ a step outside the vocabulary is refused, and a command-bearing step with no command names what it needed (0.5176ms)
gateway-web	Run node city/test-all.mjs	2026-10-04T10:26:32.2714160Z ✔ an unusable expects falls back to the exit code and says so (0.6113ms)
gateway-web	Run node city/test-all.mjs	2026-10-04T10:26:32.2715473Z ✔ expects evaluation treats a reproduce step as the one whose success is a failure (0.3848ms)
gateway-web	Run node city/test-all.mjs	2026-10-04T10:26:32.2716378Z ✔ the cursor only moves forward, one step at a time (1.0646ms)
gateway-web	Run node city/test-all.mjs	2026-10-04T10:26:32.2717321Z ✔ the plan is bounded and every dropped step is explained (0.3738ms)
gateway-web	Run node city/test-all.mjs	2026-10-04T10:26:32.2718466Z ✔ a repair that could not build its reproduce step records the missing regression evidence (0.2621ms)
gateway-web	Run node city/test-all.mjs	2026-10-04T10:26:32.2719696Z ✔ an explicit contract plan always wins, and its missing reproduce step is recorded not corrected (0.283ms)
gateway-web	Run node city/test-all.mjs	2026-10-04T10:26:32.2720743Z ✔ a step may not outlive the episode deadline it was clamped to (0.2212ms)
gateway-web	Run node city/test-all.mjs	2026-10-04T10:26:32.2722312Z ✔ an optional step may be skipped, and a non-optional one may not (0.4039ms)
gateway-web	Run node city/test-all.mjs	2026-10-04T10:26:32.2723646Z ✔ restorePlan refuses a cursor that skips a step without verified evidence (0.7247ms)
gateway-web	Run node city/test-all.mjs	2026-10-04T10:26:32.2724566Z ✔ command splitting respects quoting and argument inheritance (0.3838ms)
gateway-web	Run node city/test-all.mjs	2026-10-04T10:26:32.2725729Z ✔ a focus is appended to the operation it belongs to, and only to the steps that take one (0.1976ms)
gateway-web	Run node city/test-all.mjs	2026-10-04T10:26:32.2728340Z ﹣ the discovery module agrees with the donor module field by field (0.0511ms) # donor checkout absent; fetch DS-Hns @ eeb57ca5 into .runtime/evidence/mission-book/MB-004/donor-hns to run the differential check
gateway-web	Run node city/test-all.mjs	2026-10-04T10:26:32.2730444Z ✔ the plan digest is a sha256 of the canonical plan and is stable under key order (2.0606ms)
gateway-web	Run node city/test-all.mjs	2026-10-04T10:26:32.2731975Z ✔ the plan digest is sensitive to every part of the plan it covers (0.3816ms)
gateway-web	Run node city/test-all.mjs	2026-10-04T10:26:32.2732946Z ✔ a valid recovery descriptor returns a deep copy with the lifecycle state defaulted (1.8063ms)
gateway-web	Run node city/test-all.mjs	2026-10-04T10:26:32.2734711Z ✔ every structural refusal of the recovery descriptor is a closed code (3.1587ms)
gateway-web	Run node city/test-all.mjs	2026-10-04T10:26:32.2736050Z ✔ the cursor must sit exactly after its contiguous verified or optional-skipped prefix (0.5723ms)
gateway-web	Run node city/test-all.mjs	2026-10-04T10:26:32.2737797Z ✔ the descriptor episode id must match the checkpoint that carries it, and the executor must match the run (0.2583ms)
gateway-web	Run node city/test-all.mjs	2026-10-04T10:26:32.2738960Z ✔ the cleanup terminal state is only legal on an active or cleanup-blocked episode (0.3475ms)
gateway-web	Run node city/test-all.mjs	2026-10-04T10:26:32.2740331Z ✔ cross-volume registrations are bound to the episode, work volume, type, state and unique canonical path (1.7193ms)
gateway-web	Run node city/test-all.mjs	2026-10-04T10:26:32.2741470Z ✔ a checkpoint is written whole or not at all, and a killed writer leaves nothing readable (87.6425ms)
gateway-web	Run node city/test-all.mjs	2026-10-04T10:26:32.2742472Z ✔ the default checkpoint directory hangs off the root option and keeps five files (1.1597ms)
gateway-web	Run node city/test-all.mjs	2026-10-04T10:26:32.2743786Z ✔ retention keeps the newest recovery sequences per episode and prune is idempotent (20.3375ms)
gateway-web	Run node city/test-all.mjs	2026-10-04T10:26:32.2744780Z ✔ the newest recovery sequence wins even after the wall clock moves backwards (8.0594ms)
gateway-web	Run node city/test-all.mjs	2026-10-04T10:26:32.2745741Z ✔ a checkpoint write refuses a descriptor that fails validation and stays off disk (0.8383ms)
gateway-web	Run node city/test-all.mjs	2026-10-04T10:26:32.2747677Z ✔ a checkpoint round-trips through disk and remove() clears one episode only (7.812ms)
gateway-web	Run node city/test-all.mjs	2026-10-04T10:26:32.2748661Z ✔ verifyResume is a read-only gate: it resumes, restarts or refuses and changes nothing (162.5746ms)
gateway-web	Run node city/test-all.mjs	2026-10-04T10:26:32.2749801Z ✔ verifyResume distinguishes a working tree that moved from a plan that no longer means anything (77.8693ms)
gateway-web	Run node city/test-all.mjs	2026-10-04T10:26:32.2750892Z ✔ verifyResume re-checks unsettled mutations against disk and never replays them (151.0633ms)
gateway-web	Run node city/test-all.mjs	2026-10-04T10:26:32.2751981Z ✔ verifyResume reports missing owned processes and never turns "cannot tell" into a restart (108.1645ms)
gateway-web	Run node city/test-all.mjs	2026-10-04T10:26:32.2753140Z ✔ the recovery index records a checkpoint, refuses regression and refuses a duplicate sequence (14.383ms)
gateway-web	Run node city/test-all.mjs	2026-10-04T10:26:32.2754233Z ✔ the recovery index refuses a missing, foreign, symlinked or incompatible checkpoint (7.5053ms)
gateway-web	Run node city/test-all.mjs	2026-10-04T10:26:32.2755243Z ✔ a path-safety refusal needs no live index, and a symlinked checkpoint is refused (2.5879ms)
gateway-web	Run node city/test-all.mjs	2026-10-04T10:26:32.2756344Z ✔ reconcileIndex rebuilds the index, blocks duplicates and keeps a valid descriptor diagnostic (12.6249ms)
gateway-web	Run node city/test-all.mjs	2026-10-04T10:26:32.2758024Z ✔ reconcileIndex blocks duplicate files claiming one sequence and preserves terminal states (11.9807ms)
gateway-web	Run node city/test-all.mjs	2026-10-04T10:26:32.2760189Z ✔ a terminal episode cannot be re-activated by a checkpoint write, and only a repair-authorized newer checkpoint clears a block (15.3304ms)
gateway-web	Run node city/test-all.mjs	2026-10-04T10:26:32.2761877Z ✔ automatic recovery attempts are bounded and exhausted attempts persist the block (8.9728ms)
gateway-web	Run node city/test-all.mjs	2026-10-04T10:26:32.2763093Z ✔ a live owner blocks a second claim, and a stale owner is replaced only with identity proof (16.068ms)
gateway-web	Run node city/test-all.mjs	2026-10-04T10:26:32.2764129Z ✔ a corrupt claim blocks automatic recovery instead of being overwritten (8.7055ms)
gateway-web	Run node city/test-all.mjs	2026-10-04T10:26:32.2765290Z ✔ a workspace lock excludes a second writer, reports staleness and never steals a live lock (6.9089ms)
gateway-web	Run node city/test-all.mjs	2026-10-04T10:26:32.2766483Z ✔ a dead owner is reported stale and reclaimed only when the caller passes stealStale (3.2247ms)
gateway-web	Run node city/test-all.mjs	2026-10-04T10:26:32.2767519Z ✔ a disabled lock and an unheld heartbeat are the only quiet paths (0.8043ms)
gateway-web	Run node city/test-all.mjs	2026-10-04T10:26:32.2768550Z ✔ mutation intent is durably observed before the effect and settled after it (2.309ms)
gateway-web	Run node city/test-all.mjs	2026-10-04T10:26:32.2769876Z ✔ a failed pre-effect journal blocks the write and a post-effect journal failure is only a warning (2.2123ms)
gateway-web	Run node city/test-all.mjs	2026-10-04T10:26:32.2771508Z ✔ a content-hash mismatch is detected and a conflicting file is never overwritten on resume (1.6635ms)
gateway-web	Run node city/test-all.mjs	2026-10-04T10:26:32.2773458Z ✔ a restored pending mutation is reconciled from disk without being applied again, and a malformed journal is refused (3.0172ms)
gateway-web	Run node city/test-all.mjs	2026-10-04T10:26:32.2775256Z ✔ a mutation may not escape the workspace or touch a file the user had already changed (3.3411ms)
gateway-web	Run node city/test-all.mjs	2026-10-04T10:26:32.2776273Z ✔ move, mkdir, delete, ring bounding and the changed-file manifest behave as recorded (4.179ms)
gateway-web	Run node city/test-all.mjs	2026-10-04T10:26:32.2777626Z ✔ the workspace is explicit and unverifiable paths are refused, never guessed (75.5823ms)
gateway-web	Run node city/test-all.mjs	2026-10-04T10:26:32.2778954Z ✔ a fingerprint detects drift under the same HEAD and names each reason once (7.7635ms)
gateway-web	Run node city/test-all.mjs	2026-10-04T10:26:32.2779912Z ✔ the snapshot reads the project surface, and git absence is a reported fact (48.2154ms)
gateway-web	Run node city/test-all.mjs	2026-10-04T10:26:32.2782187Z ✔ porcelain parsing keeps renamed targets, conflicts and both change sides (0.3679ms)
gateway-web	Run node city/test-all.mjs	2026-10-04T10:26:32.2783702Z ✔ the repository hashes the same content the same way and reads a bounded file (1.5994ms)
gateway-web	Run node city/test-all.mjs	2026-10-04T10:26:32.2785701Z ✔ an owner carries a process identity alongside its PID (764.975ms)
gateway-web	Run node city/test-all.mjs	2026-10-04T10:26:32.2787057Z ✔ a matching creation identity proves the owner live, a different one is stale and an unknown probe stays unknown (0.3393ms)
gateway-web	Run node city/test-all.mjs	2026-10-04T10:26:32.2788339Z ✔ the OS creation-identity probe answers known=false on a non-Windows host and for an invalid PID (335.3404ms)
gateway-web	Run node city/test-all.mjs	2026-10-04T10:26:45.2992781Z ✔ the episode lifecycle: verify, discover, plan, patch, verify, COMPLETED (955.0843ms)
gateway-web	Run node city/test-all.mjs	2026-10-04T10:26:45.2994298Z ✔ a repair that does not work is not retried blind, and the episode fails with evidence (793.0009ms)
gateway-web	Run node city/test-all.mjs	2026-10-04T10:26:45.2995317Z ✔ a caller may cancel the episode at a step boundary, and it reports CANCELLED (726.5409ms)
gateway-web	Run node city/test-all.mjs	2026-10-04T10:26:45.2996458Z ✔ a transient failure is not retried blind: the attempt is recorded first, so the loop blocks (745.1823ms)
gateway-web	Run node city/test-all.mjs	2026-10-04T10:26:45.2997382Z ✔ a filesystem failure blocks rather than looping (797.1374ms)
gateway-web	Run node city/test-all.mjs	2026-10-04T10:26:45.3000953Z ✔ a resource ceiling (degrade) blocks rather than looping, as a reconnect does (1597.7691ms)
gateway-web	Run node city/test-all.mjs	2026-10-04T10:26:45.3002485Z ✔ the documented repair tracker is what makes the retry arm unreachable (donor defect) (0.5914ms)
gateway-web	Run node city/test-all.mjs	2026-10-04T10:26:45.3005470Z ✔ a repair already ruled blind stalls instead of repeating the same patch (812.2889ms)
gateway-web	Run node city/test-all.mjs	2026-10-04T10:26:45.3007222Z ✔ the repair budget is spent -> a stall, not another round (1055.4055ms)
gateway-web	Run node city/test-all.mjs	2026-10-04T10:26:45.3008616Z ✔ the deadline bands gate new work: a nearly expired episode verifies and reports (748.6567ms)
gateway-web	Run node city/test-all.mjs	2026-10-04T10:26:45.3009740Z ✔ the episode budget defaults match the donor exactly (0.2513ms)
gateway-web	Run node city/test-all.mjs	2026-10-04T10:26:45.3010954Z ✔ the module surface the rest of the runtime imports is exactly the donor's (0.7596ms)
gateway-web	Run node city/test-all.mjs	2026-10-04T10:26:45.3012416Z ✔ the donor constants the port must not drift from (0.6774ms)
gateway-web	Run node city/test-all.mjs	2026-10-04T10:26:45.3015608Z ✔ a repair is proven before it is patched: reproduce precedes patch end to end (804.936ms)
gateway-web	Run node city/test-all.mjs	2026-10-04T10:26:45.3016872Z ✔ a killed process is never a success, even when it exited zero (784.4305ms)
gateway-web	Run node city/test-all.mjs	2026-10-04T10:26:45.3019223Z ✔ a timed-out process is a failure with the timeout class, never a success (773.7955ms)
gateway-web	Run node city/test-all.mjs	2026-10-04T10:26:45.3021082Z ✔ the completion gate refuses: the required tests, the unresolved failure, the build, the lint (3356.6756ms)
gateway-web	Run node city/test-all.mjs	2026-10-04T10:26:45.3026592Z ✔ the completion gate refuses a workspace that is no longer the one it was given (732.9888ms)
gateway-web	Run node city/test-all.mjs	2026-10-04T10:26:45.3027811Z ✔ the lock is not stolen from a live owner (831.3566ms)
gateway-web	Run node city/test-all.mjs	2026-10-04T10:26:45.3033421Z ✔ the user's uncommitted work is never overwritten (968.0711ms)
gateway-web	Run node city/test-all.mjs	2026-10-04T10:26:45.3035049Z ✔ a workspace that does not exist is BLOCKED, and is not conjured into being by the lock (1.0609ms)
gateway-web	Run node city/test-all.mjs	2026-10-04T10:26:45.3036085Z ✔ the episode checkpoints its plan, its cursor and its phase as it walks (949.843ms)
gateway-web	Run node city/test-all.mjs	2026-10-04T10:26:45.3037281Z ✔ the public entry point is the same loop, and builds the same supervisor (371.3651ms)
gateway-web	Run node city/test-all.mjs	2026-10-04T10:26:45.3271381Z ✔ the ladder is frozen, ordered weakest first, and every level is recognised (3.7883ms)
gateway-web	Run node city/test-all.mjs	2026-10-04T10:26:45.3277660Z ✔ commandFor answers which command a level would run without running it (0.7103ms)
gateway-web	Run node city/test-all.mjs	2026-10-04T10:26:45.3279028Z ✔ a level with no focused command falls back to the broader test command (1.1ms)
gateway-web	Run node city/test-all.mjs	2026-10-04T10:26:45.3280088Z ✔ a run resolves the level command, appends the focus and goes through the supervisor (0.6687ms)
gateway-web	Run node city/test-all.mjs	2026-10-04T10:26:45.3281406Z ✔ a focus is not appended to a command that does not accept one (0.3563ms)
gateway-web	Run node city/test-all.mjs	2026-10-04T10:26:45.3282494Z ✔ a focusedTest command accepts a focus even when it does not declare one (0.293ms)
gateway-web	Run node city/test-all.mjs	2026-10-04T10:26:45.3283390Z ✔ a declared command keeps its own arguments and its own cwd (1.8177ms)
gateway-web	Run node city/test-all.mjs	2026-10-04T10:26:45.3286779Z ✔ a level with no discovered command reports the refusal instead of guessing one (0.5017ms)
gateway-web	Run node city/test-all.mjs	2026-10-04T10:26:45.3287782Z ✔ an unknown level and an empty command are refusals that are still recorded (0.6117ms)
gateway-web	Run node city/test-all.mjs	2026-10-04T10:26:45.3288679Z ✔ a non-zero exit is classified from the output and is not a success (2.4569ms)
gateway-web	Run node city/test-all.mjs	2026-10-04T10:26:45.3289379Z ✔ a timeout is a failure with the timeout class (0.6195ms)
gateway-web	Run node city/test-all.mjs	2026-10-04T10:26:45.3290209Z ✔ a killed process is not a success even when it exited zero (0.7795ms)
gateway-web	Run node city/test-all.mjs	2026-10-04T10:26:45.3290856Z ✔ a signalled exit is not a success (0.4361ms)
gateway-web	Run node city/test-all.mjs	2026-10-04T10:26:45.3291739Z ✔ a successful run is never left without a reason slot: ok runs carry reason null and failure null (0.2415ms)
gateway-web	Run node city/test-all.mjs	2026-10-04T10:26:45.3292942Z ✔ every run carries a timeout and truncates the output it retains (0.4428ms)
gateway-web	Run node city/test-all.mjs	2026-10-04T10:26:45.3293689Z ✔ a refused start is reported as a failure rather than thrown (0.2703ms)
gateway-web	Run node city/test-all.mjs	2026-10-04T10:26:45.3294563Z ✔ a supervisor that starts nothing, or cannot be awaited, is a failure and not a crash (0.4113ms)
gateway-web	Run node city/test-all.mjs	2026-10-04T10:26:45.3295478Z ✔ the waiter wins over the start record for exit code, signal and duration (0.1997ms)
gateway-web	Run node city/test-all.mjs	2026-10-04T10:26:45.3296400Z ✔ an entry record is used when the waiter is silent, including stdout+stderr concatenation (0.2475ms)
gateway-web	Run node city/test-all.mjs	2026-10-04T10:26:45.3297245Z ✔ runLevels stops at the first level that breaks and names it (0.5684ms)
gateway-web	Run node city/test-all.mjs	2026-10-04T10:26:45.3298031Z ✔ runLevels with no argument climbs the levels this verifier requires (0.3769ms)
gateway-web	Run node city/test-all.mjs	2026-10-04T10:26:45.3298968Z ✔ satisfied() is false when the full level never ran (0.3563ms)
gateway-web	Run node city/test-all.mjs	2026-10-04T10:26:45.3299783Z ✔ satisfied() is true only with fresh passing evidence at every required level (0.4286ms)
gateway-web	Run node city/test-all.mjs	2026-10-04T10:26:45.3300576Z ✔ satisfied() refuses a level that ran and did not pass (0.1875ms)
gateway-web	Run node city/test-all.mjs	2026-10-04T10:26:45.3301634Z ✔ satisfied() is false when the full level evidence predates a mutation (0.4356ms)
gateway-web	Run node city/test-all.mjs	2026-10-04T10:26:45.3304147Z ✔ satisfied() honours sinceAt and sinceMs against the clock (0.4675ms)
gateway-web	Run node city/test-all.mjs	2026-10-04T10:26:45.3380900Z ✔ satisfied() with an explicit level set answers only for those levels (0.1887ms)
gateway-web	Run node city/test-all.mjs	2026-10-04T10:26:45.3384463Z ✔ invalidate marks the levels stale and makes the gate refuse (0.7801ms)
gateway-web	Run node city/test-all.mjs	2026-10-04T10:26:45.3387158Z ✔ invalidate drops only the evidence at or before its own timestamp (0.3212ms)
gateway-web	Run node city/test-all.mjs	2026-10-04T10:26:45.3492584Z ✔ noteMutation bounds freshness for a verifier that has no mutation log (0.301ms)
gateway-web	Run node city/test-all.mjs	2026-10-04T10:26:45.3493647Z ✔ noteMutation keeps the newest time and counts every note (0.175ms)
gateway-web	Run node city/test-all.mjs	2026-10-04T10:26:45.3494420Z ✔ evidence() reports when each level last ran and whether it is fresh (0.2624ms)
gateway-web	Run node city/test-all.mjs	2026-10-04T10:26:45.3495220Z ✔ freshAt() with no level answers when anything was last verified (0.229ms)
gateway-web	Run node city/test-all.mjs	2026-10-04T10:26:45.3495936Z ✔ freshAt(level) refuses a level that never ran, failed, or aged out (0.1767ms)
gateway-web	Run node city/test-all.mjs	2026-10-04T10:26:45.3497039Z ✔ setDiscovery points the verifier at a new command table without rebuilding it (0.1724ms)
gateway-web	Run node city/test-all.mjs	2026-10-04T10:26:45.3497873Z ✔ the audit trail is bounded and every recorded run has the same shape (0.3566ms)
gateway-web	Run node city/test-all.mjs	2026-10-04T10:26:45.3498657Z ✔ createVerifier refuses to exist without a supervisor or a workspace (0.5697ms)
gateway-web	Run node city/test-all.mjs	2026-10-04T10:26:45.3517823Z ✔ the workspace and required levels are exposed without letting a caller mutate them (0.1395ms)
gateway-web	Run node city/test-all.mjs	2026-10-04T10:26:45.3519014Z ✔ the default truncation seam resolves the sibling checkpoint module and bounds real output (5.1691ms)
gateway-web	Run node city/test-all.mjs	2026-10-04T10:26:45.3520136Z ✔ parseTestSummary reads node --test TAP-ish output (0.1236ms)
gateway-web	Run node city/test-all.mjs	2026-10-04T10:26:45.3520763Z ✔ parseTestSummary reads Jest and Vitest output (0.3151ms)
gateway-web	Run node city/test-all.mjs	2026-10-04T10:26:45.3521727Z ✔ parseTestSummary reads pytest output (0.2182ms)
gateway-web	Run node city/test-all.mjs	2026-10-04T10:26:45.3522373Z ✔ parseTestSummary reads cargo test output (0.2043ms)
gateway-web	Run node city/test-all.mjs	2026-10-04T10:26:45.3523058Z ✔ parseTestSummary returns null for junk and never throws (0.1174ms)
gateway-web	Run node city/test-all.mjs	2026-10-04T10:26:45.3523847Z ✔ a summary field that is absent stays null and is never guessed at zero (0.2893ms)
gateway-web	Run node city/test-all.mjs	2026-10-04T10:26:45.3524588Z ✔ pytest reports at least one failure when the run failed without naming a count (0.1403ms)
gateway-web	Run node city/test-all.mjs	2026-10-04T10:26:45.3525572Z ✔ cargo reports at least one failure when the summary says FAILED but the count is elsewhere (0.0821ms)
gateway-web	Run node city/test-all.mjs	2026-10-04T10:26:45.3526791Z ✔ a Jest line that names no recognised clause is not a summary at all (0.0649ms)
gateway-web	Run node city/test-all.mjs	2026-10-04T10:26:45.3527654Z ✔ the summary parsers can be called on their own and each refuses foreign output (0.1996ms)
gateway-web	Run node city/test-all.mjs	2026-10-04T10:26:45.3528394Z ✔ splitCommand keeps a quoted argument together (0.1636ms)
gateway-web	Run node city/test-all.mjs	2026-10-04T10:26:45.3530615Z ✔ the refusal vocabulary is frozen and carries the donor's exact nine reasons (0.1658ms)
gateway-web	Run node city/test-all.mjs	2026-10-04T10:26:45.3533527Z ✔ an episode that meets every gate is COMPLETED with no reasons (0.4693ms)
gateway-web	Run node city/test-all.mjs	2026-10-04T10:26:45.3534370Z ✔ gate 1 — unsatisfied criteria refuse with the criteria reason (0.1735ms)
gateway-web	Run node city/test-all.mjs	2026-10-04T10:26:45.3535321Z ✔ gate 1 — an unknown criterion is not a satisfied one, even when satisfied is true (0.1714ms)
gateway-web	Run node city/test-all.mjs	2026-10-04T10:26:45.3536235Z ✔ gate 1 — a missing criteria evaluation is a refusal, not an assumption (0.1698ms)
gateway-web	Run node city/test-all.mjs	2026-10-04T10:26:45.3537010Z ✔ gate 2 — a required level that never ran refuses with its name (0.1636ms)
gateway-web	Run node city/test-all.mjs	2026-10-04T10:26:45.3538058Z ✔ gate 2 — a required level that ran and failed refuses with its name (0.1191ms)
gateway-web	Run node city/test-all.mjs	2026-10-04T10:26:45.3538919Z ✔ gate 2 — a contract that declares its own levels is believed over the default (0.2291ms)
gateway-web	Run node city/test-all.mjs	2026-10-04T10:26:45.3539915Z ✔ gate 2 — the donor's "no test level" escape hatch is unreachable, and that is preserved (0.3218ms)
gateway-web	Run node city/test-all.mjs	2026-10-04T10:26:45.3540775Z ✔ gate 2 — requiredTestLevels mirrors the contract declaration (0.1098ms)
gateway-web	Run node city/test-all.mjs	2026-10-04T10:26:45.3541528Z ✔ gate 3 — evidence older than the last change is not fresh (0.1075ms)
gateway-web	Run node city/test-all.mjs	2026-10-04T10:26:45.3542487Z ✔ gate 3 — evidence at or after the last change is fresh, and a level without a timestamp is not judged (0.0947ms)
gateway-web	Run node city/test-all.mjs	2026-10-04T10:26:45.3543404Z ✔ gate 3 — a freshness window expires evidence against the clock (0.205ms)
gateway-web	Run node city/test-all.mjs	2026-10-04T10:26:45.3544300Z ✔ gate 3 — the window is not consulted at all when there is no last-change timestamp (0.0957ms)
gateway-web	Run node city/test-all.mjs	2026-10-04T10:26:45.3545354Z ✔ gate 4 — a required build that did not run or pass refuses, and both spellings of the flag work (0.2784ms)
gateway-web	Run node city/test-all.mjs	2026-10-04T10:26:45.3546434Z ✔ gate 5 — a required lint that did not run or pass refuses, and both spellings of the flag work (0.1686ms)
gateway-web	Run node city/test-all.mjs	2026-10-04T10:26:45.3547457Z ✔ gate 6 — an unresolved critical failure refuses and only the first ten are carried (0.2455ms)
gateway-web	Run node city/test-all.mjs	2026-10-04T10:26:45.3548406Z ✔ gate 6 — the gate judges the list it is handed, and the caller does the filtering (0.2509ms)
gateway-web	Run node city/test-all.mjs	2026-10-04T10:26:45.3549270Z ✔ unresolvedFailures keeps exactly the donor's critical classes (0.2243ms)
gateway-web	Run node city/test-all.mjs	2026-10-04T10:26:45.3550080Z ✔ gate 7 — a workspace that is no longer valid refuses with its own reason (0.186ms)
gateway-web	Run node city/test-all.mjs	2026-10-04T10:26:45.3550968Z ✔ gate 7 — a workspace check is only made when one is supplied, and ok:true passes (0.1109ms)
gateway-web	Run node city/test-all.mjs	2026-10-04T10:26:45.3551814Z ✔ gate 8 — a leak count above zero refuses and names the offenders (0.2029ms)
gateway-web	Run node city/test-all.mjs	2026-10-04T10:26:45.3552614Z ✔ gate 9 — an episode that verified nothing is not a completed episode (0.1208ms)
gateway-web	Run node city/test-all.mjs	2026-10-04T10:26:45.3553418Z ✔ gate 9 — a command history alone is enough to have run something (0.0886ms)
gateway-web	Run node city/test-all.mjs	2026-10-04T10:26:45.3554188Z ✔ every refusal is reported at once, in the donor's gate order (0.1575ms)
gateway-web	Run node city/test-all.mjs	2026-10-04T10:26:45.3555876Z ✔ the durable verdict is deterministic for the same input and clock (0.1566ms)
gateway-web	Run node city/test-all.mjs	2026-10-04T10:26:45.3556552Z ✔ the durable verdict has a stable shape whether it completes or refuses (0.2016ms)
gateway-web	Run node city/test-all.mjs	2026-10-04T10:26:45.3557203Z ✔ collectLeaks asks each component and reports counts, not verdicts (0.3069ms)
gateway-web	Run node city/test-all.mjs	2026-10-04T10:26:45.3557807Z ✔ workspaceStillValid asks the filesystem, and a missing root is a refusal with the real error (1.2209ms)
gateway-web	Run node city/test-all.mjs	2026-10-04T10:26:45.3558414Z ✔ the forbidden list and the default policy are frozen with the donor's contents (0.1123ms)
gateway-web	Run node city/test-all.mjs	2026-10-04T10:26:45.3558940Z ✔ every destructive command is refused before it reaches the shell (231.5768ms)
gateway-web	Run node city/test-all.mjs	2026-10-04T10:26:45.3559417Z ✔ an allowed verb is executed and answers with the real exit code (279.3516ms)
gateway-web	Run node city/test-all.mjs	2026-10-04T10:26:45.3559902Z ✔ status separates untracked, staged, modified and conflicted files (1046.9437ms)
gateway-web	Run node city/test-all.mjs	2026-10-04T10:26:45.3560398Z ✔ status reports the failure instead of pretending the tree is clean (37.8617ms)
gateway-web	Run node city/test-all.mjs	2026-10-04T10:26:45.3560876Z ✔ head reports the branch, the sha and whether HEAD is detached (642.5342ms)
gateway-web	Run node city/test-all.mjs	2026-10-04T10:26:45.3561302Z ✔ diff is bounded and the staged diff is the cached one (612.6027ms)
gateway-web	Run node city/test-all.mjs	2026-10-04T10:26:45.3561719Z ✔ stage takes explicit paths only, and refuses an empty list (317.021ms)
gateway-web	Run node city/test-all.mjs	2026-10-04T10:26:45.3562286Z ✔ commit refuses by default, refuses without a message, and works only when the contract allows it (732.8582ms)
gateway-web	Run node city/test-all.mjs	2026-10-04T10:26:45.3562883Z ✔ a commit with nothing staged fails on git's own refusal, not on a rewritten one (523.2291ms)
gateway-web	Run node city/test-all.mjs	2026-10-04T10:26:45.3563375Z ✔ push and merge are refused unless the contract says otherwise (237.6011ms)
gateway-web	Run node city/test-all.mjs	2026-10-04T10:26:45.3563796Z ✔ drift names exactly what moved since the baseline (1194.951ms)
gateway-web	Run node city/test-all.mjs	2026-10-04T10:26:45.3564226Z ✔ the command history is bounded to the last two hundred entries (8794.9375ms)
gateway-web	Run node city/test-all.mjs	2026-10-04T10:26:45.3564619Z ✔ the exported vocabularies are the donor's (0.1901ms)
gateway-web	Run node city/test-all.mjs	2026-10-04T10:26:45.3565023Z ✔ an incomplete registry identity is refused at construction (3.3019ms)
gateway-web	Run node city/test-all.mjs	2026-10-04T10:26:45.3565532Z ✔ a registry that failed to initialize refuses every operation with the same error (1.1147ms)
gateway-web	Run node city/test-all.mjs	2026-10-04T10:26:45.3566187Z ✔ a scratch path on the work volume is not cross-volume material, and the path is judged before the purpose (1.0534ms)
gateway-web	Run node city/test-all.mjs	2026-10-04T10:26:45.3566716Z ✔ cleanup is a no-op until the episode is terminal (0.9074ms)
gateway-web	Run node city/test-all.mjs	2026-10-04T10:26:45.3567149Z ✔ a cleaned registry with nothing registered proves an empty cleanup (0.6945ms)
gateway-web	Run node city/test-all.mjs	2026-10-04T10:26:45.3567630Z ✔ retrying cleanup debt is the terminal cleanup under its own reason (0.9781ms)
gateway-web	Run node city/test-all.mjs	2026-10-04T10:26:45.3568180Z ✔ a restored registration is validated against the episode, the work root and its own type (7.0946ms)
gateway-web	Run node city/test-all.mjs	2026-10-04T10:26:45.3568770Z ✔ the registry deep-copies what it hands out, so a caller cannot edit its own ledger (0.6955ms)
gateway-web	Run node city/test-all.mjs	2026-10-04T10:26:45.3569490Z ✔ §41 CR-01 a compiler failure parses into a step, a diagnostic and an exit code (0.9682ms)
gateway-web	Run node city/test-all.mjs	2026-10-04T10:26:45.3570244Z ✔ §41 CR-02 a test failure parses into the failing test name and keeps the assertion (0.2226ms)
gateway-web	Run node city/test-all.mjs	2026-10-04T10:26:45.3571072Z ✔ the exit-code wrapper is never mistaken for an assertion (0.2697ms)
gateway-web	Run node city/test-all.mjs	2026-10-04T10:26:45.3571879Z ✔ a second assertion for the same test becomes an annotation, not an overwrite (0.2284ms)
gateway-web	Run node city/test-all.mjs	2026-10-04T10:26:45.3572541Z ✔ an assertion with no pending test is an annotation (0.1701ms)
gateway-web	Run node city/test-all.mjs	2026-10-04T10:26:45.3573085Z ✔ the alternate diagnostic form is read too (0.1167ms)
gateway-web	Run node city/test-all.mjs	2026-10-04T10:26:45.3573678Z ✔ commands are de-duplicated and ANSI colour is stripped (0.1439ms)
gateway-web	Run node city/test-all.mjs	2026-10-04T10:26:45.3574615Z ✔ the annotation list is capped at twenty exit-code lines (0.1944ms)
gateway-web	Run node city/test-all.mjs	2026-10-04T10:26:45.3575466Z ✔ the twenty-line cap does not apply to assertion lines, and the donor does not pretend it does (0.1949ms)
gateway-web	Run node city/test-all.mjs	2026-10-04T10:26:45.3576284Z ✔ a log with nothing recognisable parses honestly empty and invents no cause (0.256ms)
gateway-web	Run node city/test-all.mjs	2026-10-04T10:26:45.3577253Z ✔ log_bytes counts UTF-8 bytes, not characters (0.4661ms)
gateway-web	Run node city/test-all.mjs	2026-10-04T10:26:45.3577790Z ✔ the signature identifies the failure and moves when the failure moves (0.2674ms)
gateway-web	Run node city/test-all.mjs	2026-10-04T10:26:45.3579081Z ✔ the signature is a sha256 of the donor's exact identity payload (0.2032ms)
gateway-web	Run node city/test-all.mjs	2026-10-04T10:26:45.3580112Z ✔ CI could not start is reported as infrastructure, not as a code failure (0.2165ms)
gateway-web	Run node city/test-all.mjs	2026-10-04T10:26:45.3580825Z ✔ a recognisable failure is never called infrastructure (0.2052ms)
gateway-web	Run node city/test-all.mjs	2026-10-04T10:26:45.3581555Z ✔ §41 CR-03 a compiler failure is BUILD and its local gate is the typecheck (3.6821ms)
gateway-web	Run node city/test-all.mjs	2026-10-04T10:26:45.3582235Z ✔ §41 CR-03 a test failure is TEST with the unit gate (0.9772ms)
gateway-web	Run node city/test-all.mjs	2026-10-04T10:26:45.3583006Z ✔ the local gate table is the donor's, and an unmappable class has no gate at all (0.2547ms)
gateway-web	Run node city/test-all.mjs	2026-10-04T10:26:45.3583801Z ✔ §41 CR-05 a prohibited CI failure goes straight to the Hard Blocker (0.5014ms)
gateway-web	Run node city/test-all.mjs	2026-10-04T10:26:45.3584547Z ✔ the loop is bounded by §33.2's budgets, not by a counter invented here (1.0638ms)
gateway-web	Run node city/test-all.mjs	2026-10-04T10:26:45.3585542Z ✔ a NOT_APPLICABLE attempt does not spend a recovery budget (0.2545ms)
gateway-web	Run node city/test-all.mjs	2026-10-04T10:26:45.3586323Z ✔ a class with no local gate is a retry, and the plan says so (0.7424ms)
gateway-web	Run node city/test-all.mjs	2026-10-04T10:26:45.3587849Z ✔ §41 CR-04 only a green CI read counts, and a failed read is not a pass (0.2017ms)
gateway-web	Run node city/test-all.mjs	2026-10-04T10:26:45.3588692Z ✔ §41 the loop ends at PASS, at a Hard Blocker, or not yet (0.1635ms)
gateway-web	Run node city/test-all.mjs	2026-10-04T10:26:45.3589437Z ✔ the CI-repair plan is deterministic for the same log and attempts (0.3717ms)
gateway-web	Run node city/test-all.mjs	2026-10-04T10:26:45.3590219Z ✔ ci-repair needs no clock, no filesystem and no network to decide (0.1564ms)
gateway-web	Run node city/test-all.mjs	2026-10-04T10:26:45.3591188Z ✔ the correctable field list is the donor's eight text fields, and excludes the structured evidence (0.4348ms)
gateway-web	Run node city/test-all.mjs	2026-10-04T10:26:45.3592202Z ✔ a correction replaces only its own field and leaves the rest of the draft alone (0.1993ms)
gateway-web	Run node city/test-all.mjs	2026-10-04T10:26:45.3594045Z ✔ the latest correction per field wins, whatever order the list arrives in (0.1362ms)
gateway-web	Run node city/test-all.mjs	2026-10-04T10:26:45.3595135Z ✔ two corrections with the same timestamp resolve to the later one in the list (0.1219ms)
gateway-web	Run node city/test-all.mjs	2026-10-04T10:26:45.3595979Z ✔ several fields can be corrected at once, each from its own latest entry (0.1624ms)
gateway-web	Run node city/test-all.mjs	2026-10-04T10:26:45.3596927Z ✔ a blank correction is ignored, and a draft nobody corrected is returned unchanged by identity (0.1704ms)
gateway-web	Run node city/test-all.mjs	2026-10-04T10:26:45.3597840Z ✔ a blank correction for one field does not suppress a real correction for another (0.127ms)
gateway-web	Run node city/test-all.mjs	2026-10-04T10:26:45.3598569Z ✔ the donor does not filter corrections by cluster key (0.1177ms)
gateway-web	Run node city/test-all.mjs	2026-10-04T10:26:45.3599221Z ✔ fields the draft does not have are carried through untouched (0.1789ms)
gateway-web	Run node city/test-all.mjs	2026-10-04T10:26:45.3599869Z ✔ applying the same corrections twice is deterministic (0.1481ms)
gateway-web	Run node city/test-all.mjs	2026-10-04T10:26:45.3600520Z ✔ the action sets and the state vocabulary are the donor sets (1.9358ms)
gateway-web	Run node city/test-all.mjs	2026-10-04T10:26:45.3601097Z ✔ every AUTO_ACTION waits and auto-resumes (0.4696ms)
gateway-web	Run node city/test-all.mjs	2026-10-04T10:26:45.3601688Z ✔ every PAUSED_ACTION pauses and must not auto-resume (0.213ms)
gateway-web	Run node city/test-all.mjs	2026-10-04T10:26:45.3602293Z ✔ an action in neither set is ACTIVE and auto-resumes (0.2978ms)
gateway-web	Run node city/test-all.mjs	2026-10-04T10:26:45.3602981Z ✔ a falsy reason falls back to that state default, a real reason is kept (0.2246ms)
gateway-web	Run node city/test-all.mjs	2026-10-04T10:26:45.3603625Z ✔ retryAt is present only when it was defined (0.3396ms)
gateway-web	Run node city/test-all.mjs	2026-10-04T10:26:45.3604294Z ✔ updatedAt is the injected clock in ISO form, and the clock is required (0.7773ms)
gateway-web	Run node city/test-all.mjs	2026-10-04T10:26:45.3605088Z ✔ pausedForProvider pauses, never auto-resumes and never writes a deadline (0.3133ms)
gateway-web	Run node city/test-all.mjs	2026-10-04T10:26:45.3605744Z ✔ the three labels are the donor labels (0.3201ms)
gateway-web	Run node city/test-all.mjs	2026-10-04T10:26:45.3606397Z ✔ providerStateRecord validates the donor shape instead of repairing it (0.44ms)
gateway-web	Run node city/test-all.mjs	2026-10-04T10:26:45.3607166Z ✔ the availability vocabulary is the donor ten, in the donor order (1.7124ms)
gateway-web	Run node city/test-all.mjs	2026-10-04T10:26:45.3607913Z ✔ isRuntimeAvailable: exactly one of the ten values is available (0.3141ms)
gateway-web	Run node city/test-all.mjs	2026-10-04T10:26:45.3608918Z ✔ isRuntimeAvailable refuses a value outside the ten-value vocabulary (0.5192ms)
gateway-web	Run node city/test-all.mjs	2026-10-04T10:26:45.3609692Z ✔ unsupportedRuntime keeps the donor identity and capability defaults (0.6072ms)
gateway-web	Run node city/test-all.mjs	2026-10-04T10:26:45.3610638Z ✔ unsupportedRuntime.healthCheck reports UNSUPPORTED with the donor message and injected time (0.8974ms)
gateway-web	Run node city/test-all.mjs	2026-10-04T10:26:45.3611693Z ✔ unsupportedRuntime.execute refuses permanently and is not retryable (0.6229ms)
gateway-web	Run node city/test-all.mjs	2026-10-04T10:26:45.3612572Z ✔ providerRuntimeAdapter refuses an id without the web: prefix, with the donor message (0.4475ms)
gateway-web	Run node city/test-all.mjs	2026-10-04T10:26:45.3613401Z ✔ providerRuntimeAdapter accepts a web: id and declares kind web (0.1492ms)
gateway-web	Run node city/test-all.mjs	2026-10-04T10:26:45.3614247Z ✔ providerRuntimeAdapter merges the donor all-seven-role default with no override (0.3214ms)
gateway-web	Run node city/test-all.mjs	2026-10-04T10:26:45.3615391Z ✔ providerRuntimeAdapter applies a partial override and keeps the untouched defaults (0.6283ms)
gateway-web	Run node city/test-all.mjs	2026-10-04T10:26:45.3616191Z ✔ healthCheck and execute delegate to the injected hooks (0.8355ms)
gateway-web	Run node city/test-all.mjs	2026-10-04T10:26:45.3616925Z ✔ cancel delegates to the hook and resolves when no hook is supplied (0.3524ms)
gateway-web	Run node city/test-all.mjs	2026-10-04T10:26:45.3617715Z ✔ a missing healthCheck/execute hook fails at the call, not at construction (0.347ms)
gateway-web	Run node city/test-all.mjs	2026-10-04T10:26:45.3618622Z ✔ runtimeRequest copies the donor fields and keeps optionals absent when not supplied (0.4087ms)
gateway-web	Run node city/test-all.mjs	2026-10-04T10:26:45.3619513Z ✔ runtimeFailure keeps the donor field shapes and the conditional retryAt (0.2924ms)
gateway-web	Run node city/test-all.mjs	2026-10-04T10:26:45.3620309Z ✔ runtimeResult keeps the four statuses and the optional donor fields (0.5213ms)
gateway-web	Run node city/test-all.mjs	2026-10-04T10:26:45.3621358Z ✔ provider usage never invents a number the provider did not report (0.6631ms)
gateway-web	Run node city/test-all.mjs	2026-10-04T10:26:45.3623690Z ✔ runtimeHealth and runtimeMetrics are validated, not repaired (0.1862ms)
gateway-web	Run node city/test-all.mjs	2026-10-04T10:26:45.3624472Z ✔ the module reads no ambient clock, environment or randomness (13.2685ms)
gateway-web	Run node city/test-all.mjs	2026-10-04T10:26:45.3625181Z ✔ an unknown runtime is CLOSED and is never listed (2.8702ms)
gateway-web	Run node city/test-all.mjs	2026-10-04T10:26:45.3625915Z ✔ the donor defaults are a threshold of 3 and a 60 s cooldown (0.7818ms)
gateway-web	Run node city/test-all.mjs	2026-10-04T10:26:45.3626656Z ✔ failureThreshold is clamped to 1..20 and a non-integer throws (1.5433ms)
gateway-web	Run node city/test-all.mjs	2026-10-04T10:26:45.3627357Z ✔ cooldownMs is clamped to 1..604800000 and a non-integer throws (0.3669ms)
gateway-web	Run node city/test-all.mjs	2026-10-04T10:26:45.3627851Z ✔ the clock is the caller’s, and there is no built-in one (0.2723ms)
gateway-web	Run node city/test-all.mjs	2026-10-04T10:26:45.3628332Z ✔ CLOSED reaches OPEN exactly at the failure threshold, and not before (0.5056ms)
gateway-web	Run node city/test-all.mjs	2026-10-04T10:26:45.3628777Z ✔ isOpen is true only while the reported state is OPEN (0.2502ms)
gateway-web	Run node city/test-all.mjs	2026-10-04T10:26:45.3629205Z ✔ HALF_OPEN appears exactly at the cooldown boundary (0.3546ms)
gateway-web	Run node city/test-all.mjs	2026-10-04T10:26:45.3630004Z ✔ a failure while OPEN inside the cooldown stays OPEN and leaves openedAt unchanged (0.3678ms)
gateway-web	Run node city/test-all.mjs	2026-10-04T10:26:45.3630820Z ✔ HALF_OPEN admits at most one probe, and the probe counter is per runtime (0.8702ms)
gateway-web	Run node city/test-all.mjs	2026-10-04T10:26:45.3631561Z ✔ a verified success closes the breaker and clears the streak and the probe (0.8755ms)
gateway-web	Run node city/test-all.mjs	2026-10-04T10:26:45.3632454Z ✔ a verified success also closes a record that is still stored OPEN but past its cooldown (0.1914ms)
gateway-web	Run node city/test-all.mjs	2026-10-04T10:26:45.3633214Z ✔ a failed probe reopens with a fresh cooldown and the streak at the threshold (0.2825ms)
gateway-web	Run node city/test-all.mjs	2026-10-04T10:26:45.3633738Z ✔ cancelProbe frees a consumed probe without changing breaker state (0.3771ms)
gateway-web	Run node city/test-all.mjs	2026-10-04T10:26:45.3634227Z ✔ reset removes the record and the probe, so the runtime is CLOSED again (0.4054ms)
gateway-web	Run node city/test-all.mjs	2026-10-04T10:26:45.3634745Z ✔ list reports each runtime’s current state and streak (0.3453ms)
gateway-web	Run node city/test-all.mjs	2026-10-04T10:26:45.3637674Z ✔ a snapshot restores exactly, and the effective options travel with it (0.4035ms)
gateway-web	Run node city/test-all.mjs	2026-10-04T10:26:45.3638577Z ✔ a malformed snapshot throws instead of being repaired (0.7078ms)
gateway-web	Run node city/test-all.mjs	2026-10-04T10:26:45.3639480Z ✔ the value-level calls return new state and never mutate the state they were given (0.3963ms)
gateway-web	Run node city/test-all.mjs	2026-10-04T10:26:45.3639983Z ✔ only the six provider-technical kinds trip the breaker (0.2335ms)
gateway-web	Run node city/test-all.mjs	2026-10-04T10:26:45.3640554Z ✔ one broken runtime does not disturb another (0.1698ms)
gateway-web	Run node city/test-all.mjs	2026-10-04T10:26:45.3640915Z ✔ an option that cannot be an integer fails closed (0.2395ms)
gateway-web	Run node city/test-all.mjs	2026-10-04T10:26:45.3641576Z ✔ a caller-supplied file path is not part of this module’s shape (0.1516ms)
gateway-web	Run node city/test-all.mjs	2026-10-04T10:26:45.3642468Z ✔ covers all 11 semantic outcomes with a continuous axis mapping (1.0708ms)
gateway-web	Run node city/test-all.mjs	2026-10-04T10:26:45.3643195Z ✔ A02: runtime SUCCESS + normal completion ⇒ FULL_COMPLETION (0.7108ms)
gateway-web	Run node city/test-all.mjs	2026-10-04T10:26:45.3644070Z ✔ A03: runtime SUCCESS + explicit refusal ⇒ HARD_REFUSAL without being a runtime failure (0.1302ms)
gateway-web	Run node city/test-all.mjs	2026-10-04T10:26:45.3644950Z ✔ A04: partial completion and partial refusal are distinguishable (0.1666ms)
gateway-web	Run node city/test-all.mjs	2026-10-04T10:26:45.3645729Z ✔ A05: runtime TIMEOUT ⇒ UNCLASSIFIED with no restriction penalty (0.1912ms)
gateway-web	Run node city/test-all.mjs	2026-10-04T10:26:45.3646451Z ✔ A06: AUTH_REQUIRED ⇒ no capability/restriction penalty (0.1402ms)
gateway-web	Run node city/test-all.mjs	2026-10-04T10:26:45.3647693Z ✔ A07: PAGE_CHANGED ⇒ no semantic negative evidence (0.1403ms)
gateway-web	Run node city/test-all.mjs	2026-10-04T10:26:45.3649238Z ✔ A08: goal drift is recorded when the worker silently changes scope (0.7038ms)
gateway-web	Run node city/test-all.mjs	2026-10-04T10:26:45.3650046Z ✔ format failure is distinguished from provider restriction (0.2327ms)
gateway-web	Run node city/test-all.mjs	2026-10-04T10:26:45.3650882Z ✔ deterministic verification failure outranks provider behaviour signals (0.3058ms)
gateway-web	Run node city/test-all.mjs	2026-10-04T10:26:45.3651757Z ✔ an unobservable success is UNCLASSIFIED rather than a fabricated completion (0.2033ms)
gateway-web	Run node city/test-all.mjs	2026-10-04T10:26:45.3652378Z ✔ classifies runtime codes as non-semantic (0.2143ms)
gateway-web	Run node city/test-all.mjs	2026-10-04T10:26:45.3653072Z ✔ a SUCCESS that also carries a non-semantic code is still not model behaviour (1.0327ms)
gateway-web	Run node city/test-all.mjs	2026-10-04T10:26:45.3653890Z ✔ a runtime failure with no listed code is still excluded, and says so (0.2252ms)
gateway-web	Run node city/test-all.mjs	2026-10-04T10:26:45.3654639Z ✔ selection precedence between the non-failure signals is the donor’s (0.3691ms)
gateway-web	Run node city/test-all.mjs	2026-10-04T10:26:45.3655602Z ✔ an injected evaluator version is stamped on every classification (0.2055ms)
gateway-web	Run node city/test-all.mjs	2026-10-04T10:26:45.3656427Z ✔ detectGoalDrift reports scope-change markers and unaddressed deliverables (0.7246ms)
gateway-web	Run node city/test-all.mjs	2026-10-04T10:26:45.3657321Z ✔ createEvaluationRevision appends a revision without overwriting the original (0.2293ms)
gateway-web	Run node city/test-all.mjs	2026-10-04T10:26:45.3658050Z ✔ semanticEvaluation validates and copies an evaluation (0.9991ms)
gateway-web	Run node city/test-all.mjs	2026-10-04T10:26:45.3658833Z ✔ catalog describes source resolution and preview without promising installation (15.367ms)
gateway-web	Run node city/test-all.mjs	2026-10-04T10:26:45.3659521Z ✔ GitHub reference parsing matches the donor (2.7822ms)
gateway-web	Run node city/test-all.mjs	2026-10-04T10:26:45.3660128Z ✔ archive planning and the resolution plan match the donor ordering (0.6784ms)
gateway-web	Run node city/test-all.mjs	2026-10-04T10:26:45.3660925Z ✔ a resolved plan is offline only: no download happens and none is planned (0.3536ms)
gateway-web	Run node city/test-all.mjs	2026-10-04T10:26:45.3661697Z ✔ the tiered scanner resolves bundles, collections, siblings and flat files (6.7739ms)
gateway-web	Run node city/test-all.mjs	2026-10-04T10:26:45.3662427Z ✔ the scanner is deterministic over an injected in-memory tree (2.1595ms)
gateway-web	Run node city/test-all.mjs	2026-10-04T10:26:45.3663089Z ✔ a scanned skill is validated by this module's own parser (1.9657ms)
gateway-web	Run node city/test-all.mjs	2026-10-04T10:26:45.3663796Z ✔ the curated catalog searches offline and degrades a failed live search (13.1006ms)
gateway-web	Run node city/test-all.mjs	2026-10-04T10:26:45.3664553Z ✔ the module never writes a runtime file and never installs or downloads (9.9924ms)
gateway-web	Run node city/test-all.mjs	2026-10-04T10:26:45.3665127Z ✔ skill name grammar matches the donor (1.462ms)
gateway-web	Run node city/test-all.mjs	2026-10-04T10:26:45.3665818Z ✔ frontmatter parsing reads the donor subset (metadata, whenToUse, invocation) (2.2757ms)
gateway-web	Run node city/test-all.mjs	2026-10-04T10:26:45.3666757Z ✔ malformed frontmatter is rejected with a reason, never guessed (0.332ms)
gateway-web	Run node city/test-all.mjs	2026-10-04T10:26:45.3667420Z ✔ rendering round-trips through the parser like the donor (0.4993ms)
gateway-web	Run node city/test-all.mjs	2026-10-04T10:26:45.3668180Z ✔ the highest-level analysis accepts a valid document and rejects an oversized one (0.9555ms)
gateway-web	Run node city/test-all.mjs	2026-10-04T10:26:45.3668943Z ✔ the tar reader lists regular files and directories like the donor (2.3022ms)
gateway-web	Run node city/test-all.mjs	2026-10-04T10:26:45.3669522Z ✔ traversal and absolute paths are refused (1.7622ms)
gateway-web	Run node city/test-all.mjs	2026-10-04T10:26:45.3670118Z ✔ symlinks, hardlinks and devices are refused, never accepted (0.6221ms)
gateway-web	Run node city/test-all.mjs	2026-10-04T10:26:45.3671069Z ✔ byte and entry caps stop a zip-bomb sized archive and a flood of entries (1.8711ms)
gateway-web	Run node city/test-all.mjs	2026-10-04T10:26:45.3671796Z ✔ gzip is detected and decompressed transparently (1.9158ms)
gateway-web	Run node city/test-all.mjs	2026-10-04T10:26:45.3672602Z ✔ a corrupt header checksum is refused instead of being misread (0.2854ms)
gateway-web	Run node city/test-all.mjs	2026-10-04T10:26:45.3673404Z ✔ the module is self-contained: built-ins only, no donor checkout dependency (12.2887ms)
gateway-web	Run node city/test-all.mjs	2026-10-04T10:26:45.3674233Z ✔ provenance stays honest: DONOR.json pins the donor and records the adaptation (2.6766ms)
gateway-web	Run node city/test-all.mjs	2026-10-04T10:26:45.3675172Z ✔ dshBin keeps the donor path shape and follows the injected app root (1.5467ms)
gateway-web	Run node city/test-all.mjs	2026-10-04T10:26:45.3675866Z ✔ nodeExecutable is the donor rule env.DSH_NODE || node (0.226ms)
gateway-web	Run node city/test-all.mjs	2026-10-04T10:26:45.3676583Z ✔ childEnv sets exactly the donor keys, with the donor defaults and order (0.6944ms)
gateway-web	Run node city/test-all.mjs	2026-10-04T10:26:45.3677379Z ✔ childEnv never mutates the ambient environment and returns a fresh object (0.2526ms)
gateway-web	Run node city/test-all.mjs	2026-10-04T10:26:45.3678311Z ✔ childEnv lets the ambient mode variables win over the defaults, and spreads overrides last (0.2081ms)
gateway-web	Run node city/test-all.mjs	2026-10-04T10:26:45.3679311Z ✔ startJob builds the donor argv, cwd, stdio and pipes, and returns {child, pid, logFile} (0.5651ms)
gateway-web	Run node city/test-all.mjs	2026-10-04T10:26:45.3679998Z ✔ startJob honours an explicit logFile (0.2829ms)
gateway-web	Run node city/test-all.mjs	2026-10-04T10:26:45.3680776Z ✔ startJob passes permissionMode through as DSH_PERMISSION_MODE, and omits it otherwise (1.3396ms)
gateway-web	Run node city/test-all.mjs	2026-10-04T10:26:45.3681685Z ✔ startJob pipes into the log stream it opened, so the child records to that file (0.3751ms)
gateway-web	Run node city/test-all.mjs	2026-10-04T10:26:45.3682537Z ✔ killTree spawns taskkill.exe with the donor argv for a numeric pid (0.3526ms)
gateway-web	Run node city/test-all.mjs	2026-10-04T10:26:45.3683332Z ✔ killTree stringifies a non-numeric pid and spawns nothing for a falsy one (0.2025ms)
gateway-web	Run node city/test-all.mjs	2026-10-04T10:26:45.3684180Z ✔ killTree swallows a synchronous spawn throw, as the donor empty catch did (0.268ms)
gateway-web	Run node city/test-all.mjs	2026-10-04T10:26:45.3685013Z ✔ index.mjs re-exports the runner factory and the closed vocabularies (0.1484ms)
gateway-web	Run node city/test-all.mjs	2026-10-04T10:26:45.3685773Z ✔ the module is self-contained: built-ins only, no donor checkout dependency (11.5358ms)
gateway-web	Run node city/test-all.mjs	2026-10-04T10:26:45.3686548Z ✔ provenance stays honest: DONOR.json pins the donor and records the deferrals (1.3025ms)
gateway-web	Run node city/test-all.mjs	2026-10-04T10:26:45.3687263Z ✔ the contract carries the donor vocabulary, in the donor order (2.8017ms)
gateway-web	Run node city/test-all.mjs	2026-10-04T10:26:45.3688058Z ✔ factories copy on construct: mutating a result never touches the vocabulary (0.2685ms)
gateway-web	Run node city/test-all.mjs	2026-10-04T10:26:45.3688922Z ✔ validators refuse invalid input instead of turning it into valid input (0.3812ms)
gateway-web	Run node city/test-all.mjs	2026-10-04T10:26:45.3690506Z ✔ every status lands in exactly one of the three status classes (0.2774ms)
gateway-web	Run node city/test-all.mjs	2026-10-04T10:26:45.3691217Z ✔ normalizeStatus trims and upper-cases (0.1686ms)
gateway-web	Run node city/test-all.mjs	2026-10-04T10:26:45.3693678Z ✔ terminalState classifies all six persisted spellings and refuses the rest (0.1737ms)
gateway-web	Run node city/test-all.mjs	2026-10-04T10:26:45.3694793Z ✔ persistedStatusFor keeps the persisted vocabulary backward compatible (0.1683ms)
gateway-web	Run node city/test-all.mjs	2026-10-04T10:26:45.3696256Z ✔ statusLabel names the three canonical states and falls back to Terminated (0.1916ms)
gateway-web	Run node city/test-all.mjs	2026-10-04T10:26:45.3697188Z ✔ firstLine returns the first non-empty trimmed line (0.3909ms)
gateway-web	Run node city/test-all.mjs	2026-10-04T10:26:45.3697932Z ✔ truncate collapses whitespace and reserves one character for the ellipsis (0.8168ms)
gateway-web	Run node city/test-all.mjs	2026-10-04T10:26:45.3698669Z ✔ taskDisplayName walks the donor candidate order (0.6843ms)
gateway-web	Run node city/test-all.mjs	2026-10-04T10:26:45.3699349Z ✔ errorSummary joins code and message, degrades to JSON, and never throws (0.6185ms)
gateway-web	Run node city/test-all.mjs	2026-10-04T10:26:45.3700074Z ✔ shortResult formats Xs / Xm Ys / Xh Ym and refuses incomplete tasks (0.3397ms)
gateway-web	Run node city/test-all.mjs	2026-10-04T10:26:45.3700841Z ✔ terminalEpoch truncates a positive instant and collapses everything else to 0 (0.2449ms)
gateway-web	Run node city/test-all.mjs	2026-10-04T10:26:45.3701664Z ✔ terminalKey is <id>#<state>#<epoch>, including the epoch-0 case (0.3242ms)
gateway-web	Run node city/test-all.mjs	2026-10-04T10:26:45.3702386Z ✔ buildTerminalEvent builds the full COMPLETED payload (0.3566ms)
gateway-web	Run node city/test-all.mjs	2026-10-04T10:26:45.3703384Z ✔ buildTerminalEvent builds the full FAILED_FINAL payload with its error (0.1951ms)
gateway-web	Run node city/test-all.mjs	2026-10-04T10:26:45.3704271Z ✔ buildTerminalEvent keeps the null-vs-zero distinctions of the donor (0.312ms)
gateway-web	Run node city/test-all.mjs	2026-10-04T10:26:45.3705109Z ✔ buildTerminalEvent defaults the source and lets the caller override it (0.313ms)
gateway-web	Run node city/test-all.mjs	2026-10-04T10:26:45.3706131Z ✔ buildTerminalEvent takes its clock as a parameter and is deterministic without one (0.4019ms)
gateway-web	Run node city/test-all.mjs	2026-10-04T10:26:45.3707001Z ✔ buildTerminalEvent falls back to CANCELLED and carries the reason verbatim (0.221ms)
gateway-web	Run node city/test-all.mjs	2026-10-04T10:26:45.3707782Z ✔ buildTerminalEvent tolerates a non-task and always names one (0.1233ms)
gateway-web	Run node city/test-all.mjs	2026-10-04T10:26:45.3708421Z ✔ index.mjs is the one export site for this module (0.1421ms)
gateway-web	Run node city/test-all.mjs	2026-10-04T10:26:45.3710151Z ﹣ the port matches the compiled donor on every scripted and seeded scenario (1.3737ms) # donor build absent at D:\a\utopia\utopia\.runtime\evidence\mission-book\MB-005\donor-health\lib\index.js; build it per the header of this file to run the differential parity check
gateway-web	Run node city/test-all.mjs	2026-10-04T10:26:45.3711717Z ✔ the canonical registry is sorted, unique, complete and prototype-safe (3.3069ms)
gateway-web	Run node city/test-all.mjs	2026-10-04T10:26:45.3712520Z ✔ hard physical bounds are declared exactly where the donor declared them (0.1648ms)
gateway-web	Run node city/test-all.mjs	2026-10-04T10:26:45.3714061Z ✔ the dimension dispatch table covers every canonical metric with two named exceptions (0.3293ms)
gateway-web	Run node city/test-all.mjs	2026-10-04T10:26:45.3714926Z ✔ the three shipped preset documents are the documents the code builds (1.8389ms)
gateway-web	Run node city/test-all.mjs	2026-10-04T10:26:45.3715406Z ✔ ramp endpoints come from polarity, never from the written order (0.247ms)
gateway-web	Run node city/test-all.mjs	2026-10-04T10:26:45.3715870Z ✔ the ramp is linear, rounded to an integer, and clamped at both ends (0.299ms)
gateway-web	Run node city/test-all.mjs	2026-10-04T10:26:45.3716382Z ✔ a lower-is-worse band ramps the other way and tolerates either written order (0.195ms)
gateway-web	Run node city/test-all.mjs	2026-10-04T10:26:45.3717082Z ✔ an unknown value scores null and levels as unknown, never as none (0.2381ms)
gateway-web	Run node city/test-all.mjs	2026-10-04T10:26:45.3717521Z ✔ the level boundaries are exactly 0 / 35 / 65 / 85 (0.2249ms)
gateway-web	Run node city/test-all.mjs	2026-10-04T10:26:45.3718105Z ✔ the sustain gate holds a spike at zero and opens exactly at the configured duration (0.3926ms)
gateway-web	Run node city/test-all.mjs	2026-10-04T10:26:45.3718601Z ✔ band identity is derived the same way the store times it (0.2839ms)
gateway-web	Run node city/test-all.mjs	2026-10-04T10:26:45.3719081Z ✔ a ratio above 1 and at most 1.5 clamps to 1 with a violation, not a rejection (0.553ms)
gateway-web	Run node city/test-all.mjs	2026-10-04T10:26:45.3719517Z ✔ a ratio above 1.5 is rejected as above_hard_max (0.1778ms)
gateway-web	Run node city/test-all.mjs	2026-10-04T10:26:45.3719960Z ✔ impossible physical values are rejected below and above the hard bound (0.341ms)
gateway-web	Run node city/test-all.mjs	2026-10-04T10:26:45.3720514Z ✔ a value just outside the hard bound is snapped rather than rejected (the 1e-9 tolerance) (0.251ms)
gateway-web	Run node city/test-all.mjs	2026-10-04T10:26:45.3721099Z ✔ non-numbers, NaN and Infinity are violations and the survivors come back name-sorted (0.2834ms)
gateway-web	Run node city/test-all.mjs	2026-10-04T10:26:45.3721669Z ✔ a non-canonical metric name is a violation, and an absent metric is never invented (0.1861ms)
gateway-web	Run node city/test-all.mjs	2026-10-04T10:26:45.3722268Z ✔ window statistics are exact, and a metric with no data has null statistics rather than zeros (2.1535ms)
gateway-web	Run node city/test-all.mjs	2026-10-04T10:26:45.3722812Z ✔ the raw retention floor is raised to the longest configured window (0.9617ms)
gateway-web	Run node city/test-all.mjs	2026-10-04T10:26:45.3723269Z ✔ band timing restarts on a band change and on leaving every band (0.3815ms)
gateway-web	Run node city/test-all.mjs	2026-10-04T10:26:45.3723817Z ✔ recording a bag declares band identity, so the sustain gate times the data not the question (0.4897ms)
gateway-web	Run node city/test-all.mjs	2026-10-04T10:26:45.3724358Z ✔ the store is bounded: raw points and buckets are pruned by construction (9.3866ms)
gateway-web	Run node city/test-all.mjs	2026-10-04T10:26:45.3724902Z ✔ daily summaries are per local calendar day, weighted by sample count, metrics sorted (5.7701ms)
gateway-web	Run node city/test-all.mjs	2026-10-04T10:26:45.3725453Z ✔ a sustained leak is a trusted worsening trend with an exact slope and R² (1.1177ms)
gateway-web	Run node city/test-all.mjs	2026-10-04T10:26:45.3725957Z ✔ noise is not trusted, and polarity decides which direction is worsening (0.7056ms)
gateway-web	Run node city/test-all.mjs	2026-10-04T10:26:45.3726404Z ✔ the trend gates produce unknown rather than a guess (0.2667ms)
gateway-web	Run node city/test-all.mjs	2026-10-04T10:26:45.3726888Z ✔ past the raw horizon the aggregate buckets take over, and the summary says so (0.8461ms)
gateway-web	Run node city/test-all.mjs	2026-10-04T10:26:45.3727525Z ✔ trend formatting keeps the donor precision asymmetry (0.1579ms)
gateway-web	Run node city/test-all.mjs	2026-10-04T10:26:45.3728034Z ✔ missing telemetry is not health: an unmeasured dimension is unknown with a null score (1.5745ms)
gateway-web	Run node city/test-all.mjs	2026-10-04T10:26:45.3728771Z ✔ the weight of a missing dimension is redistributed, and the redistribution is published as coverage (0.7783ms)
gateway-web	Run node city/test-all.mjs	2026-10-04T10:26:45.3729354Z ✔ with nothing measured at all the pressure is null and the coverage is zero (0.3857ms)
gateway-web	Run node city/test-all.mjs	2026-10-04T10:26:45.3729905Z ✔ the worst metric leads: a dimension score is half weighted mean, half worst member (2.3731ms)
gateway-web	Run node city/test-all.mjs	2026-10-04T10:26:45.3730494Z ✔ a single critical metric is not averaged away by calm ones, and no known metric means null (0.8378ms)
gateway-web	Run node city/test-all.mjs	2026-10-04T10:26:45.3731010Z ✔ the time dimension is the uptime ramp from 8 hours to 336 hours (0.7905ms)
gateway-web	Run node city/test-all.mjs	2026-10-04T10:26:45.3731502Z ✔ a configured metric with no band and no trend is collected but never scored (0.4896ms)
gateway-web	Run node city/test-all.mjs	2026-10-04T10:26:45.3732035Z ✔ the trend term is added on top of the band score and normalised by the band span (2.1931ms)
gateway-web	Run node city/test-all.mjs	2026-10-04T10:26:45.3732572Z ✔ drivers are produced only at 35 or above, and their contribution is weighted down (1.043ms)
gateway-web	Run node city/test-all.mjs	2026-10-04T10:26:45.3733107Z ✔ driver codes are dimension-flavoured, and a trend-led driver is a slope code (1.0379ms)
gateway-web	Run node city/test-all.mjs	2026-10-04T10:26:45.3733890Z ✔ the ladder maps pressure onto actions at the exact default thresholds (1.2512ms)
gateway-web	Run node city/test-all.mjs	2026-10-04T10:26:45.3734350Z ✔ every candidate carries its driver codes and a coverage tag (0.2448ms)
gateway-web	Run node city/test-all.mjs	2026-10-04T10:26:45.3734859Z ✔ hysteresis holds the action in force until pressure falls through its own exit band (0.2713ms)
gateway-web	Run node city/test-all.mjs	2026-10-04T10:26:45.3735422Z ✔ a series that oscillates around the enter threshold never oscillates the action (0.213ms)
gateway-web	Run node city/test-all.mjs	2026-10-04T10:26:45.3735958Z ✔ debounce delays a new high-risk level for exactly the configured evaluations (0.3688ms)
gateway-web	Run node city/test-all.mjs	2026-10-04T10:26:45.3736566Z ✔ dwell slows a low-level transition for exactly the configured duration, and never the first crossing (0.2299ms)
gateway-web	Run node city/test-all.mjs	2026-10-04T10:26:45.3737190Z ✔ the three cooldown buckets and their balanced durations map exactly as documented (0.1554ms)
gateway-web	Run node city/test-all.mjs	2026-10-04T10:26:45.3737748Z ✔ a suppressed repeat is suppressed but a suppressed de-escalation is only delayed (0.2112ms)
gateway-web	Run node city/test-all.mjs	2026-10-04T10:26:45.3738268Z ✔ the state machine names a gated restart instead of forgetting it (0.312ms)
gateway-web	Run node city/test-all.mjs	2026-10-04T10:26:45.3738767Z ✔ the restart gate downgrades to PAUSE_NEW_WORK and names every blocking reason (0.2499ms)
gateway-web	Run node city/test-all.mjs	2026-10-04T10:26:45.3739256Z ✔ the configuration can forbid a restart, and the reason says so (0.1282ms)
gateway-web	Run node city/test-all.mjs	2026-10-04T10:26:45.3739764Z ✔ the urgent override skips the window, and level 4 alone may override the safe point (0.165ms)
gateway-web	Run node city/test-all.mjs	2026-10-04T10:26:45.3740298Z ✔ wall-clock parsing is strict and the occurrence boundaries are inclusive (0.5331ms)
gateway-web	Run node city/test-all.mjs	2026-10-04T10:26:45.3740837Z ✔ a wrapping window is handled, and clockWithin is start-inclusive end-exclusive (0.1555ms)
gateway-web	Run node city/test-all.mjs	2026-10-04T10:26:45.3741509Z ✔ the maintenance picture reports every phase, and an exhausted deferral still says go (1.3134ms)
gateway-web	Run node city/test-all.mjs	2026-10-04T10:26:45.3742056Z ✔ window arithmetic is local-calendar based, so it survives a day boundary (0.1687ms)
gateway-web	Run node city/test-all.mjs	2026-10-04T10:26:45.3742558Z ✔ safe points fold worst-first, and an unanswered question is not a yes (65.748ms)
gateway-web	Run node city/test-all.mjs	2026-10-04T10:26:45.3743071Z ✔ safePointRequired: false skips the question instead of answering it badly (5.3203ms)
gateway-web	Run node city/test-all.mjs	2026-10-04T10:26:45.3743570Z ✔ a registered safe point gates the request through the real scheduler (22.0906ms)
gateway-web	Run node city/test-all.mjs	2026-10-04T10:26:45.3744085Z ✔ the level-to-action mapping reaches the right adapter and always as a request (6.8181ms)
gateway-web	Run node city/test-all.mjs	2026-10-04T10:26:45.3744603Z ✔ a system request always acknowledges the reboot, and only that rung does (1.2727ms)
gateway-web	Run node city/test-all.mjs	2026-10-04T10:26:45.3745182Z ✔ the engine only ever calls the documented adapter methods, so an action cannot become an effect (1.0931ms)
gateway-web	Run node city/test-all.mjs	2026-10-04T10:26:45.3745799Z ✔ the cooldown starts on the attempt, so a long critical run is bounded to a few requests (171.2965ms)
gateway-web	Run node city/test-all.mjs	2026-10-04T10:26:45.3746375Z ✔ a throwing restart adapter never stops the loop and never becomes a request storm (8.8677ms)
gateway-web	Run node city/test-all.mjs	2026-10-04T10:26:45.3746916Z ✔ an unavailable capability reports a refusal rather than throwing or acting (1.3695ms)
gateway-web	Run node city/test-all.mjs	2026-10-04T10:26:45.3747449Z ✔ disabled configuration samples nothing at all (0.3735ms)
gateway-web	Run node city/test-all.mjs	2026-10-04T10:26:45.3748100Z ✔ the ingest seam records violations and never tracks a rejected metric (0.2433ms)
gateway-web	Run node city/test-all.mjs	2026-10-04T10:26:45.3748801Z ✔ per-window history is exposed for one metric and coverage stays honest (0.6904ms)
gateway-web	Run node city/test-all.mjs	2026-10-04T10:26:45.3749311Z ✔ provider failures are isolated, backed off exponentially, and reported (2.5851ms)
gateway-web	Run node city/test-all.mjs	2026-10-04T10:26:45.3749828Z ✔ a disabled provider and a per-provider flag are both skipped in sorted order (0.2697ms)
gateway-web	Run node city/test-all.mjs	2026-10-04T10:26:45.3750319Z ✔ the decision log keeps a bounded, append-only ring, newest last (0.4854ms)
gateway-web	Run node city/test-all.mjs	2026-10-04T10:26:45.3750843Z ✔ the on-disk log is a JSONL envelope, read back, tolerant of a torn line, and rotates (11.3397ms)
gateway-web	Run node city/test-all.mjs	2026-10-04T10:26:45.3751345Z ✔ an unwritable log directory is reported instead of thrown (0.5144ms)
gateway-web	Run node city/test-all.mjs	2026-10-04T10:26:45.3751875Z ✔ the stats file is read first-match-wins, with unknown keys reported and staleness named (2.7891ms)
gateway-web	Run node city/test-all.mjs	2026-10-04T10:26:45.3752477Z ✔ the command-probe grammar ignores what it cannot trust and reports what it cannot parse (0.4598ms)
gateway-web	Run node city/test-all.mjs	2026-10-04T10:26:45.3753015Z ✔ a command probe with an empty argv refuses instead of executing anything (0.2129ms)
gateway-web	Run node city/test-all.mjs	2026-10-04T10:26:45.3753804Z ✔ the built-in provider graph follows the configuration without reading the OS (0.9803ms)
gateway-web	Run node city/test-all.mjs	2026-10-04T10:26:45.3754369Z ✔ the text report never claims that an unknown is healthy and renders goldens exactly (3.7973ms)
gateway-web	Run node city/test-all.mjs	2026-10-04T10:26:45.3754943Z ✔ the machine payload serialises without an undefined, and keeps the donor key names (0.8809ms)
gateway-web	Run node city/test-all.mjs	2026-10-04T10:26:45.3755519Z ✔ a rejected settings document is refused loudly and leaves the configuration in force (0.8727ms)
gateway-web	Run node city/test-all.mjs	2026-10-04T10:26:45.3756132Z ✔ a bad configuration is rejected loudly but the caller can keep running on balanced (0.9791ms)
gateway-web	Run node city/test-all.mjs	2026-10-04T10:26:45.3756631Z ✔ the module ships no process-control primitive of any kind (9.1886ms)
gateway-web	Run node city/test-all.mjs	2026-10-04T10:26:45.3757215Z ✔ the only outbound capability is a bounded action request, and no exported function can stop a process (2.6625ms)
gateway-web	Run node city/test-all.mjs	2026-10-04T10:26:45.3757842Z ✔ the real OS-backed providers are optional: nothing in the module builds one on its own (2.6813ms)
gateway-web	Run node city/test-all.mjs	2026-10-04T10:26:45.3758555Z ✔ the unbound port cannot verify anything, and acknowledges nothing (2.7061ms)
gateway-web	Run node city/test-all.mjs	2026-10-04T10:26:45.3759226Z ✔ available is false exactly when the bound port is an unbound one (0.3559ms)
gateway-web	Run node city/test-all.mjs	2026-10-04T10:26:45.3759986Z ✔ a required checkpoint authorizes only when it is safe AND completed (0.8853ms)
gateway-web	Run node city/test-all.mjs	2026-10-04T10:26:45.3760854Z ✔ a checkpoint that is NOT required always authorizes, and says so when it was not safe (1.2877ms)
gateway-web	Run node city/test-all.mjs	2026-10-04T10:26:45.3762801Z ✔ a throwing port becomes checkpoint_threw and never authorizes (0.8503ms)
gateway-web	Run node city/test-all.mjs	2026-10-04T10:26:45.3763586Z ✔ a slow port is bounded by a real timeout, and authorizes nothing (28.9823ms)
gateway-web	Run node city/test-all.mjs	2026-10-04T10:26:45.3764174Z ✔ timeoutMs <= 0 means no timeout at all (140.0791ms)
gateway-web	Run node city/test-all.mjs	2026-10-04T10:26:45.3764827Z ✔ elapsedMs is measured from the injected clock, not from the wall clock (1.4074ms)
gateway-web	Run node city/test-all.mjs	2026-10-04T10:26:45.3765576Z ✔ the contracts validate and copy every value they hand back (1.0562ms)
gateway-web	Run node city/test-all.mjs	2026-10-04T10:26:45.3766316Z ✔ the module is self-contained: timers are the only ambient dependency (4.7186ms)
gateway-web	Run node city/test-all.mjs	2026-10-04T10:26:45.3767066Z ✔ the outcome shape has one declaration: this gate imports it from the shared layer (1.4437ms)
gateway-web	Run node city/test-all.mjs	2026-10-04T10:26:45.3767831Z ✔ the lock vocabulary and the declared transition table are the donor vocabulary (2.4167ms)
gateway-web	Run node city/test-all.mjs	2026-10-04T10:26:45.3768517Z ✔ every declared edge is accepted, and no declared edge is missing (2.6855ms)
gateway-web	Run node city/test-all.mjs	2026-10-04T10:26:45.3769201Z ✔ an undeclared edge is refused with the donor detail and leaves the state alone (0.4807ms)
gateway-web	Run node city/test-all.mjs	2026-10-04T10:26:45.3769917Z ✔ entering REQUESTED needs a holder, and only IDLE -> REQUESTED sets it (0.2925ms)
gateway-web	Run node city/test-all.mjs	2026-10-04T10:26:45.3770710Z ✔ history is bounded by maxHistory and drops the oldest record first (0.6459ms)
gateway-web	Run node city/test-all.mjs	2026-10-04T10:26:45.3771670Z ✔ release forces IDLE from every working state, and is null when already idle (0.5643ms)
gateway-web	Run node city/test-all.mjs	2026-10-04T10:26:45.3772461Z ✔ heldForMs reads the injected clock, and requestState names each lock state (0.4962ms)
gateway-web	Run node city/test-all.mjs	2026-10-04T10:26:45.3773246Z ✔ transitions returns a copy, and the lock object is frozen (0.5236ms)
gateway-web	Run node city/test-all.mjs	2026-10-04T10:26:45.3774414Z ✔ the vocabularies have one declaration: this module imports them from the shared layer (8.957ms)
gateway-web	Run node city/test-all.mjs	2026-10-04T10:26:45.3775381Z ✔ the module is self-contained: no donor checkout, no ambient clock, no runtime dependency (2.2167ms)
gateway-web	Run node city/test-all.mjs	2026-10-04T10:26:45.3776271Z ✔ sorts object keys by code unit, independently of insertion order (1.4255ms)
gateway-web	Run node city/test-all.mjs	2026-10-04T10:26:45.3777024Z ✔ drops undefined object values and renders array positions as null (0.2193ms)
gateway-web	Run node city/test-all.mjs	2026-10-04T10:26:45.3777793Z ✔ recurses through nested objects and arrays, keeping array order (0.2986ms)
gateway-web	Run node city/test-all.mjs	2026-10-04T10:26:45.3778487Z ✔ emits no whitespace and JSON-quotes every key (1.0195ms)
gateway-web	Run node city/test-all.mjs	2026-10-04T10:26:45.3779182Z ✔ passes non-objects through JSON.stringify with the null fallback (0.2446ms)
gateway-web	Run node city/test-all.mjs	2026-10-04T10:26:45.3780033Z ✔ produces a pinned canonical form and sha256 digest for one fixed document (0.6889ms)
gateway-web	Run node city/test-all.mjs	2026-10-04T10:26:45.3780919Z ✔ the digest is stable when the same document is built in another key order (0.2671ms)
gateway-web	Run node city/test-all.mjs	2026-10-04T10:26:45.3781604Z ✔ a different value is a different digest, so the pin is load-bearing (0.2362ms)
gateway-web	Run node city/test-all.mjs	2026-10-04T10:26:45.3782259Z ✔ accepts a complete request and normalizes it (2.3766ms)
gateway-web	Run node city/test-all.mjs	2026-10-04T10:26:45.3782900Z ✔ refuses a non-object with the donor message for its type (0.2237ms)
gateway-web	Run node city/test-all.mjs	2026-10-04T10:26:45.3783709Z ✔ refuses each missing or blank string field with a field-specific message (0.2952ms)
gateway-web	Run node city/test-all.mjs	2026-10-04T10:26:45.3784610Z ✔ refuses an unknown mode, a non-boolean checkpoint flag and an unknown priority (0.2436ms)
gateway-web	Run node city/test-all.mjs	2026-10-04T10:26:45.3785422Z ✔ defaults priority to normal and the acknowledgement to false (0.167ms)
gateway-web	Run node city/test-all.mjs	2026-10-04T10:26:45.3786173Z ✔ defaults createdAt to the epoch and refuses a non-string createdAt (0.2806ms)
gateway-web	Run node city/test-all.mjs	2026-10-04T10:26:45.3786987Z ✔ trims surrounding whitespace instead of accepting it as content (0.2902ms)
gateway-web	Run node city/test-all.mjs	2026-10-04T10:26:45.3787736Z ✔ enforces each MAX_* bound at its limit and one past it (0.4361ms)
gateway-web	Run node city/test-all.mjs	2026-10-04T10:26:45.3788365Z ✔ refuses control characters by name, after the bound check (0.3317ms)
gateway-web	Run node city/test-all.mjs	2026-10-04T10:26:45.3789098Z ✔ refuses everything when disabled, after the shape check (0.3235ms)
gateway-web	Run node city/test-all.mjs	2026-10-04T10:26:45.3789761Z ✔ refuses an unknown source and names the allowed ones (0.2579ms)
gateway-web	Run node city/test-all.mjs	2026-10-04T10:26:45.3790383Z ✔ refuses a priority the deployment does not accept (0.1879ms)
gateway-web	Run node city/test-all.mjs	2026-10-04T10:26:45.3790886Z ✔ refuses a disabled mode (0.1981ms)
gateway-web	Run node city/test-all.mjs	2026-10-04T10:26:45.3791708Z ✔ refuses a system restart unless it is permitted and acknowledged (0.1798ms)
gateway-web	Run node city/test-all.mjs	2026-10-04T10:26:45.3792431Z ✔ refuses while the crash-loop breaker is tripped (0.1454ms)
gateway-web	Run node city/test-all.mjs	2026-10-04T10:26:45.3793169Z ✔ refuses a duplicate request id only when duplicate suppression is on (0.2421ms)
gateway-web	Run node city/test-all.mjs	2026-10-04T10:26:45.3794148Z ✔ refuses while another restart is in flight (0.1645ms)
gateway-web	Run node city/test-all.mjs	2026-10-04T10:26:45.3794825Z ✔ refuses inside a cooldown and reports the rounded remaining time (0.2639ms)
gateway-web	Run node city/test-all.mjs	2026-10-04T10:26:45.3795545Z ✔ refuses when a required checkpoint cannot be verified (0.1013ms)
gateway-web	Run node city/test-all.mjs	2026-10-04T10:26:45.3796322Z ✔ refuses when no supervisor has been seen, because exiting is not restarting (0.1001ms)
gateway-web	Run node city/test-all.mjs	2026-10-04T10:26:45.3797110Z ✔ runs the ladder in the donor order: the cheapest refusal wins (0.2303ms)
gateway-web	Run node city/test-all.mjs	2026-10-04T10:26:45.3797753Z ✔ documents every code the ladder can raise (0.1451ms)
gateway-web	Run node city/test-all.mjs	2026-10-04T10:26:45.3798308Z ✔ builds a refusal with no request attached (0.108ms)
gateway-web	Run node city/test-all.mjs	2026-10-04T10:26:45.3798956Z ✔ fingerprints the six fingerprinted fields and nothing else (0.9552ms)
gateway-web	Run node city/test-all.mjs	2026-10-04T10:26:45.3799587Z ✔ the vocabularies are frozen donor data (0.1623ms)
gateway-web	Run node city/test-all.mjs	2026-10-04T10:26:45.3800236Z ✔ a contract factory refuses invalid input instead of repairing it (0.7565ms)
gateway-web	Run node city/test-all.mjs	2026-10-04T10:26:45.3801025Z ✔ a contract factory copies, freezes and carries only declared fields (0.6857ms)
gateway-web	Run node city/test-all.mjs	2026-10-04T10:26:45.3802064Z ✔ the three seams are separate, and only the shutdown port asks the host (0.3971ms)
gateway-web	Run node city/test-all.mjs	2026-10-04T10:26:45.3802853Z ✔ the pinned digest is the donor digest, recomputed field by field (2.0188ms)
gateway-web	Run node city/test-all.mjs	2026-10-04T10:26:45.3803588Z ✔ a built ticket round-trips through the verification ladder (0.782ms)
gateway-web	Run node city/test-all.mjs	2026-10-04T10:26:45.3804438Z ✔ the builder fills the schema version and computes the checksum over every other field (0.274ms)
gateway-web	Run node city/test-all.mjs	2026-10-04T10:26:45.3805347Z ✔ the digest is reproducible and independent of key insertion order (0.3537ms)
gateway-web	Run node city/test-all.mjs	2026-10-04T10:26:45.3806199Z ✔ sha256 is the donor digest spelling: sha256:<hex>, 64 lowercase hex digits (0.2828ms)
gateway-web	Run node city/test-all.mjs	2026-10-04T10:26:45.3806861Z ✔ rejection missing: no document at all (0.1896ms)
gateway-web	Run node city/test-all.mjs	2026-10-04T10:26:45.3807451Z ✔ rejection malformed: a document that is not an object (0.1576ms)
gateway-web	Run node city/test-all.mjs	2026-10-04T10:26:45.3808192Z ✔ the donor's malformed rung is exactly `typeof candidate !== 'object'` (0.1323ms)
gateway-web	Run node city/test-all.mjs	2026-10-04T10:26:45.3809124Z ✔ a short or extra-fielded document is judged by the checksum rung, as in the donor (0.8111ms)
gateway-web	Run node city/test-all.mjs	2026-10-04T10:26:45.3809930Z ✔ rejection schema_version: a document from another schema (0.3235ms)
gateway-web	Run node city/test-all.mjs	2026-10-04T10:26:45.3810665Z ✔ rejection checksum: tampering with one field after the build (0.6946ms)
gateway-web	Run node city/test-all.mjs	2026-10-04T10:26:45.3811351Z ✔ rejection expired: an unparsable or past expiry (0.2536ms)
gateway-web	Run node city/test-all.mjs	2026-10-04T10:26:45.3812034Z ✔ rejection wrong_pid: only when the caller supplies an expected pid (0.307ms)
gateway-web	Run node city/test-all.mjs	2026-10-04T10:26:45.3812753Z ✔ the ladder is the donor's six rungs, and no seventh can fire (0.6314ms)
gateway-web	Run node city/test-all.mjs	2026-10-04T10:26:45.3813393Z ✔ the ladder stops at the first rung, in the donor order (0.2194ms)
gateway-web	Run node city/test-all.mjs	2026-10-04T10:26:45.3814386Z ✔ the builder throws only where the donor's own date construction throws (1.345ms)
gateway-web	Run node city/test-all.mjs	2026-10-04T10:26:45.3815227Z ✔ the ticket factory never turns an invalid document into a valid one (0.3934ms)
gateway-web	Run node city/test-all.mjs	2026-10-04T10:26:45.3815895Z ✔ emptyLedger() has the donor shape exactly (0.1443ms)
gateway-web	Run node city/test-all.mjs	2026-10-04T10:26:45.3816513Z ✔ the contract vocabulary is the donor vocabulary (0.2077ms)
gateway-web	Run node city/test-all.mjs	2026-10-04T10:26:45.3817189Z ✔ the contract keeps the donor vocabulary and nothing else (2.2443ms)
gateway-web	Run node city/test-all.mjs	2026-10-04T10:26:45.3817933Z ✔ the manifest is sorted, hashed and rooted deterministically (8.4673ms)
gateway-web	Run node city/test-all.mjs	2026-10-04T10:26:45.3818654Z ✔ a stored hash that no longer matches fails closed instead of re-hashing (0.6636ms)
gateway-web	Run node city/test-all.mjs	2026-10-04T10:26:45.3819518Z ✔ structured claims drive the claim statuses exactly as the donor decides them (0.9974ms)
gateway-web	Run node city/test-all.mjs	2026-10-04T10:26:45.3820483Z ✔ PASS needs every provider, no dispute and no blocking claim; nothing else passes (0.7069ms)
gateway-web	Run node city/test-all.mjs	2026-10-04T10:26:45.3821345Z ✔ the bundle is deterministic when the ids and clock are injected (0.3358ms)
gateway-web	Run node city/test-all.mjs	2026-10-04T10:26:45.3822307Z ✔ rehydration addresses only the unresolved claims and calls nobody (0.3666ms)
gateway-web	Run node city/test-all.mjs	2026-10-04T10:26:45.3823102Z ✔ the module is self-contained: no Boss runtime, no donor checkout (6.3677ms)
gateway-web	Run node city/test-all.mjs	2026-10-04T10:26:45.3823870Z ✔ the frozen figure vocabulary keeps the donor defaults and bounds (0.7306ms)
gateway-web	Run node city/test-all.mjs	2026-10-04T10:26:45.3824555Z ✔ a concrete chart is emitted byte for byte (0.4724ms)
gateway-web	Run node city/test-all.mjs	2026-10-04T10:26:45.3825258Z ✔ the chart is deterministic, and its digest is pinned at full length (0.5744ms)
gateway-web	Run node city/test-all.mjs	2026-10-04T10:26:45.3825999Z ✔ rows and labels stay bounded at the donor limits (0.4567ms)
gateway-web	Run node city/test-all.mjs	2026-10-04T10:26:45.3826569Z ✔ user-controlled text is escaped for SVG (0.1568ms)
gateway-web	Run node city/test-all.mjs	2026-10-04T10:26:45.3827234Z ✔ options and defaults flow through without changing the donor rules (0.1983ms)
gateway-web	Run node city/test-all.mjs	2026-10-04T10:26:45.3827925Z ✔ edge inputs render exactly as the donor renders them (0.1873ms)
gateway-web	Run node city/test-all.mjs	2026-10-04T10:26:45.3828667Z ✔ figureForRuns is the donor wrapper: name runs.svg, title passed through (0.6639ms)
gateway-web	Run node city/test-all.mjs	2026-10-04T10:26:45.3829453Z ✔ the figure factories validate, freeze, copy and never repair (0.8619ms)
gateway-web	Run node city/test-all.mjs	2026-10-04T10:26:45.3830201Z ✔ the manuscript vocabulary keeps the donor order and membership (1.8471ms)
gateway-web	Run node city/test-all.mjs	2026-10-04T10:26:45.3831038Z ✔ the six section briefs carry the donor purposes, claim ids and evidence ids (0.6786ms)
gateway-web	Run node city/test-all.mjs	2026-10-04T10:26:45.3832118Z ✔ the evidence check fails on a missing id and on an out-of-scope reference (0.5226ms)
gateway-web	Run node city/test-all.mjs	2026-10-04T10:26:45.3832949Z ✔ the evidence check keeps the donor token grammar and the 20-id cap (0.4925ms)
gateway-web	Run node city/test-all.mjs	2026-10-04T10:26:45.3833772Z ✔ §18 sufficiency reports the exact unmet obligations in declaration order (3.0352ms)
gateway-web	Run node city/test-all.mjs	2026-10-04T10:26:45.3834930Z ✔ §19 anti-premature-closure names every undiscussed claim and evidence id (0.7418ms)
gateway-web	Run node city/test-all.mjs	2026-10-04T10:26:45.3835704Z ✔ §19 reports a results section that no discussion interprets (0.3342ms)
gateway-web	Run node city/test-all.mjs	2026-10-04T10:26:45.3836435Z ✔ the LaTeX table is emitted byte for byte, with the donor escapes (0.6425ms)
gateway-web	Run node city/test-all.mjs	2026-10-04T10:26:45.3837242Z ✔ the Markdown table mirrors the same rows, with its own escaping rules (0.4343ms)
gateway-web	Run node city/test-all.mjs	2026-10-04T10:26:45.3838059Z ✔ the §21.2 visual-evidence verdict keeps the donor reason string (0.3185ms)
gateway-web	Run node city/test-all.mjs	2026-10-04T10:26:45.3838804Z ✔ the donor plan validator keeps its exact refusal messages (0.4835ms)
gateway-web	Run node city/test-all.mjs	2026-10-04T10:26:45.3839573Z ✔ the manuscript factories validate, freeze, copy and never repair (2.1364ms)
gateway-web	Run node city/test-all.mjs	2026-10-04T10:26:45.3840484Z ✔ the allow-list names the donor executable families and strips path and Windows suffixes (1.7751ms)
gateway-web	Run node city/test-all.mjs	2026-10-04T10:26:45.3841232Z ✔ the command gate accepts a complete spec (0.6087ms)
gateway-web	Run node city/test-all.mjs	2026-10-04T10:26:45.3841909Z ✔ the command gate refuses with the donor messages, in the donor order (0.6571ms)
gateway-web	Run node city/test-all.mjs	2026-10-04T10:26:45.3842873Z ✔ a bare executable outside the allow-list is still a valid spec: the donor does not mix the two gates (0.192ms)
gateway-web	Run node city/test-all.mjs	2026-10-04T10:26:45.3843807Z ✔ a section prompt is bound to the frozen contract and lists only its claims (1.5694ms)
gateway-web	Run node city/test-all.mjs	2026-10-04T10:26:45.3844697Z ✔ a section that would rewrite the frozen goal is refused with the donor reason (0.3609ms)
gateway-web	Run node city/test-all.mjs	2026-10-04T10:26:45.3845566Z ✔ the sufficiency gate needs evidence, runs, citations and a review (0.453ms)
gateway-web	Run node city/test-all.mjs	2026-10-04T10:26:45.3846326Z ✔ the sufficiency gate keeps the donor accounting exactly (0.2236ms)
gateway-web	Run node city/test-all.mjs	2026-10-04T10:26:45.3847061Z ✔ the frozen vocabularies keep the donor members and order (1.6615ms)
gateway-web	Run node city/test-all.mjs	2026-10-04T10:26:45.3847642Z ✔ every vocabulary array is frozen (0.8468ms)
gateway-web	Run node city/test-all.mjs	2026-10-04T10:26:45.3848332Z ✔ the research budget and scope factories copy and refuse with the donor messages (0.9041ms)
gateway-web	Run node city/test-all.mjs	2026-10-04T10:26:45.3849190Z ✔ the research IR factory keeps the donor validation order and messages (0.7514ms)
gateway-web	Run node city/test-all.mjs	2026-10-04T10:26:45.3849975Z ✔ the protocol factory validates the scientific core and copies (1.4982ms)
gateway-web	Run node city/test-all.mjs	2026-10-04T10:26:45.3850773Z ✔ the amendment factory refuses non-frozen fields and missing reasons (0.5829ms)
gateway-web	Run node city/test-all.mjs	2026-10-04T10:26:45.3851603Z ✔ the research contract factory is a strict gate and copies the lists (0.6706ms)
gateway-web	Run node city/test-all.mjs	2026-10-04T10:26:45.3852754Z ✔ the research command spec factory keeps the donor allow-list text and limits (1.0344ms)
gateway-web	Run node city/test-all.mjs	2026-10-04T10:26:45.3853658Z ✔ index.mjs is the one export site and exposes exactly the ported surface (0.6786ms)
gateway-web	Run node city/test-all.mjs	2026-10-04T10:26:45.3854826Z ✔ the module is self-contained and pure: nothing outside its directory, no clock, no randomness (11.6884ms)
gateway-web	Run node city/test-all.mjs	2026-10-04T10:26:45.3855540Z ✔ the transition graph is the donor table and covers every state (1.6411ms)
gateway-web	Run node city/test-all.mjs	2026-10-04T10:26:45.3856309Z ✔ the main flow advances in the plan order and stops at READY (0.3071ms)
gateway-web	Run node city/test-all.mjs	2026-10-04T10:26:45.3857121Z ✔ a control state has no successor unless control transitions are allowed (0.1532ms)
gateway-web	Run node city/test-all.mjs	2026-10-04T10:26:45.3857910Z ✔ canAdvance refuses FAILED, READY and the two waiting states (0.2209ms)
gateway-web	Run node city/test-all.mjs	2026-10-04T10:26:45.3858701Z ✔ the IR gate accepts a complete IR and refuses with the donor messages (0.9238ms)
gateway-web	Run node city/test-all.mjs	2026-10-04T10:26:45.3859546Z ✔ the canonical form sorts keys recursively and hashes through the injected digest (1.0731ms)
gateway-web	Run node city/test-all.mjs	2026-10-04T10:26:45.3860449Z ✔ the scientific core is the donor field set, exclusion rule optional (0.9422ms)
gateway-web	Run node city/test-all.mjs	2026-10-04T10:26:45.3861288Z ✔ diffProtocol reports a silent change only for a differing frozen field (0.4316ms)
gateway-web	Run node city/test-all.mjs	2026-10-04T10:26:45.3862455Z ✔ the amendment gate refuses with the donor messages and accepts a frozen-field change (0.72ms)
gateway-web	Run node city/test-all.mjs	2026-10-04T10:26:45.3863441Z ✔ a declared baseline is honoured, an unknown source becomes implementation-declared (0.4056ms)
gateway-web	Run node city/test-all.mjs	2026-10-04T10:26:45.3864381Z ✔ with no declared baseline the host infers a named provenance and records why (0.3102ms)
gateway-web	Run node city/test-all.mjs	2026-10-04T10:26:45.3865224Z ✔ every stage routes to the donor role, and only to a declared role (1.2258ms)
gateway-web	Run node city/test-all.mjs	2026-10-04T10:26:45.3866031Z ✔ every stage expects the donor artifact kind, and only a declared kind (0.2443ms)
gateway-web	Run node city/test-all.mjs	2026-10-04T10:26:45.3866878Z ✔ an unknown stage is not rejected here: the donor lookup yields undefined (0.1873ms)
gateway-web	Run node city/test-all.mjs	2026-10-04T10:26:45.3867711Z ✔ a stage artifact is a typed skeleton with a deterministic id (1.1053ms)
gateway-web	Run node city/test-all.mjs	2026-10-04T10:26:45.3868540Z ✔ the clock is an injected parameter and its default is the deterministic epoch (0.8375ms)
gateway-web	Run node city/test-all.mjs	2026-10-04T10:26:45.3869494Z ✔ the summary is truncated to 500 characters and the payload is copied (0.3192ms)
gateway-web	Run node city/test-all.mjs	2026-10-04T10:26:45.3870345Z ✔ a verified record renders as the donor renders it, field for field (2.8835ms)
gateway-web	Run node city/test-all.mjs	2026-10-04T10:26:45.3871113Z ✔ the entry key is the sanitised id, with the donor fallbacks (0.3189ms)
gateway-web	Run node city/test-all.mjs	2026-10-04T10:26:45.3872493Z ✔ author and title fall back exactly where the donor falls back, and nowhere else (0.286ms)
gateway-web	Run node city/test-all.mjs	2026-10-04T10:26:45.3873407Z ✔ only the four verified statuses are included, and nothing is deduplicated (0.417ms)
gateway-web	Run node city/test-all.mjs	2026-10-04T10:26:45.3874239Z ✔ referencesBib writes the count header, the blank-line separation and the placeholder (0.7727ms)
gateway-web	Run node city/test-all.mjs	2026-10-04T10:26:45.3875479Z ✔ the bibliography renders records and validates nothing, exactly as the donor does (0.6991ms)
gateway-web	Run node city/test-all.mjs	2026-10-04T10:26:45.3876382Z ✔ the ladder returns exactly the status the evidence reaches, in the donor order (2.2372ms)
gateway-web	Run node city/test-all.mjs	2026-10-04T10:26:45.3877396Z ✔ a primary claim is refused while any citation is UNSUPPORTED (0.2972ms)
gateway-web	Run node city/test-all.mjs	2026-10-04T10:26:45.3878047Z ✔ the audit summarises the records it was given, without inventing citations (0.5946ms)
gateway-web	Run node city/test-all.mjs	2026-10-04T10:26:45.3878586Z ✔ the frozen vocabularies are the donor ladder and status sets, frozen (1.7546ms)
gateway-web	Run node city/test-all.mjs	2026-10-04T10:26:45.3879203Z ✔ citationRecord validates first and copies, so a validated record cannot be mutated through the caller (0.4903ms)
gateway-web	Run node city/test-all.mjs	2026-10-04T10:26:45.3879860Z ✔ citationRecord never repairs the input it refuses, and never rewrites what it accepts (1.7067ms)
gateway-web	Run node city/test-all.mjs	2026-10-04T10:26:45.3880460Z ✔ humanResearchInput validates with the donor rules and copies the arrays it is given (0.4119ms)
gateway-web	Run node city/test-all.mjs	2026-10-04T10:26:45.3881038Z ✔ validateHumanResearchInput refuses with the donor messages, in the donor order (1.5883ms)
gateway-web	Run node city/test-all.mjs	2026-10-04T10:26:45.3881640Z ✔ the module set is self-contained: no runtime, no clock, no randomness, no sibling import (9.6564ms)
gateway-web	Run node city/test-all.mjs	2026-10-04T10:26:45.3882595Z ✔ the run id is the question slug plus injected entropy, never a timestamp (2.3092ms)
gateway-web	Run node city/test-all.mjs	2026-10-04T10:26:45.3883364Z ✔ humanResearchToIR builds the donor IR, with the donor defaults and the injected clock (2.0074ms)
gateway-web	Run node city/test-all.mjs	2026-10-04T10:26:45.3884003Z ✔ the input rules are the donor rules, reachable through the exported validator (0.7318ms)
gateway-web	Run node city/test-all.mjs	2026-10-04T10:26:45.3884743Z ✔ the constructor factories carry the adjudication shapes, and the default is one vote (1.8543ms)
gateway-web	Run node city/test-all.mjs	2026-10-04T10:26:45.3896353Z ✔ only the votes bound to the evidence claim are counted (0.2279ms)
gateway-web	Run node city/test-all.mjs	2026-10-04T10:26:45.3897019Z ✔ adoption needs both evidence flags: evidence outranks any number of votes (0.3465ms)
gateway-web	Run node city/test-all.mjs	2026-10-04T10:26:45.3897622Z ✔ with decisive evidence, the required-vote threshold decides, at and either side of it (0.335ms)
gateway-web	Run node city/test-all.mjs	2026-10-04T10:26:45.3898127Z ✔ a non-supporting stance never counts as concurrence (0.215ms)
gateway-web	Run node city/test-all.mjs	2026-10-04T10:26:45.3898623Z ✔ verifiedCitations is declared but never read, exactly as in the donor (0.2811ms)
gateway-web	Run node city/test-all.mjs	2026-10-04T10:26:45.3899169Z ✔ the plan carries every registered capability, in registry order, and nothing else (1.83ms)
gateway-web	Run node city/test-all.mjs	2026-10-04T10:26:45.3900079Z ✔ an empty profile needs exactly the always-on five (0.3097ms)
gateway-web	Run node city/test-all.mjs	2026-10-04T10:26:45.3901728Z ✔ bindsCitations is a truthiness test, exactly as the donor has it (0.298ms)
gateway-web	Run node city/test-all.mjs	2026-10-04T10:26:45.3902719Z ✔ a formal protocol needs the methodology critic, and nothing else beyond the always-on five (0.1439ms)
gateway-web	Run node city/test-all.mjs	2026-10-04T10:26:45.3903657Z ✔ quantitative experiments drive the quantitative capability set (0.1922ms)
gateway-web	Run node city/test-all.mjs	2026-10-04T10:26:45.3904628Z ✔ hasArchitecture is a Boolean() test and hasMultipleReviewers is a strict === true test (0.2065ms)
gateway-web	Run node city/test-all.mjs	2026-10-04T10:26:45.3905951Z ✔ every registry row is the donor row, and every planned status is a refused-or-accepted donor status (0.3621ms)
gateway-web	Run node city/test-all.mjs	2026-10-04T10:26:45.3906986Z ✔ the refusal path refuses anything that is not a donor capability status (0.1764ms)
gateway-web	Run node city/test-all.mjs	2026-10-04T10:26:45.3907774Z ✔ the frozen vocabularies are the donor vocabularies in the donor order (2.3165ms)
gateway-web	Run node city/test-all.mjs	2026-10-04T10:26:45.3908453Z ✔ the capability registry is byte-identical to the donor and pinned by digest (0.8886ms)
gateway-web	Run node city/test-all.mjs	2026-10-04T10:26:45.3909258Z ✔ the thresholds are the donor thresholds, pinned exactly (0.1793ms)
gateway-web	Run node city/test-all.mjs	2026-10-04T10:26:45.3909992Z ✔ the factories copy on construct and enforce the declared shape (1.4952ms)
gateway-web	Run node city/test-all.mjs	2026-10-04T10:26:45.3910830Z ✔ candidateQuestion enforces the donor limit and copies the optional fields (0.3222ms)
gateway-web	Run node city/test-all.mjs	2026-10-04T10:26:45.3911737Z ✔ validateCandidateQuestion is the donor check: exact messages and order (0.3858ms)
gateway-web	Run node city/test-all.mjs	2026-10-04T10:26:45.3912897Z ✔ validateLevelAPlan is the donor check: exact messages, order and boundaries (0.6011ms)
gateway-web	Run node city/test-all.mjs	2026-10-04T10:26:45.3913813Z ✔ isResearchCapabilityStatus refuses anything that is not a donor status (0.2066ms)
gateway-web	Run node city/test-all.mjs	2026-10-04T10:26:45.3914610Z ✔ index.mjs is the single export site, and its surface is pinned (2.0029ms)
gateway-web	Run node city/test-all.mjs	2026-10-04T10:26:45.3915459Z ✔ the module is self-contained and pure: only relative imports, no clock, no randomness, no environment (8.818ms)
gateway-web	Run node city/test-all.mjs	2026-10-04T10:26:45.3916122Z ✔ no new delayed-learning or Machine Intelligence research direction was added (3.9658ms)
gateway-web	Run node city/test-all.mjs	2026-10-04T10:26:45.3916656Z ✔ the donor levela -> levelb value edge is preserved, and never reversed (3.6655ms)
gateway-web	Run node city/test-all.mjs	2026-10-04T10:26:45.3917119Z ✔ the novelty review scores exactly the donor arithmetic (2.1698ms)
gateway-web	Run node city/test-all.mjs	2026-10-04T10:26:45.3917591Z ✔ the A/B value edge is real: falsifiability is worth exactly +2 feasibility (0.2955ms)
gateway-web	Run node city/test-all.mjs	2026-10-04T10:26:45.3918031Z ✔ noveltyReview adds no validation rung of its own (0.2068ms)
gateway-web	Run node city/test-all.mjs	2026-10-04T10:26:45.3918434Z ✔ levelAGate decides at 2.0 on each score, novelty first (0.3628ms)
gateway-web	Run node city/test-all.mjs	2026-10-04T10:26:45.3918916Z ✔ buildExperimentSpec clamps, defaults and stamps, with the clock injected (0.4831ms)
gateway-web	Run node city/test-all.mjs	2026-10-04T10:26:45.3919483Z ✔ validateLevelAPlan is reachable from the levela module and the export site alike (0.1423ms)
gateway-web	Run node city/test-all.mjs	2026-10-04T10:26:45.3920196Z ✔ the Level-A plan gate reports the donor messages at every boundary (0.5304ms)
gateway-web	Run node city/test-all.mjs	2026-10-04T10:26:45.3920681Z ✔ isFalsifiable requires both flags and uses the donor truthiness test (0.8481ms)
gateway-web	Run node city/test-all.mjs	2026-10-04T10:26:45.3921238Z ✔ selectFalsifiableQuestion rejects with the donor reason and never drops a candidate (1.1999ms)
gateway-web	Run node city/test-all.mjs	2026-10-04T10:26:45.3921871Z ✔ a selection with nothing ready distinguishes "no candidates" from "no falsifiable candidate" (0.4567ms)
gateway-web	Run node city/test-all.mjs	2026-10-04T10:26:45.3922499Z ✔ ranking is novelty + feasibility with a ?? 0 default, and a tie keeps the earlier candidate (0.3978ms)
gateway-web	Run node city/test-all.mjs	2026-10-04T10:26:45.3923044Z ✔ the donor candidate check runs before selection, with its exact messages (0.3145ms)
gateway-web	Run node city/test-all.mjs	2026-10-04T10:26:45.3923564Z ✔ the review module re-exports the donor role vocabulary unchanged (1.1669ms)
gateway-web	Run node city/test-all.mjs	2026-10-04T10:26:45.3924218Z ✔ respondToObjections appends, replaces in place, and refuses an unknown objection (0.4226ms)
gateway-web	Run node city/test-all.mjs	2026-10-04T10:26:45.3924782Z ✔ reviewRoundSettled reports open objections and violations, in objection order (0.4877ms)
gateway-web	Run node city/test-all.mjs	2026-10-04T10:26:45.3925297Z ✔ metaReview approves only a settled round whose revisions landed (0.2621ms)
gateway-web	Run node city/test-all.mjs	2026-10-04T10:26:45.3925784Z ✔ metaReview reads revisedSections directly, exactly as the donor does (0.4721ms)
gateway-web	Run node city/test-all.mjs	2026-10-04T10:26:45.3926603Z ✔ publicationReady reports the four publication gates in the donor order (0.4365ms)
gateway-web	Run node city/test-all.mjs	2026-10-04T10:26:45.3927586Z ✔ the frozen vocabularies are exactly the donor five domains, five statuses and seven gates (2.8812ms)
gateway-web	Run node city/test-all.mjs	2026-10-04T10:26:45.3928587Z ✔ the contracts validate the declared shapes and never repair an invalid value (1.1846ms)
gateway-web	Run node city/test-all.mjs	2026-10-04T10:26:45.3929508Z ✔ READY passes only with the full §34 artifact chain and an approving review (0.3991ms)
gateway-web	Run node city/test-all.mjs	2026-10-04T10:26:45.3930479Z ✔ REJECTED is a PASS only when the evidence is complete and the hypothesis unsupported (0.3045ms)
gateway-web	Run node city/test-all.mjs	2026-10-04T10:26:45.3931394Z ✔ REPLICATION_FAILED is a PASS only when the failure is actually recorded (0.2581ms)
gateway-web	Run node city/test-all.mjs	2026-10-04T10:26:45.3932212Z ✔ INCONCLUSIVE needs only execution evidence and statistics (0.2467ms)
gateway-web	Run node city/test-all.mjs	2026-10-04T10:26:45.3933256Z ✔ INSUFFICIENT_EVIDENCE needs only a protocol and an execution trail (0.1685ms)
gateway-web	Run node city/test-all.mjs	2026-10-04T10:26:45.3934201Z ✔ an undeclared terminal status reaches the donor last branch rather than being gated (0.1603ms)
gateway-web	Run node city/test-all.mjs	2026-10-04T10:26:45.3935173Z ✔ the battery declares one honest scenario per domain and scores every path (0.7494ms)
gateway-web	Run node city/test-all.mjs	2026-10-04T10:26:45.3936153Z ✔ runResearchBattery reports the donor verdicts and reason strings in scenario order (0.7571ms)
gateway-web	Run node city/test-all.mjs	2026-10-04T10:26:45.3937155Z ✔ the battery module imports only its siblings and stays free of the donor runtime (9.9395ms)
gateway-web	Run node city/test-all.mjs	2026-10-04T10:26:45.3938060Z ✔ mean and median reproduce the donor arithmetic and its empty-sample NaN (2.6109ms)
gateway-web	Run node city/test-all.mjs	2026-10-04T10:26:45.3939096Z ✔ standardDeviation switches between sample and population exactly at its declared boundaries (0.3279ms)
gateway-web	Run node city/test-all.mjs	2026-10-04T10:26:45.3939929Z ✔ describe packages the donor four fields (0.276ms)
gateway-web	Run node city/test-all.mjs	2026-10-04T10:26:45.3940691Z ✔ confidenceInterval is the normal approximation with the donor default z (0.5037ms)
gateway-web	Run node city/test-all.mjs	2026-10-04T10:26:45.3941584Z ✔ mulberry32 is the donor LCG: seed-normalised, reproducible and bounded (0.4677ms)
gateway-web	Run node city/test-all.mjs	2026-10-04T10:26:45.3942528Z ✔ bootstrapCi resamples deterministically at the donor defaults and alpha indices (8.3022ms)
gateway-web	Run node city/test-all.mjs	2026-10-04T10:26:45.3943326Z ✔ effectSize is the donor's pooled Cohen's d (0.3122ms)
gateway-web	Run node city/test-all.mjs	2026-10-04T10:26:45.3944087Z ✔ oneSampleEffectSize is (mean − baseline) / sd and NaN when underpowered (0.2688ms)
gateway-web	Run node city/test-all.mjs	2026-10-04T10:26:45.3944941Z ✔ oneSamplePermutationP is the seeded sign-permutation fraction (19.2139ms)
gateway-web	Run node city/test-all.mjs	2026-10-04T10:26:45.3945850Z ✔ permutationP keeps the donor's paired and unpaired paths, seeds and boundaries (27.7391ms)
gateway-web	Run node city/test-all.mjs	2026-10-04T10:26:45.3946805Z ✔ proportion refuses a non-positive denominator instead of inventing a number (0.2903ms)
gateway-web	Run node city/test-all.mjs	2026-10-04T10:26:45.3947682Z ✔ every pinned literal is verbatim node -e output at full precision (0.2887ms)
gateway-web	Run node city/test-all.mjs	2026-10-04T10:26:45.3948660Z ✔ the module is pure: no clock, no randomness beyond the seed, no io (15.7856ms)
gateway-web	Run node city/test-all.mjs	2026-10-04T10:26:45.3949373Z ✔ trust ordering and query filters match the donor (1.9768ms)
gateway-web	Run node city/test-all.mjs	2026-10-04T10:26:45.3950180Z ✔ retrieval is trust-ordered, recency-broken and within the character budget (12.6309ms)
gateway-web	Run node city/test-all.mjs	2026-10-04T10:26:45.3951152Z ✔ taxonomy and the deterministic domain router match the donor (1.6538ms)
gateway-web	Run node city/test-all.mjs	2026-10-04T10:26:45.3951977Z ✔ goal reranking prefers relevance, then trust, then recency (0.4594ms)
gateway-web	Run node city/test-all.mjs	2026-10-04T10:26:45.3953008Z ✔ planRetrieval combines routing, reranking and the budget in one call (0.6523ms)
gateway-web	Run node city/test-all.mjs	2026-10-04T10:26:45.3953826Z ✔ supersession and conflict metadata is reported honestly (0.6862ms)
gateway-web	Run node city/test-all.mjs	2026-10-04T10:26:45.3954639Z ✔ the module is self-contained: built-ins only, no Boss store dependency (12.4976ms)
gateway-web	Run node city/test-all.mjs	2026-10-04T10:26:45.3955557Z ✔ provenance stays honest: DONOR.json pins the donor and records the adaptation (1.3296ms)
gateway-web	Run node city/test-all.mjs	2026-10-04T10:26:45.3956390Z ✔ every sample is a real document of its kind, built in memory (22.915ms)
gateway-web	Run node city/test-all.mjs	2026-10-04T10:26:45.3957205Z ✔ the three adapters decode their own sample with the real engines (373.4329ms)
gateway-web	Run node city/test-all.mjs	2026-10-04T10:26:45.3958026Z ✔ a refused document fails closed in every adapter, with its own code (0.9928ms)
gateway-web	Run node city/test-all.mjs	2026-10-04T10:26:45.3958841Z ✔ every adapter carries the same fail-closed default limits shape (0.1956ms)
gateway-web	Run node city/test-all.mjs	2026-10-04T10:26:45.3959553Z ✔ default limits and typed error match the donor (1.9012ms)
gateway-web	Run node city/test-all.mjs	2026-10-04T10:26:45.3960384Z ✔ converter seam extracts, splits paragraphs, maps headings/bullets and truncates (1.3838ms)
gateway-web	Run node city/test-all.mjs	2026-10-04T10:26:45.3961360Z ✔ html converter seam maps h1..h6 and list items, and truncates on its own budget (1.2619ms)
gateway-web	Run node city/test-all.mjs	2026-10-04T10:26:45.3962119Z ✔ guards fail closed before any converter runs (1.0036ms)
gateway-web	Run node city/test-all.mjs	2026-10-04T10:26:45.3962760Z ✔ a ZIP that is not a DOCX is CORRUPT_DOCX, not a crash (131.671ms)
gateway-web	Run node city/test-all.mjs	2026-10-04T10:26:45.3963508Z ✔ real engine: mammoth parses the synthetic DOCX through the bridge (67.7663ms)
gateway-web	Run node city/test-all.mjs	2026-10-04T10:26:45.3964403Z ✔ paragraph splitting counts characters and paragraphs exactly as the donor (0.9203ms)
gateway-web	Run node city/test-all.mjs	2026-10-04T10:26:45.3965299Z ✔ quarantine: docx.mjs imports only the engine seam and node: builtins (2.8253ms)
gateway-web	Run node city/test-all.mjs	2026-10-04T10:26:45.3966128Z ✔ every engine is named in one module and resolves from the city tree (14.0495ms)
gateway-web	Run node city/test-all.mjs	2026-10-04T10:26:45.3966903Z ✔ the engines really load and expose what the readers need (251.4089ms)
gateway-web	Run node city/test-all.mjs	2026-10-04T10:26:45.3967695Z ✔ a missing install is an installation problem, not a broken document (0.186ms)
gateway-web	Run node city/test-all.mjs	2026-10-04T10:26:45.3968403Z ✔ limits and verbosity mirror the donor exactly (1.8324ms)
gateway-web	Run node city/test-all.mjs	2026-10-04T10:26:45.3968964Z ✔ PdfError carries its name and code (0.2281ms)
gateway-web	Run node city/test-all.mjs	2026-10-04T10:26:45.3969760Z ✔ inspectPdfHeader accepts a real PDF and rejects other payloads with typed errors (0.4351ms)
gateway-web	Run node city/test-all.mjs	2026-10-04T10:26:45.3970703Z ✔ extractPdf decodes a synthetic one-page PDF through the real engine (211.4563ms)
gateway-web	Run node city/test-all.mjs	2026-10-04T10:26:45.3971543Z ✔ extractPdf honours the page cap and warns about the unread pages (10.4609ms)
gateway-web	Run node city/test-all.mjs	2026-10-04T10:26:45.3972337Z ✔ extractPdf fails closed on a truncated or corrupt document (5.2308ms)
gateway-web	Run node city/test-all.mjs	2026-10-04T10:26:45.3973336Z ✔ extractPdf rejects over-limit bytes before the engine is consulted (0.396ms)
gateway-web	Run node city/test-all.mjs	2026-10-04T10:26:45.3974079Z ✔ extractPdf is deterministic for identical bytes (11.2619ms)
gateway-web	Run node city/test-all.mjs	2026-10-04T10:26:45.3974667Z ✔ the port keeps its engine quarantine (8.0043ms)
gateway-web	Run node city/test-all.mjs	2026-10-04T10:26:45.3975417Z ✔ a sheet with shared strings extracts the expected rows, part and used range (20.6158ms)
gateway-web	Run node city/test-all.mjs	2026-10-04T10:26:45.3976330Z ✔ the markdown rendering is a real table with a header row and a separator row (2.4702ms)
gateway-web	Run node city/test-all.mjs	2026-10-04T10:26:45.3977176Z ✔ the synthetic package is a real ZIP the engine itself can open (2.9677ms)
gateway-web	Run node city/test-all.mjs	2026-10-04T10:26:45.3978036Z ✔ a formula without a cached value warns and is never given an invented result (4.0972ms)
gateway-web	Run node city/test-all.mjs	2026-10-04T10:26:45.3978805Z ✔ two extractions of the same bytes are deeply equal (2.1842ms)
gateway-web	Run node city/test-all.mjs	2026-10-04T10:26:45.3979562Z ✔ sheets beyond limits.maxSheets are reported, not silently dropped (1.7686ms)
gateway-web	Run node city/test-all.mjs	2026-10-04T10:26:45.3980630Z ✔ a payload that is not a ZIP fails closed as NOT_XLSX (a truncated one as CORRUPT_XLSX) (5.6145ms)
gateway-web	Run node city/test-all.mjs	2026-10-04T10:26:45.3981616Z ✔ an archive above limits.maxEntries or limits.maxBytes fails closed as TOO_LARGE (1.7502ms)
gateway-web	Run node city/test-all.mjs	2026-10-04T10:26:45.3982660Z ✔ an entry expanding above limits.maxEntryBytes fails closed as TOO_LARGE (2.7377ms)
gateway-web	Run node city/test-all.mjs	2026-10-04T10:26:45.3983449Z ✔ DEFAULT_XLSX_LIMITS carries the donor pin and is frozen (1.3464ms)
gateway-web	Run node city/test-all.mjs	2026-10-04T10:26:45.3984253Z ✔ the reader is quarantined: the engine seam and the core, never fflate (13.1802ms)
gateway-web	Run node city/test-all.mjs	2026-10-04T10:26:45.3985161Z ✔ encoding detection follows BOMs, validates UTF-8 and refuses to guess silently (1.9429ms)
gateway-web	Run node city/test-all.mjs	2026-10-04T10:26:45.3985949Z ✔ markdown and plain text split into offset-preserving sections (1.8013ms)
gateway-web	Run node city/test-all.mjs	2026-10-04T10:26:45.3986407Z ✔ JSON, JSON Lines and structured sections match the donor (46.1431ms)
gateway-web	Run node city/test-all.mjs	2026-10-04T10:26:45.3986874Z ✔ CSV and TSV parsing matches the donor, including quoted fields and limits (1.0073ms)
gateway-web	Run node city/test-all.mjs	2026-10-04T10:26:45.3987366Z ✔ XML helpers decode entities and extract text runs exactly once (0.7126ms)
gateway-web	Run node city/test-all.mjs	2026-10-04T10:26:45.3987846Z ✔ format detection names the parser, including the completed YAML branch (0.3114ms)
gateway-web	Run node city/test-all.mjs	2026-10-04T10:26:45.3988391Z ✔ the module carries no parser of its own: the YAML package stays behind the seam (10.8986ms)
gateway-web	Run node city/test-all.mjs	2026-10-04T10:26:45.3988915Z ✔ provenance stays honest: DONOR.json records both waves of this module (1.7075ms)
gateway-web	Run node city/test-all.mjs	2026-10-04T10:26:45.3989416Z ✔ the extension decides the order, and the YAML branch is a real format now (1.8746ms)
gateway-web	Run node city/test-all.mjs	2026-10-04T10:26:45.3989899Z ✔ a .yaml document is parsed as YAML with nested maps and sequences (50.934ms)
gateway-web	Run node city/test-all.mjs	2026-10-04T10:26:45.3990352Z ✔ the non-YAML fallback is reported, exactly as the donor does (1.3864ms)
gateway-web	Run node city/test-all.mjs	2026-10-04T10:26:45.3990806Z ✔ invalid input fails closed with one reason and the parser detail (11.9894ms)
gateway-web	Run node city/test-all.mjs	2026-10-04T10:26:45.3991240Z ✔ the intake is deterministic, and every guard is real (5.9328ms)
gateway-web	Run node city/test-all.mjs	2026-10-04T10:26:45.3991641Z ✔ the module never names the package outside the seam (8.1605ms)
gateway-web	Run node city/test-all.mjs	2026-10-04T10:26:45.3992104Z ✔ the dependency is quarantined in one file and resolves from the city tree (44.9248ms)
gateway-web	Run node city/test-all.mjs	2026-10-04T10:26:45.3992627Z ✔ a YAML document parses into plain data, including nested maps and sequences (9.2513ms)
gateway-web	Run node city/test-all.mjs	2026-10-04T10:26:45.3993418Z ✔ a malformed document fails closed with a typed error carrying the reason (2.1349ms)
gateway-web	Run node city/test-all.mjs	2026-10-04T10:26:45.3993901Z ✔ the limits are real: size and alias count are both bounded (4.7458ms)
gateway-web	Run node city/test-all.mjs	2026-10-04T10:26:45.3994365Z ✔ a missing package is an installation problem, not an invalid document (0.5238ms)
gateway-web	Run node city/test-all.mjs	2026-10-04T10:26:45.3994877Z ✔ the ordered gate chain is the donor's seven-value literal, in order, frozen (1.9476ms)
gateway-web	Run node city/test-all.mjs	2026-10-04T10:26:45.3995391Z ✔ a fully-ready probe is ready with no blockers and echoes the caller's facts (0.2745ms)
gateway-web	Run node city/test-all.mjs	2026-10-04T10:26:45.3995881Z ✔ a non-ready DOM blocks with exactly the failing gates, in gate order (0.2211ms)
gateway-web	Run node city/test-all.mjs	2026-10-04T10:26:45.3996372Z ✔ an empty probe is ready: absence of every fact is 'unknown ⇒ pass' (0.1716ms)
gateway-web	Run node city/test-all.mjs	2026-10-04T10:26:45.3996802Z ✔ each gate blocks only on its own explicit failing fact (0.4518ms)
gateway-web	Run node city/test-all.mjs	2026-10-04T10:26:45.3997245Z ✔ blockers accumulate in gate order across all seven gates at once (0.2014ms)
gateway-web	Run node city/test-all.mjs	2026-10-04T10:26:45.3997698Z ✔ post-action verification never assumes a change happened (0.145ms)
gateway-web	Run node city/test-all.mjs	2026-10-04T10:26:45.3998175Z ✔ bounded escalation: bounded retry → selector refresh → alternate strategy (0.1013ms)
gateway-web	Run node city/test-all.mjs	2026-10-04T10:26:45.3998676Z ✔ the retry bounds are the donor's arithmetic for every maxBoundedRetries (0.3328ms)
gateway-web	Run node city/test-all.mjs	2026-10-04T10:26:45.3999183Z ✔ the read and mutation action lists are the donor's literals, in order, frozen (2.0595ms)
gateway-web	Run node city/test-all.mjs	2026-10-04T10:26:45.3999683Z ✔ §26 every CU_REPAIR need is classified from the donor's phrase sets (0.7854ms)
gateway-web	Run node city/test-all.mjs	2026-10-04T10:26:45.4000137Z ✔ §26 every HUMAN_REQUIRED phrase gates the page away from CU repair (0.6189ms)
gateway-web	Run node city/test-all.mjs	2026-10-04T10:26:45.4000823Z ✔ §26 NOT_REPAIRABLE is the fallthrough: unknown failures are never guessed into a mutation (0.2553ms)
gateway-web	Run node city/test-all.mjs	2026-10-04T10:26:45.4001414Z ✔ §26 classification lowercases the reason with toLocaleLowerCase, as the donor does (0.3651ms)
gateway-web	Run node city/test-all.mjs	2026-10-04T10:26:45.4001949Z ✔ §24 tierForTarget maps every kind to the donor's tier, unknown kinds to 6 (0.457ms)
gateway-web	Run node city/test-all.mjs	2026-10-04T10:26:45.4002658Z ✔ §28 geometryTargetValid only guards ICON and POINT, and needs truthy finite frameRevisionAt + boundedRegion (0.3533ms)
gateway-web	Run node city/test-all.mjs	2026-10-04T10:26:45.4003348Z ✔ §26 READY: a SEND plan is read_page → click_control → verify_state with a revisioned ICON affordance (0.6931ms)
gateway-web	Run node city/test-all.mjs	2026-10-04T10:26:45.4003896Z ✔ §26 READY: an INPUT plan inserts submit when the submit grant is present (0.2932ms)
gateway-web	Run node city/test-all.mjs	2026-10-04T10:26:45.4004449Z ✔ §26 the INPUT chain is still READY without the submit grant (3 steps is the donor's floor) (0.5822ms)
gateway-web	Run node city/test-all.mjs	2026-10-04T10:26:45.4004968Z ✔ §26 DRIFT and STRUCTURE plans are ROLE-targeted and never geometry (0.2803ms)
gateway-web	Run node city/test-all.mjs	2026-10-04T10:26:45.4005525Z ✔ §26 DENIED when the required mutation grant is missing, naming the action (fail closed) (0.2051ms)
gateway-web	Run node city/test-all.mjs	2026-10-04T10:26:45.4006127Z ✔ §28 UNCERTAIN when the ICON affordance has no usable frame revision (the now === 0 default) (1.1517ms)
gateway-web	Run node city/test-all.mjs	2026-10-04T10:26:45.4006682Z ✔ DEFECT PINNED: the read_page denial branch of buildRepairPlan is unreachable (0.2817ms)
gateway-web	Run node city/test-all.mjs	2026-10-04T10:26:45.4007298Z ✔ §29 grantedComputerActions maps only exact computer:<action> entries, trimming surrounding space (0.3868ms)
gateway-web	Run node city/test-all.mjs	2026-10-04T10:26:45.4007829Z ✔ §29 a granted read action alone never unlocks a mutation (0.1726ms)
gateway-web	Run node city/test-all.mjs	2026-10-04T10:26:45.4008302Z ✔ §25 verdictForOutcome is VERIFIED only when the post-condition was observed (0.146ms)
gateway-web	Run node city/test-all.mjs	2026-10-04T10:26:45.4008855Z ✔ DEFECT PINNED: verdictForOutcome can never return its exported ACTED status (0.207ms)
gateway-web	Run node city/test-all.mjs	2026-10-04T10:26:45.4009431Z ✔ §38 planSummary reports steps, actions and only a present reason, in the donor's key order (0.3295ms)
gateway-web	Run node city/test-all.mjs	2026-10-04T10:26:45.4010017Z ✔ DOM_TARGET_PREFIX is the donor's literal and the read/mutation sets are its neighbours (1.8897ms)
gateway-web	Run node city/test-all.mjs	2026-10-04T10:26:45.4010619Z ✔ parseDomTarget returns the parsed fields and undefined for non-dom or unparsable targets (0.38ms)
gateway-web	Run node city/test-all.mjs	2026-10-04T10:26:45.4011210Z ✔ parseDomTarget throws on a malformed providerId and accepts the [a-zA-Z0-9_-] class (0.654ms)
gateway-web	Run node city/test-all.mjs	2026-10-04T10:26:45.4011768Z ✔ supports: dom: targets with a selector for mutations and reads, nothing else (0.3357ms)
gateway-web	Run node city/test-all.mjs	2026-10-04T10:26:45.4012328Z ✔ supports does not throw on a malformed providerId (the parse it uses is the lenient one) (0.9344ms)
gateway-web	Run node city/test-all.mjs	2026-10-04T10:26:45.4012957Z ✔ readinessScript is the donor's probe: found / visible / enabled / stableSamples from the live page (0.3057ms)
gateway-web	Run node city/test-all.mjs	2026-10-04T10:26:45.4013858Z ✔ readyOrBlocked returns null when the first probe is ready and probes exactly once (0.3804ms)
gateway-web	Run node city/test-all.mjs	2026-10-04T10:26:45.4014462Z ✔ readyOrBlocked uses the donor's default of 2 attempts and reports the last block reason (0.2333ms)
gateway-web	Run node city/test-all.mjs	2026-10-04T10:26:45.4015109Z ✔ readinessAttempts is honoured as a lower bound of 1, and the retry stops as soon as a probe is ready (1.2808ms)
gateway-web	Run node city/test-all.mjs	2026-10-04T10:26:45.4015734Z ✔ a null/undefined probe answer is treated as no facts, which is ready ('unknown ⇒ pass') (0.5898ms)
gateway-web	Run node city/test-all.mjs	2026-10-04T10:26:45.4016332Z ✔ the retry interval only delays when it is positive, and the page ref reaches every probe (9.849ms)
gateway-web	Run node city/test-all.mjs	2026-10-04T10:26:45.4016819Z ✔ execute refuses an action without a dom: selector (0.4902ms)
gateway-web	Run node city/test-all.mjs	2026-10-04T10:26:45.4017265Z ✔ execute reports a supported-but-unhandled action as UNSUPPORTED (0.2168ms)
gateway-web	Run node city/test-all.mjs	2026-10-04T10:26:45.4017792Z ✔ click_control reports SUCCESS on ok and FAILED with the surface's reason otherwise (0.5947ms)
gateway-web	Run node city/test-all.mjs	2026-10-04T10:26:45.4018365Z ✔ enter_text reports the donor's three outcomes: sent, not-found, unsupported-element (0.2432ms)
gateway-web	Run node city/test-all.mjs	2026-10-04T10:26:45.4018902Z ✔ submit reports SUCCESS on ok and FAILED with the surface's reason otherwise (0.1683ms)
gateway-web	Run node city/test-all.mjs	2026-10-04T10:26:45.4019309Z ✔ read_page returns the text as evidence (0.2564ms)
gateway-web	Run node city/test-all.mjs	2026-10-04T10:26:45.4019867Z ✔ DEFECT PINNED: read_page lacks the `?? { ok: false }` guard the other branches have (0.1462ms)
gateway-web	Run node city/test-all.mjs	2026-10-04T10:26:45.4020343Z ✔ verify_state checks expected ?? value against the page text (0.2395ms)
gateway-web	Run node city/test-all.mjs	2026-10-04T10:26:45.4020825Z ✔ DEFECT PINNED: verify_state with no expected AND no value is a free SUCCESS (0.1596ms)
gateway-web	Run node city/test-all.mjs	2026-10-04T10:26:45.4021432Z ✔ scripts embed JSON-escaped selectors and values, so nothing can break out (0.3571ms)
gateway-web	Run node city/test-all.mjs	2026-10-04T10:26:45.4022040Z ✔ a dom: providerId is forwarded to the page surface, and a provider-less target sends no page ref (0.218ms)
gateway-web	Run node city/test-all.mjs	2026-10-04T10:26:45.4022746Z ✔ a surface that rejects is caught and truncated to 300 characters (0.2588ms)
gateway-web	Run node city/test-all.mjs	2026-10-04T10:26:45.4023393Z ✔ DEFECT PINNED: an invalid providerId rejects execute() instead of returning FAILED (0.3469ms)
gateway-web	Run node city/test-all.mjs	2026-10-04T10:26:45.4024226Z ✔ DEFECT PINNED: a JSON scalar in a dom: target destructures to all-undefined, and null is UNSUPPORTED (0.2031ms)
gateway-web	Run node city/test-all.mjs	2026-10-04T10:26:45.4025224Z ✔ preflightReadiness is OFF by default: a mutation proceeds without any probe (0.1371ms)
gateway-web	Run node city/test-all.mjs	2026-10-04T10:26:45.4025828Z ✔ preflightReadiness probes before a mutation and refuses it while the page is not ready (0.1826ms)
gateway-web	Run node city/test-all.mjs	2026-10-04T10:26:45.4026401Z ✔ preflightReadiness lets a ready page through and then performs the action (0.1811ms)
gateway-web	Run node city/test-all.mjs	2026-10-04T10:26:45.4026939Z ✔ preflightReadiness applies to the three mutations only, never to a read (0.2844ms)
gateway-web	Run node city/test-all.mjs	2026-10-04T10:26:45.4027414Z ✔ the preflight probe carries the target's provider page ref (0.1159ms)
gateway-web	Run node city/test-all.mjs	2026-10-04T10:26:45.4028022Z ✔ the abort signal is accepted and ignored, exactly as the donor does (0.1181ms)
gateway-web	Run node city/test-all.mjs	2026-10-04T10:26:45.4029806Z ✔ the permission vocabulary is the donor's five kinds and four security classes, frozen (2.1982ms)
gateway-web	Run node city/test-all.mjs	2026-10-04T10:26:45.4030990Z ✔ EMPTY_MANIFEST is the donor's five empty scopes (0.8376ms)
gateway-web	Run node city/test-all.mjs	2026-10-04T10:26:45.4031784Z ✔ manifestAllows: an empty allow list denies everything, even a perfect match (0.3907ms)
gateway-web	Run node city/test-all.mjs	2026-10-04T10:26:45.4032643Z ✔ manifestAllows: an exact allow entry is allowed, a non-entry is not (0.1728ms)
gateway-web	Run node city/test-all.mjs	2026-10-04T10:26:45.4033496Z ✔ manifestAllows: an entry without a trailing slash is also a directory prefix (0.2816ms)
gateway-web	Run node city/test-all.mjs	2026-10-04T10:26:45.4034226Z ✔ manifestAllows: a deny entry outranks any allow entry (0.1684ms)
gateway-web	Run node city/test-all.mjs	2026-10-04T10:26:45.4035044Z ✔ DEFECT PINNED: a trailing-slash entry is not equivalent to the bare entry (0.4677ms)
gateway-web	Run node city/test-all.mjs	2026-10-04T10:26:45.4035855Z ✔ manifestAllows reads only the scope it was asked about (0.1812ms)
gateway-web	Run node city/test-all.mjs	2026-10-04T10:26:45.4036806Z ✔ manifestNarrow reports task allow entries the workspace does not allow, as kind:allow:entry (0.3556ms)
gateway-web	Run node city/test-all.mjs	2026-10-04T10:26:45.4037770Z ✔ DEFECT PINNED: manifestNarrow never reports an over-broad task deny (0.313ms)
gateway-web	Run node city/test-all.mjs	2026-10-04T10:26:45.4038702Z ✔ desktopMutationGate always allows the four read actions, with no manifest at all (0.2967ms)
gateway-web	Run node city/test-all.mjs	2026-10-04T10:26:45.4039705Z ✔ desktopMutationGate denies a mutation when there is no manifest (fails closed) (0.1969ms)
gateway-web	Run node city/test-all.mjs	2026-10-04T10:26:45.4040707Z ✔ desktopMutationGate denies a mutation when the manifest has no side-effect allow (0.1429ms)
gateway-web	Run node city/test-all.mjs	2026-10-04T10:26:45.4041775Z ✔ desktopMutationGate allows a mutation only when its computer:<action> entry is allow-listed (1.1166ms)
gateway-web	Run node city/test-all.mjs	2026-10-04T10:26:45.4042674Z ✔ desktopMutationGate lets a deny entry beat an allow entry for the same key (0.2543ms)
gateway-web	Run node city/test-all.mjs	2026-10-04T10:26:45.4043799Z ✔ a side-effect prefix entry cannot grant a computer: key, because the entry separator is / and the key separator is : (0.164ms)
gateway-web	Run node city/test-all.mjs	2026-10-04T10:26:45.4044839Z ✔ DEFECT PINNED: a permitted verdict carries no reason key at all (0.1565ms)
gateway-web	Run node city/test-all.mjs	2026-10-04T10:26:45.4045672Z ✔ the read set and the mutation check are the only two paths through the gate (0.231ms)
gateway-web	Run node city/test-all.mjs	2026-10-04T10:26:45.4046566Z ✔ evaluates scripts on the named provider WebContentsView and returns its value (2.5195ms)
gateway-web	Run node city/test-all.mjs	2026-10-04T10:26:45.4047519Z ✔ fails closed when the provider pane is closed, crashed, or the target is ambiguous (0.9311ms)
gateway-web	Run node city/test-all.mjs	2026-10-04T10:26:45.4048529Z ✔ a providerId that was never open reports the same 'not open' message as a closed one (0.2983ms)
gateway-web	Run node city/test-all.mjs	2026-10-04T10:26:45.4049544Z ✔ a destroyed pane short-circuits before the crash check (0.2578ms)
gateway-web	Run node city/test-all.mjs	2026-10-04T10:26:45.4050232Z ✔ returns real page content when the named provider pane is open (0.2804ms)
gateway-web	Run node city/test-all.mjs	2026-10-04T10:26:45.4054056Z ✔ the accessor is called freshly per lookup, so a pane that opens later is found (0.2987ms)
gateway-web	Run node city/test-all.mjs	2026-10-04T10:26:45.4055379Z ✔ only the script reaches executeJavaScript, with no extra argument (2.7905ms)
gateway-web	Run node city/test-all.mjs	2026-10-04T10:26:45.4056490Z ✔ a rejecting executeJavaScript propagates unchanged (0.2736ms)
gateway-web	Run node city/test-all.mjs	2026-10-04T10:26:45.4057355Z ✔ the composed surface drives the DOM backend end to end over a fake pane (0.5015ms)
gateway-web	Run node city/test-all.mjs	2026-10-04T10:26:45.4059394Z ✔ the nine action names are the donor's line-1 union, in order, frozen (1.9211ms)
gateway-web	Run node city/test-all.mjs	2026-10-04T10:26:45.4060312Z ✔ the six unconditional action names are accepted with just a name and target (0.4279ms)
gateway-web	Run node city/test-all.mjs	2026-10-04T10:26:45.4061129Z ✔ every one of the nine action names passes the membership check itself (0.2495ms)
gateway-web	Run node city/test-all.mjs	2026-10-04T10:26:45.4061805Z ✔ a fully-populated action is accepted (0.3092ms)
gateway-web	Run node city/test-all.mjs	2026-10-04T10:26:45.4062647Z ✔ Invalid semantic action: a missing value, an unknown name, a bad or missing target, unknown keys (0.8444ms)
gateway-web	Run node city/test-all.mjs	2026-10-04T10:26:45.4063646Z ✔ Invalid semantic value: value/expected must be strings of at most 100000 characters (0.2254ms)
gateway-web	Run node city/test-all.mjs	2026-10-04T10:26:45.4064434Z ✔ Text value required: enter_text needs a string value (0.2206ms)
gateway-web	Run node city/test-all.mjs	2026-10-04T10:26:45.4065215Z ✔ Expected state required: verify_state and wait_for_state need expected or value (0.2469ms)
gateway-web	Run node city/test-all.mjs	2026-10-04T10:26:45.4066048Z ✔ Invalid semantic timeout: only finite numbers in [1, 120000] (0.3364ms)
gateway-web	Run node city/test-all.mjs	2026-10-04T10:26:45.4066761Z ✔ precedence: the first failing check is the one reported (0.3012ms)
gateway-web	Run node city/test-all.mjs	2026-10-04T10:26:45.4067517Z ✔ computerIntent opens the three apps it names, in both languages (0.5372ms)
gateway-web	Run node city/test-all.mjs	2026-10-04T10:26:45.4068237Z ✔ computerIntent reads the four fixed read commands (1.2794ms)
gateway-web	Run node city/test-all.mjs	2026-10-04T10:26:45.4069030Z ✔ computerIntent parameterises the terminal-log and browser-state forms (0.909ms)
gateway-web	Run node city/test-all.mjs	2026-10-04T10:26:45.4069885Z ✔ computerIntent parses the desktop {…} JSON form and validates it (0.2186ms)
gateway-web	Run node city/test-all.mjs	2026-10-04T10:26:45.4070879Z ✔ DEFECT PINNED: a malformed desktop {…} body throws SyntaxError, it is not turned into undefined (0.1283ms)
gateway-web	Run node city/test-all.mjs	2026-10-04T10:26:45.4072084Z ✔ computerIntent returns undefined for anything it does not recognise (0.2223ms)
gateway-web	Run node city/test-all.mjs	2026-10-04T10:26:45.4072986Z ✔ DEFECT PINNED: the Chinese VS Code status form needs the donor's exact ASCII space (0.1717ms)
gateway-web	Run node city/test-all.mjs	2026-10-04T10:26:45.4073893Z ✔ the surface id vocabulary is the donor's 23 ids in the donor's order, frozen (2.1352ms)
gateway-web	Run node city/test-all.mjs	2026-10-04T10:26:45.4074627Z ✔ the registry version string is the donor's literal (0.1455ms)
gateway-web	Run node city/test-all.mjs	2026-10-04T10:26:45.4075297Z ✔ the eleven surface categories are the donor's, in order (0.1465ms)
gateway-web	Run node city/test-all.mjs	2026-10-04T10:26:45.4076062Z ✔ the §10 token groups are the donor's five groups and 31 names, in order (0.4436ms)
gateway-web	Run node city/test-all.mjs	2026-10-04T10:26:45.4076873Z ✔ tokenGroupOf resolves each group and rejects a token in no group (0.2615ms)
gateway-web	Run node city/test-all.mjs	2026-10-04T10:26:45.4077675Z ✔ knownToken accepts the §10 names and the six extras, nothing else (0.2036ms)
gateway-web	Run node city/test-all.mjs	2026-10-04T10:26:45.4078545Z ✔ defaultSurfaceContracts covers every §9 surface exactly once, in id order (0.3171ms)
gateway-web	Run node city/test-all.mjs	2026-10-04T10:26:45.4079597Z ✔ every contract row carries the donor's category, allowedProperties, defaultTokens and fallback (1.2383ms)
gateway-web	Run node city/test-all.mjs	2026-10-04T10:26:45.4080664Z ✔ the two fallback notes are the donor's strings and only BORDER/DIVIDER/SCROLLBAR inherit (0.3536ms)
gateway-web	Run node city/test-all.mjs	2026-10-04T10:26:45.4081599Z ✔ every contract reads only known tokens and allows at least one property (0.3219ms)
gateway-web	Run node city/test-all.mjs	2026-10-04T10:26:45.4082508Z ✔ defaultSurfaceContracts returns fresh arrays and fallback objects each call (0.2683ms)
gateway-web	Run node city/test-all.mjs	2026-10-04T10:26:45.4083393Z ✔ surfaceById finds a contract by id and returns undefined otherwise (0.3239ms)
gateway-web	Run node city/test-all.mjs	2026-10-04T10:26:45.4084380Z ✔ §9.1 an allowed property with a literal or a declared token is accepted, property normalised (1.1447ms)
gateway-web	Run node city/test-all.mjs	2026-10-04T10:26:45.4085866Z ✔ §9.1 an unknown surface fails closed with UNKNOWN_SURFACE (0.2079ms)
gateway-web	Run node city/test-all.mjs	2026-10-04T10:26:45.4086688Z ✔ §9.1 a property the surface does not allow fails closed with UNKNOWN_PROPERTY (0.1708ms)
gateway-web	Run node city/test-all.mjs	2026-10-04T10:26:45.4087964Z ✔ §9.1 an empty value fails closed with EMPTY_VALUE, checked after the property (0.1936ms)
gateway-web	Run node city/test-all.mjs	2026-10-04T10:26:45.4088797Z ✔ §20 unsafe values fail closed with UNSAFE_VALUE, in pattern order (0.3691ms)
gateway-web	Run node city/test-all.mjs	2026-10-04T10:26:45.4089763Z ✔ DEFECT PINNED: the unsafe patterns match their substring anywhere, including benign values (0.1697ms)
gateway-web	Run node city/test-all.mjs	2026-10-04T10:26:45.4090730Z ✔ DEFECT PINNED: the §10 token scan is var()-only and stops at an underscore (1.1935ms)
gateway-web	Run node city/test-all.mjs	2026-10-04T10:26:45.4091797Z ✔ DEFECT PINNED: LOCKED_SURFACE is unreachable with the donor's SEEDS table (0.2311ms)
gateway-web	Run node city/test-all.mjs	2026-10-04T10:26:45.4092643Z ✔ validateUISurfaceRegistry accepts a complete, honest registry (0.3654ms)
gateway-web	Run node city/test-all.mjs	2026-10-04T10:26:45.4093568Z ✔ validateUISurfaceRegistry reports every missing surface contract, in seed order (0.1754ms)
gateway-web	Run node city/test-all.mjs	2026-10-04T10:26:45.4094746Z ✔ validateUISurfaceRegistry reports duplicate ids, empty properties, empty tokens and undeclared tokens (0.3142ms)
gateway-web	Run node city/test-all.mjs	2026-10-04T10:26:45.4095781Z ✔ validateUISurfaceRegistry enforces the unbound list in both directions (0.3678ms)
gateway-web	Run node city/test-all.mjs	2026-10-04T10:26:45.4096624Z ✔ validateUISurfaceRegistry refuses an evidence-free binding (0.1856ms)
gateway-web	Run node city/test-all.mjs	2026-10-04T10:26:45.4097468Z ✔ summarizeUISurfaceRegistry reports every summary field from the registry (0.284ms)
gateway-web	Run node city/test-all.mjs	2026-10-04T10:26:45.4098516Z ✔ summarizeUISurfaceRegistry counts bound surfaces and declared tokens, and copies its arrays (0.2414ms)
gateway-web	Run node city/test-all.mjs	2026-10-04T10:26:45.4099301Z ✔ the status vocabulary is the donor three (1.8136ms)
gateway-web	Run node city/test-all.mjs	2026-10-04T10:26:45.4099915Z ✔ the block reasons are the donor five, with the donor strings (0.1411ms)
gateway-web	Run node city/test-all.mjs	2026-10-04T10:26:45.4100782Z ✔ the capability → controller table is the donor ten, and it is not the routing table (0.3066ms)
gateway-web	Run node city/test-all.mjs	2026-10-04T10:26:45.4101758Z ✔ controllerIdsFor maps a capability to its controllers and passes an unknown name through (0.2207ms)
gateway-web	Run node city/test-all.mjs	2026-10-04T10:26:45.4102771Z ✔ capabilityIsUsable accepts a capability or a controller id and needs a real hit (0.3469ms)
gateway-web	Run node city/test-all.mjs	2026-10-04T10:26:45.4103637Z ✔ a healthy snapshot is healthy, and it echoes the donor fields (0.6703ms)
gateway-web	Run node city/test-all.mjs	2026-10-04T10:26:45.4104420Z ✔ the default snapshot is healthy but empty, with the donor defaults (0.1706ms)
gateway-web	Run node city/test-all.mjs	2026-10-04T10:26:45.4105242Z ✔ an explicitly degraded probe is degraded while staying available (0.2595ms)
gateway-web	Run node city/test-all.mjs	2026-10-04T10:26:45.4106123Z ✔ an unavailable controller is degraded, unusable and takes the runtime to degraded (0.3154ms)
gateway-web	Run node city/test-all.mjs	2026-10-04T10:26:45.4107176Z ✔ a null controller entry is unavailable, and `available` is only false when it is literally false (0.3063ms)
gateway-web	Run node city/test-all.mjs	2026-10-04T10:26:45.4108120Z ✔ a dead channel the contract does not need still degrades the runtime (0.2622ms)
gateway-web	Run node city/test-all.mjs	2026-10-04T10:26:45.4108974Z ✔ BLOCK_REASONS.WORKSPACE_UNAVAILABLE is derived from the workspace guard (0.7623ms)
gateway-web	Run node city/test-all.mjs	2026-10-04T10:26:45.4110029Z ✔ BLOCK_REASONS.ALL_CAPABILITIES_UNAVAILABLE is derived only when every allowed capability is gone (1.0734ms)
gateway-web	Run node city/test-all.mjs	2026-10-04T10:26:45.4111154Z ✔ BLOCK_REASONS.RESOURCE_CEILING is derived from the evidence snapshot and the process capacity (0.3486ms)
gateway-web	Run node city/test-all.mjs	2026-10-04T10:26:45.4112556Z ✔ BLOCK_REASONS.SAFETY_UNAVAILABLE and STATE_INTEGRITY_UNCERTAIN are derived from their flags (0.2483ms)
gateway-web	Run node city/test-all.mjs	2026-10-04T10:26:45.4113598Z ✔ every block reason can appear at once, in the donor order, and blocked outranks degraded (0.2706ms)
gateway-web	Run node city/test-all.mjs	2026-10-04T10:26:45.4114531Z ✔ status is blocked, then degraded, then healthy — in that order of precedence (0.1926ms)
gateway-web	Run node city/test-all.mjs	2026-10-04T10:26:45.4115487Z ✔ capabilityVerdict answers the four donor cases, including the unclaimed capability (0.401ms)
gateway-web	Run node city/test-all.mjs	2026-10-04T10:26:45.4116451Z ✔ capabilityVerdict judges the degraded flag on every controller the table names (0.1714ms)
gateway-web	Run node city/test-all.mjs	2026-10-04T10:26:45.4117388Z ✔ a snapshot built by buildHealthSnapshot feeds capabilityVerdict unchanged (0.1451ms)
gateway-web	Run node city/test-all.mjs	2026-10-04T10:26:45.4118445Z ✔ stabilization re-exports the target-guard room's own revalidate (1.0834ms)
gateway-web	Run node city/test-all.mjs	2026-10-04T10:26:45.4119158Z ✔ the barrel re-exports that same revalidate binding (0.2438ms)
gateway-web	Run node city/test-all.mjs	2026-10-04T10:26:45.4119872Z ✔ recovery uses the routing-safety room's own channel plan table (1.3832ms)
gateway-web	Run node city/test-all.mjs	2026-10-04T10:26:45.4120803Z ✔ the routing-safety room's fallbackChannels is the function that answers (0.3391ms)
gateway-web	Run node city/test-all.mjs	2026-10-04T10:26:45.4121671Z ✔ the sibling-owned bindings are the donor's algorithms, not lookalikes (1.6227ms)
gateway-web	Run node city/test-all.mjs	2026-10-04T10:26:45.4122448Z ✔ every donor export is re-exported, and each one is defined (1.1841ms)
gateway-web	Run node city/test-all.mjs	2026-10-04T10:26:45.4123193Z ✔ the re-exported names are the same bindings the modules define (1.4579ms)
gateway-web	Run node city/test-all.mjs	2026-10-04T10:26:45.4123955Z ✔ MODULES exposes the seven modules plus the local contracts (1.0152ms)
gateway-web	Run node city/test-all.mjs	2026-10-04T10:26:45.4124728Z ✔ the four closed vocabularies are the donor values, through the barrel (0.3268ms)
gateway-web	Run node city/test-all.mjs	2026-10-04T10:26:45.4125659Z ✔ one deterministic step clock is shared by every module that needed a default (0.4896ms)
gateway-web	Run node city/test-all.mjs	2026-10-04T10:26:45.4126560Z ✔ the ported modules read the local contracts rather than a sibling import (0.6377ms)
gateway-web	Run node city/test-all.mjs	2026-10-04T10:26:45.4127315Z ✔ the outcome vocabulary and the donor default budget (2.4656ms)
gateway-web	Run node city/test-all.mjs	2026-10-04T10:26:45.4128005Z ✔ no reattach function is exhausted with zero attempts (0.3722ms)
gateway-web	Run node city/test-all.mjs	2026-10-04T10:26:45.4128671Z ✔ one attempt below the bound connects on the first try (0.5155ms)
gateway-web	Run node city/test-all.mjs	2026-10-04T10:26:45.4129511Z ✔ the budget is spent per channel and per step: at, just below and just above the bound (0.7657ms)
gateway-web	Run node city/test-all.mjs	2026-10-04T10:26:45.4130472Z ✔ a channel that never comes back is exhausted after exactly maxAttempts attempts (1.2495ms)
gateway-web	Run node city/test-all.mjs	2026-10-04T10:26:45.4131302Z ✔ the backoff is bounded, and a one-attempt budget never spends it (0.6272ms)
gateway-web	Run node city/test-all.mjs	2026-10-04T10:26:45.4132460Z ✔ a reattach that throws is a failed attempt, and the message is carried (0.3646ms)
gateway-web	Run node city/test-all.mjs	2026-10-04T10:26:45.4133305Z ✔ an undefined reattach result counts as attached, a bare false does not (0.3118ms)
gateway-web	Run node city/test-all.mjs	2026-10-04T10:26:45.4134061Z ✔ a fresh step resets the budget but not the event log (0.3355ms)
gateway-web	Run node city/test-all.mjs	2026-10-04T10:26:45.4135078Z ✔ the event log is bounded at 100 entries (1.8461ms)
gateway-web	Run node city/test-all.mjs	2026-10-04T10:26:45.4135672Z ✔ the transport codes are exactly the donor four (0.2252ms)
gateway-web	Run node city/test-all.mjs	2026-10-04T10:26:45.4136881Z ✔ isTransportFailure classifies the donor codes, the raw transport messages and nothing else (0.4089ms)
gateway-web	Run node city/test-all.mjs	2026-10-04T10:26:45.4137838Z ✔ channelOfError prefers the error-named channel and never guesses (0.2084ms)
gateway-web	Run node city/test-all.mjs	2026-10-04T10:26:45.4138732Z ✔ channelHintFor reads the last route, then the capability map, and never guesses (0.2499ms)
gateway-web	Run node city/test-all.mjs	2026-10-04T10:26:45.4139546Z ✔ exhaustedError is the donor RECONNECT_EXHAUSTED failure (0.3123ms)
gateway-web	Run node city/test-all.mjs	2026-10-04T10:26:45.4140202Z ✔ the policy exposes the donor RECONNECT vocabulary (0.1036ms)
gateway-web	Run node city/test-all.mjs	2026-10-04T10:26:45.4140816Z ✔ channel recovery needs a reconnect policy (0.7069ms)
gateway-web	Run node city/test-all.mjs	2026-10-04T10:26:45.4141631Z ✔ recover reattaches through the controller, then proves it with a fresh observation (1.3793ms)
gateway-web	Run node city/test-all.mjs	2026-10-04T10:26:45.4142631Z ✔ recover fails when no controller implements the channel (0.2767ms)
gateway-web	Run node city/test-all.mjs	2026-10-04T10:26:45.4143417Z ✔ a controller that still reports unavailable spends the whole budget (0.2394ms)
gateway-web	Run node city/test-all.mjs	2026-10-04T10:26:45.4144161Z ✔ a probe with no reason falls back to the donor sentence (0.1953ms)
gateway-web	Run node city/test-all.mjs	2026-10-04T10:26:45.4144906Z ✔ a reattached channel with an unobservable state is context_invalid (0.4783ms)
gateway-web	Run node city/test-all.mjs	2026-10-04T10:26:45.4145723Z ✔ a contract that is no longer valid after the reconnect is exhausted (1.4825ms)
gateway-web	Run node city/test-all.mjs	2026-10-04T10:26:45.4146497Z ✔ recover without an observer or a validity check still reconnects (0.2003ms)
gateway-web	Run node city/test-all.mjs	2026-10-04T10:26:45.4147245Z ✔ recover defaults a missing channel name to "unknown" (0.1925ms)
gateway-web	Run node city/test-all.mjs	2026-10-04T10:26:45.4148013Z ✔ a controller with no probe or facts is reattached on the host's word (0.1452ms)
gateway-web	Run node city/test-all.mjs	2026-10-04T10:26:45.4148741Z ✔ channel recovery exposes the donor attribution helpers (0.0733ms)
gateway-web	Run node city/test-all.mjs	2026-10-04T10:26:45.4149410Z ✔ the default clock and delay are deterministic (0.1206ms)
gateway-web	Run node city/test-all.mjs	2026-10-04T10:26:45.4150095Z ✔ the documented rungs are the donor seven, in order (3.5032ms)
gateway-web	Run node city/test-all.mjs	2026-10-04T10:26:45.4150978Z ✔ the verdict vocabulary is the donor five and VERDICT_BY_STEP has exactly the donor four keys (0.5853ms)
gateway-web	Run node city/test-all.mjs	2026-10-04T10:26:45.4152260Z ✔ USER_ACTION_CODES is the donor nine, in the donor order (0.2207ms)
gateway-web	Run node city/test-all.mjs	2026-10-04T10:26:45.4153047Z ✔ every USER_ACTION_CODE is checked before the retry rung and is terminal (1.0002ms)
gateway-web	Run node city/test-all.mjs	2026-10-04T10:26:45.4153844Z ✔ rung 0 wins over the retry rung even when a retry would be allowed (0.315ms)
gateway-web	Run node city/test-all.mjs	2026-10-04T10:26:45.4154614Z ✔ a non-retryable failure fails without spending the ladder (0.2711ms)
gateway-web	Run node city/test-all.mjs	2026-10-04T10:26:45.4155369Z ✔ the explicit retryable override is honoured in both directions (0.4653ms)
gateway-web	Run node city/test-all.mjs	2026-10-04T10:26:45.4156261Z ✔ an absent error is retryable, and an error with no code fails by its code-less message (0.2203ms)
gateway-web	Run node city/test-all.mjs	2026-10-04T10:26:45.4157266Z ✔ the attempt counts down against the action retry policy, not the controller default (1.1693ms)
gateway-web	Run node city/test-all.mjs	2026-10-04T10:26:45.4158166Z ✔ the retry rung escalates the visual level only after the first attempt (1.3441ms)
gateway-web	Run node city/test-all.mjs	2026-10-04T10:26:45.4159015Z ✔ nextVisualLevel climbs one rung and stops at the injected ceiling (0.4476ms)
gateway-web	Run node city/test-all.mjs	2026-10-04T10:26:45.4159809Z ✔ the cooldown signals are the donor mapping, de-duplicated (0.5597ms)
gateway-web	Run node city/test-all.mjs	2026-10-04T10:26:45.4160624Z ✔ the alternative rung converts the same intent to the cheapest untried channel (0.3388ms)
gateway-web	Run node city/test-all.mjs	2026-10-04T10:26:45.4161501Z ✔ the alternative rung is skipped when the action forbids an alternative (0.1709ms)
gateway-web	Run node city/test-all.mjs	2026-10-04T10:26:45.4162404Z ✔ the alternative rung is skipped when the retry policy is absent (donor condition) (0.204ms)
gateway-web	Run node city/test-all.mjs	2026-10-04T10:26:45.4163217Z ✔ the replan rung reports, and runs out at maxStallRecoveries (1.1443ms)
gateway-web	Run node city/test-all.mjs	2026-10-04T10:26:45.4164037Z ✔ an action that cannot be converted names the action type on the replan rung (0.259ms)
gateway-web	Run node city/test-all.mjs	2026-10-04T10:26:45.4164853Z ✔ a CLICK with no target still converts, because vision click pixels (0.2093ms)
gateway-web	Run node city/test-all.mjs	2026-10-04T10:26:45.4165793Z ✔ the round budget is checked before every other rung and defaults to attemptsAllowed + 2 (0.2125ms)
gateway-web	Run node city/test-all.mjs	2026-10-04T10:26:45.4166630Z ✔ decisions() returns every decision in order, as a copy (0.2081ms)
gateway-web	Run node city/test-all.mjs	2026-10-04T10:26:45.4167238Z ✔ the controller reports its own bounds (0.1753ms)
gateway-web	Run node city/test-all.mjs	2026-10-04T10:26:45.4168062Z ✔ stallStep walks the donor ladder one rung at a time and ends terminal at fail_with_context (0.3775ms)
gateway-web	Run node city/test-all.mjs	2026-10-04T10:26:45.4168947Z ✔ stallStep clamps an out-of-range index to the ends of the ladder (0.1664ms)
gateway-web	Run node city/test-all.mjs	2026-10-04T10:26:45.4169685Z ✔ a fractional stall index throws the donor TypeError (0.6305ms)
gateway-web	Run node city/test-all.mjs	2026-10-04T10:26:45.4170307Z ✔ mapType is the donor intent × channel table (0.1239ms)
gateway-web	Run node city/test-all.mjs	2026-10-04T10:26:45.4171077Z ✔ alternativeAction is null for a null action and picks the intent per action type (0.3275ms)
gateway-web	Run node city/test-all.mjs	2026-10-04T10:26:45.4172341Z ✔ alternativeAction never offers dom or accessibility for a visual target (0.2531ms)
gateway-web	Run node city/test-all.mjs	2026-10-04T10:26:45.4173437Z ✔ alternativeAction respects the contract capabilities and the used channel (0.2296ms)
gateway-web	Run node city/test-all.mjs	2026-10-04T10:26:45.4174417Z ✔ alternativeAction prefers the cheapest remaining channel and builds the gui point (0.1888ms)
gateway-web	Run node city/test-all.mjs	2026-10-04T10:26:45.4175433Z ✔ alternativeController reads the channel from either shape and answers null otherwise (0.1416ms)
gateway-web	Run node city/test-all.mjs	2026-10-04T10:26:45.4176465Z ✔ exhaustedError is the donor PLAN_EXHAUSTED failure carrying the decision context (0.6179ms)
gateway-web	Run node city/test-all.mjs	2026-10-04T10:26:45.4177422Z ✔ a decision is stamped with the injected clock, and the default clock is a step clock (0.1911ms)
gateway-web	Run node city/test-all.mjs	2026-10-04T10:26:45.4178275Z ✔ the donor constants are 60s TTL and the five small ceilings (2.2547ms)
gateway-web	Run node city/test-all.mjs	2026-10-04T10:26:45.4179073Z ✔ classifyRetention answers every donor verdict from the reason text (0.4897ms)
gateway-web	Run node city/test-all.mjs	2026-10-04T10:26:45.4179894Z ✔ classifyRetention answers its undocumented cases as the donor does (0.3334ms)
gateway-web	Run node city/test-all.mjs	2026-10-04T10:26:45.4180732Z ✔ classifyRetention answers its `undefined` case: no argument at all (0.2823ms)
gateway-web	Run node city/test-all.mjs	2026-10-04T10:26:45.4181557Z ✔ registerScreenshot answers the donor `keep`, which is always true (0.6444ms)
gateway-web	Run node city/test-all.mjs	2026-10-04T10:26:45.4182488Z ✔ classifyRetention stays a method on the budget, with the module function identity (0.1714ms)
gateway-web	Run node city/test-all.mjs	2026-10-04T10:26:45.4183602Z ✔ an expired transient is dropped on the next enforcement, and a live one is not (0.3575ms)
gateway-web	Run node city/test-all.mjs	2026-10-04T10:26:45.4184397Z ✔ a kept failure capture is never expired by the TTL (0.2383ms)
gateway-web	Run node city/test-all.mjs	2026-10-04T10:26:45.4185190Z ✔ the count ceiling evicts a transient before the oldest retained evidence (0.508ms)
gateway-web	Run node city/test-all.mjs	2026-10-04T10:26:45.4186571Z ✔ the byte ceiling evicts the oldest first, even when both entries are retained (0.4236ms)
gateway-web	Run node city/test-all.mjs	2026-10-04T10:26:45.4187840Z ✔ the count eviction leaves the donor mark on the entry it tagged and dropped (1.2931ms)
gateway-web	Run node city/test-all.mjs	2026-10-04T10:26:45.4192484Z ✔ the byte ceiling does not guard on the donor mark, but never re-drops the same entry (0.2699ms)
gateway-web	Run node city/test-all.mjs	2026-10-04T10:26:45.4193442Z ✔ pressure is kept as the last five eviction events (0.3831ms)
gateway-web	Run node city/test-all.mjs	2026-10-04T10:26:45.4194313Z ✔ atCeiling needs a drop and then real pressure, exactly as the donor defines it (0.4481ms)
gateway-web	Run node city/test-all.mjs	2026-10-04T10:26:45.4195245Z ✔ the ring buffer keeps the newest `capacity` items and reports its capacity (0.4603ms)
gateway-web	Run node city/test-all.mjs	2026-10-04T10:26:45.4196158Z ✔ the injected limits override every default, and the snapshot echoes them (0.2889ms)
gateway-web	Run node city/test-all.mjs	2026-10-04T10:26:45.4197118Z ✔ the default clock is a deterministic step clock, so a TTL cannot expire by surprise (0.2152ms)
gateway-web	Run node city/test-all.mjs	2026-10-04T10:26:45.4198083Z ✔ a capture with no bytes and no reason is still recorded with the donor defaults (0.2541ms)
gateway-web	Run node city/test-all.mjs	2026-10-04T10:26:45.4198814Z ✔ the donor vocabulary is eight signals, in order (2.9039ms)
gateway-web	Run node city/test-all.mjs	2026-10-04T10:26:45.4199512Z ✔ the donor aliases map every hyphenated name, including "animation" (0.2861ms)
gateway-web	Run node city/test-all.mjs	2026-10-04T10:26:45.4200384Z ✔ normalizeSignals starts from every signal false and accumulates unknown names (0.4107ms)
gateway-web	Run node city/test-all.mjs	2026-10-04T10:26:45.4201318Z ✔ normalizeSignals accepts the hyphenated array recovery emits, canonical names and unknowns (0.2905ms)
gateway-web	Run node city/test-all.mjs	2026-10-04T10:26:45.4202312Z ✔ normalizeSignals accepts an object, including a mixed one, and only reports truthy unknowns (0.2338ms)
gateway-web	Run node city/test-all.mjs	2026-10-04T10:26:45.4203182Z ✔ the dynamic cooldown starts at the base and adds one step per active signal (0.4897ms)
gateway-web	Run node city/test-all.mjs	2026-10-04T10:26:45.4204123Z ✔ the dynamic cooldown climbs in the donor signal order and stops at the soft ceiling (0.2843ms)
gateway-web	Run node city/test-all.mjs	2026-10-04T10:26:45.4205007Z ✔ a pending navigation jumps the cooldown to the navigation budget (0.3262ms)
gateway-web	Run node city/test-all.mjs	2026-10-04T10:26:45.4205881Z ✔ the escalate flag uses the hard ceiling, and the injected limits are honoured (0.3801ms)
gateway-web	Run node city/test-all.mjs	2026-10-04T10:26:45.4206788Z ✔ signalInputs turns a signal set into the cooldown input, carrying the reasons (0.3982ms)
gateway-web	Run node city/test-all.mjs	2026-10-04T10:26:45.4207530Z ✔ stabilitySignals reports the donor reasons, and only them (0.6174ms)
gateway-web	Run node city/test-all.mjs	2026-10-04T10:26:45.4208262Z ✔ detectSignals expands the same reasons into the named vocabulary (0.3653ms)
gateway-web	Run node city/test-all.mjs	2026-10-04T10:26:45.4209607Z ✔ postActionSignals reads only the receipt and the two observations (0.3779ms)
gateway-web	Run node city/test-all.mjs	2026-10-04T10:26:45.4210427Z ✔ settle returns stable on the first observation when nothing is moving (0.7599ms)
gateway-web	Run node city/test-all.mjs	2026-10-04T10:26:45.4211117Z ✔ settle spends the bounded minimum before the first observation (0.2353ms)
gateway-web	Run node city/test-all.mjs	2026-10-04T10:26:45.4211802Z ✔ settle clamps a minimum above the ceiling to the ceiling (0.2477ms)
gateway-web	Run node city/test-all.mjs	2026-10-04T10:26:45.4212560Z ✔ settle answers reobserve for a stale target and for one that vanished (0.3641ms)
gateway-web	Run node city/test-all.mjs	2026-10-04T10:26:45.4213504Z ✔ settle reports the donor `updated` verdict when the refreshed coordinate is the only change (0.4188ms)
gateway-web	Run node city/test-all.mjs	2026-10-04T10:26:45.4214423Z ✔ settle answers wait_state when the ceiling is reached while the UI keeps changing (0.2424ms)
gateway-web	Run node city/test-all.mjs	2026-10-04T10:26:45.4215247Z ✔ settle merges the caller-carried signals into every cooldown it spends (0.1851ms)
gateway-web	Run node city/test-all.mjs	2026-10-04T10:26:45.4215959Z ✔ waitFor polls until the condition holds and reports what it saw (0.197ms)
gateway-web	Run node city/test-all.mjs	2026-10-04T10:26:45.4216680Z ✔ waitFor times out at its ceiling and is bounded, not unbounded (0.1078ms)
gateway-web	Run node city/test-all.mjs	2026-10-04T10:26:45.4217429Z ✔ grace is bounded by the grace ceiling and reflects the action budget (0.1928ms)
gateway-web	Run node city/test-all.mjs	2026-10-04T10:26:45.4218225Z ✔ afterAction returns quiet once the minimum is spent and nothing is pending (0.335ms)
gateway-web	Run node city/test-all.mjs	2026-10-04T10:26:45.4219091Z ✔ afterAction ends the moment the effect is observable (0.1773ms)
gateway-web	Run node city/test-all.mjs	2026-10-04T10:26:45.4219804Z ✔ afterAction is bounded by the grace ceiling when the world never settles (0.2113ms)
gateway-web	Run node city/test-all.mjs	2026-10-04T10:26:45.4220585Z ✔ afterAction ignores a landed check that throws, as the donor does (0.272ms)
gateway-web	Run node city/test-all.mjs	2026-10-04T10:26:45.4221289Z ✔ the trace holds the most recent notes and is bounded (0.2573ms)
gateway-web	Run node city/test-all.mjs	2026-10-04T10:26:45.4221992Z ✔ the stabilizer exposes the donor limits, thresholds and vocabulary (0.1382ms)
gateway-web	Run node city/test-all.mjs	2026-10-04T10:26:45.4222733Z ✔ the default clock is deterministic and never reads a wall clock (0.3176ms)
gateway-web	Run node city/test-all.mjs	2026-10-04T10:26:45.4223447Z ✔ the injected thresholds drive the settle verdicts (0.347ms)
gateway-web	Run node city/test-all.mjs	2026-10-04T10:26:45.4224246Z ✔ the donor ladder is eight rungs, in order, each with its exact description (2.1734ms)
gateway-web	Run node city/test-all.mjs	2026-10-04T10:26:45.4225089Z ✔ the donor thresholds are 3 consecutive actions and 2 recoveries (0.2218ms)
gateway-web	Run node city/test-all.mjs	2026-10-04T10:26:45.4226020Z ✔ the stall fires exactly at the third consecutive action without progress, not before (0.476ms)
gateway-web	Run node city/test-all.mjs	2026-10-04T10:26:45.4226817Z ✔ a meaningful change resets the streak and clears stalledSince (0.2537ms)
gateway-web	Run node city/test-all.mjs	2026-10-04T10:26:45.4227550Z ✔ an explicit meaningful flag overrides changed, in both directions (0.3363ms)
gateway-web	Run node city/test-all.mjs	2026-10-04T10:26:45.4228485Z ✔ a changed signature is progress even with no meaningful change, but only once a signature is known (0.1808ms)
gateway-web	Run node city/test-all.mjs	2026-10-04T10:26:45.4229628Z ✔ the record shape is the donor shape, with its own defaults (0.229ms)
gateway-web	Run node city/test-all.mjs	2026-10-04T10:26:45.4230388Z ✔ the detector accepts injected thresholds and thresholds them exactly (0.2407ms)
gateway-web	Run node city/test-all.mjs	2026-10-04T10:26:45.4231468Z ✔ every recovery is counted and the ladder ends at maxRecoveries (0.555ms)
gateway-web	Run node city/test-all.mjs	2026-10-04T10:26:45.4232293Z ✔ reset clears the streak and the signature but keeps the recovery count (0.3654ms)
gateway-web	Run node city/test-all.mjs	2026-10-04T10:26:45.4233081Z ✔ history is a bounded copy: 250 records keep the newest 200 (1.2047ms)
gateway-web	Run node city/test-all.mjs	2026-10-04T10:26:45.4233712Z ✔ the default clock is deterministic: no wall clock is read (0.2282ms)
gateway-web	Run node city/test-all.mjs	2026-10-04T10:26:45.4234365Z ✔ the donor machine is fifteen states and two terminal states (1.9549ms)
gateway-web	Run node city/test-all.mjs	2026-10-04T10:26:45.4235092Z ✔ the transition table is the donor table, edge for edge and in order (0.4887ms)
gateway-web	Run node city/test-all.mjs	2026-10-04T10:26:45.4235863Z ✔ every ordered state pair is exactly as legal as CU_TRANSITIONS says (4.823ms)
gateway-web	Run node city/test-all.mjs	2026-10-04T10:26:45.4236645Z ✔ an unknown state is STATE_INVALID from canTransition, transition and force (0.2608ms)
gateway-web	Run node city/test-all.mjs	2026-10-04T10:26:45.4237358Z ✔ an unknown initial state is STATE_INVALID and names the state (0.2285ms)
gateway-web	Run node city/test-all.mjs	2026-10-04T10:26:45.4238083Z ✔ force bypasses the edge table but is labelled forced in the history (0.2205ms)
gateway-web	Run node city/test-all.mjs	2026-10-04T10:26:45.4239788Z ✔ isTerminal is true only for COMPLETED and FAILED (0.1989ms)
gateway-web	Run node city/test-all.mjs	2026-10-04T10:26:45.4240584Z ✔ the reason carried into a transition is the previous meta reason when meta omits one (0.2682ms)
gateway-web	Run node city/test-all.mjs	2026-10-04T10:26:45.4241400Z ✔ a transition listener sees the edge and can never break the run (0.3656ms)
gateway-web	Run node city/test-all.mjs	2026-10-04T10:26:45.4242068Z ✔ path, previous, reset and the history copy (0.3782ms)
gateway-web	Run node city/test-all.mjs	2026-10-04T10:26:45.4242583Z ✔ a custom initial state starts the path there (0.1975ms)
gateway-web	Run node city/test-all.mjs	2026-10-04T10:26:45.4243108Z ✔ the default clock is a deterministic step clock (0.1203ms)
gateway-web	Run node city/test-all.mjs	2026-10-04T10:26:45.4243909Z ✔ the action type set, expected-effect and parameter vocabularies are exactly the donor lists (2.9708ms)
gateway-web	Run node city/test-all.mjs	2026-10-04T10:26:45.4244845Z ✔ a bare action type and the documented envelope both normalize to one action object (1.2578ms)
gateway-web	Run node city/test-all.mjs	2026-10-04T10:26:45.4245747Z ✔ unsupported and non-object actions fail with the donor ACTION_INVALID shape (1.4067ms)
gateway-web	Run node city/test-all.mjs	2026-10-04T10:26:45.4246798Z ✔ parameters are collected in donor order, with keys/args coercion and the raw timeout kept alongside the resolved one (0.625ms)
gateway-web	Run node city/test-all.mjs	2026-10-04T10:26:45.4247686Z ✔ preconditions default to the donor tri-state (0.2016ms)
gateway-web	Run node city/test-all.mjs	2026-10-04T10:26:45.4248423Z ✔ stabilization is clamped into the donor band and rejects an inverted window (0.351ms)
gateway-web	Run node city/test-all.mjs	2026-10-04T10:26:45.4249824Z ✔ expected effects normalize into one closed shape and reject unknown keys (0.7544ms)
gateway-web	Run node city/test-all.mjs	2026-10-04T10:26:45.4250716Z ✔ retry budgets clamp to the donor 0..5 attempt window without rounding (0.1741ms)
gateway-web	Run node city/test-all.mjs	2026-10-04T10:26:45.4251567Z ✔ destructive is normalized into the donor kind list, defaulting to DELETE (0.5107ms)
gateway-web	Run node city/test-all.mjs	2026-10-04T10:26:45.4252403Z ✔ validation rejects an action that is missing the thing it must act on (0.7944ms)
gateway-web	Run node city/test-all.mjs	2026-10-04T10:26:45.4253508Z ✔ the donor `any` fallback to the resolved target lets a DOM_TYPE through without text (preserved donor defect) (0.2656ms)
gateway-web	Run node city/test-all.mjs	2026-10-04T10:26:45.4254475Z ✔ requiresTarget is the donor action list plus any resolved target (0.5928ms)
gateway-web	Run node city/test-all.mjs	2026-10-04T10:26:45.4255429Z ✔ describeAction is log-safe: targets labelled, secrets redacted, long payloads truncated (0.7591ms)
gateway-web	Run node city/test-all.mjs	2026-10-04T10:26:45.4256538Z ✔ destructiveKinds derives DELETE/FORMAT/INSTALL/PUBLISH from structured and shell actions (0.9352ms)
gateway-web	Run node city/test-all.mjs	2026-10-04T10:26:45.4257593Z ✔ the target ladder vocabulary is the donor list, cheapest and most stable first (0.1738ms)
gateway-web	Run node city/test-all.mjs	2026-10-04T10:26:45.4258527Z ✔ normalizeTarget accepts the donor shapes and records kinds, rank and primaryKind (1.0503ms)
gateway-web	Run node city/test-all.mjs	2026-10-04T10:26:45.4259469Z ✔ the donor reads a bare lowercase word as a CSS selector (preserved donor defect) (0.2579ms)
gateway-web	Run node city/test-all.mjs	2026-10-04T10:26:45.4260332Z ✔ normalizeTarget rejects malformed targets with the donor TARGET_INVALID messages (0.5754ms)
gateway-web	Run node city/test-all.mjs	2026-10-04T10:26:45.4261138Z ✔ describeTarget labels the target the way the execution log reads it (0.1897ms)
gateway-web	Run node city/test-all.mjs	2026-10-04T10:26:45.4261896Z ✔ a minimal contract is the donor default document, field for field (3.7221ms)
gateway-web	Run node city/test-all.mjs	2026-10-04T10:26:45.4262559Z ✔ a contract must be an object and must carry a goal (0.7299ms)
gateway-web	Run node city/test-all.mjs	2026-10-04T10:26:45.4263241Z ✔ capabilities are a closed vocabulary: deduplicated, never guessed (0.5622ms)
gateway-web	Run node city/test-all.mjs	2026-10-04T10:26:45.4264101Z ✔ the destructive mode is a closed vocabulary that fails loud instead of defaulting open (0.4271ms)
gateway-web	Run node city/test-all.mjs	2026-10-04T10:26:45.4265182Z ✔ safety posture keeps the donor defaults and normalizes forbidden targets through the target model (1.0028ms)
gateway-web	Run node city/test-all.mjs	2026-10-04T10:26:45.4266321Z ✔ limits are clamped to the donor windows and fall back to the effective options (0.3832ms)
gateway-web	Run node city/test-all.mjs	2026-10-04T10:26:45.4267238Z ✔ vision retention is a closed vocabulary and screenshot ceilings keep the donor defaults (0.4503ms)
gateway-web	Run node city/test-all.mjs	2026-10-04T10:26:45.4268025Z ✔ autonomy is opt-in and the workspace never invents a cwd (0.4188ms)
gateway-web	Run node city/test-all.mjs	2026-10-04T10:26:45.4268833Z ✔ success criteria are normalized up front, so a bad criterion fails at contract time (0.6448ms)
gateway-web	Run node city/test-all.mjs	2026-10-04T10:26:45.4270177Z ✔ plan steps are normalized into donor envelopes and invalid actions are wrapped as PLAN_INVALID (1.864ms)
gateway-web	Run node city/test-all.mjs	2026-10-04T10:26:45.4271561Z ✔ the donor plan step keeps the contract retry limit out of its actions (preserved donor defect) (0.2672ms)
gateway-web	Run node city/test-all.mjs	2026-10-04T10:26:45.4272528Z ✔ capability assertion fails closed with the donor codes and messages (0.4702ms)
gateway-web	Run node city/test-all.mjs	2026-10-04T10:26:45.4273375Z ✔ declared destructive kinds are filtered against the closed donor families (0.2784ms)
gateway-web	Run node city/test-all.mjs	2026-10-04T10:26:45.4274180Z ✔ describeContract is a log-safe summary, never the plan payload (0.3273ms)
gateway-web	Run node city/test-all.mjs	2026-10-04T10:26:45.4274995Z ✔ the resolved config block is an explicit parameter, replacing the donor file read (0.3044ms)
gateway-web	Run node city/test-all.mjs	2026-10-04T10:26:45.4275832Z ✔ the action surface is the donor closed list, in donor order (1.6241ms)
gateway-web	Run node city/test-all.mjs	2026-10-04T10:26:45.4276633Z ✔ capability routing covers every action and uses the donor capability names (0.1342ms)
gateway-web	Run node city/test-all.mjs	2026-10-04T10:26:45.4277459Z ✔ the route ladder is cheapest-first and the controller map is the donor map (0.2084ms)
gateway-web	Run node city/test-all.mjs	2026-10-04T10:26:45.4278309Z ✔ the state machine, its transitions and its terminal states are the donor lists (0.3093ms)
gateway-web	Run node city/test-all.mjs	2026-10-04T10:26:45.4279233Z ✔ verification kinds, verdicts and screenshot levels are the donor values (0.261ms)
gateway-web	Run node city/test-all.mjs	2026-10-04T10:26:45.4280269Z ✔ capabilities, destructive kinds/modes, retention, step results and run status are the donor lists (0.1851ms)
gateway-web	Run node city/test-all.mjs	2026-10-04T10:26:45.4281580Z ✔ timing, movement, stall, retry and contract defaults keep the donor thresholds (0.249ms)
gateway-web	Run node city/test-all.mjs	2026-10-04T10:26:45.4284354Z ✔ resolveComputerUseOptions with no config block is exactly the donor default resolution (0.5469ms)
gateway-web	Run node city/test-all.mjs	2026-10-04T10:26:45.4285843Z ✔ the config block is the middle layer: defaults, then block, then overrides (0.3651ms)
gateway-web	Run node city/test-all.mjs	2026-10-04T10:26:45.4287159Z ✔ positive limits accept integers only and otherwise keep the shipped default (0.53ms)
gateway-web	Run node city/test-all.mjs	2026-10-04T10:26:45.4288125Z ✔ an unknown destructive mode falls back to confirm instead of widening the gate (0.2837ms)
gateway-web	Run node city/test-all.mjs	2026-10-04T10:26:45.4289270Z ✔ capability lists are filtered without de-duplication, and a non-array keeps the shipped list by identity (1.2551ms)
gateway-web	Run node city/test-all.mjs	2026-10-04T10:26:45.4290192Z ✔ the filesystem escape hatches are strict booleans (0.187ms)
gateway-web	Run node city/test-all.mjs	2026-10-04T10:26:45.4291204Z ✔ timing values are rounded and clamped into the donor bands (0.3286ms)
gateway-web	Run node city/test-all.mjs	2026-10-04T10:26:45.4292083Z ✔ target movement is copied unsmoothed, and a null override reads as 0 (donor quirk) (0.2027ms)
gateway-web	Run node city/test-all.mjs	2026-10-04T10:26:45.4293034Z ✔ the stall threshold comes from the config block, never from a zero override (0.2116ms)
gateway-web	Run node city/test-all.mjs	2026-10-04T10:26:45.4293991Z ✔ a null config block still throws the donor TypeError (preserved donor defect) (1.0226ms)
gateway-web	Run node city/test-all.mjs	2026-10-04T10:26:45.4294913Z ✔ the criterion vocabulary is the donor closed list, in donor order (1.7055ms)
gateway-web	Run node city/test-all.mjs	2026-10-04T10:26:45.4295895Z ✔ a bare string is a custom criterion, normalized criteria carry kindAlias and a description (0.3947ms)
gateway-web	Run node city/test-all.mjs	2026-10-04T10:26:45.4297026Z ✔ the donor alias only applies to `type`, so `kind: "file"` survives unexpanded (preserved donor defect) (0.6382ms)
gateway-web	Run node city/test-all.mjs	2026-10-04T10:26:45.4297952Z ✔ an object criterion must be plain and must name a supported kind (0.5573ms)
gateway-web	Run node city/test-all.mjs	2026-10-04T10:26:45.4298821Z ✔ negation is coerced to a boolean and only stored when the author wrote it (0.2195ms)
gateway-web	Run node city/test-all.mjs	2026-10-04T10:26:45.4299578Z ✔ all/any nest their criteria and refuse an empty list (0.4563ms)
gateway-web	Run node city/test-all.mjs	2026-10-04T10:26:45.4300536Z ✔ the donor describes an `of`-shaped all/any before it expands it, so it crashes (preserved donor defect) (0.5622ms)
gateway-web	Run node city/test-all.mjs	2026-10-04T10:26:45.4301508Z ✔ normalizeCriteria accepts a list, a single entry, or nothing (0.2759ms)
gateway-web	Run node city/test-all.mjs	2026-10-04T10:26:45.4302245Z ✔ every criterion kind has the donor description string (0.5427ms)
gateway-web	Run node city/test-all.mjs	2026-10-04T10:26:45.4302952Z ✔ evaluation is per-kind and reads only the injected facts (3.0976ms)
gateway-web	Run node city/test-all.mjs	2026-10-04T10:26:45.4303795Z ✔ missing evidence is unknown, never true, and the result shape is the donor shape (0.3675ms)
gateway-web	Run node city/test-all.mjs	2026-10-04T10:26:45.4304686Z ✔ negate flips a known verdict and leaves an unknown verdict unknown (0.1746ms)
gateway-web	Run node city/test-all.mjs	2026-10-04T10:26:45.4305986Z ✔ all/any combine child verdicts with the donor three-valued rules (0.5065ms)
gateway-web	Run node city/test-all.mjs	2026-10-04T10:26:45.4307045Z ✔ a custom criterion consults the custom fact or the named check function (0.2207ms)
gateway-web	Run node city/test-all.mjs	2026-10-04T10:26:45.4307920Z ✔ no criteria means satisfied and skipped — the donor completion rule (0.25ms)
gateway-web	Run node city/test-all.mjs	2026-10-04T10:26:45.4308864Z ✔ evaluateCriteria reports per-criterion results and treats unknown as not satisfied (0.3503ms)
gateway-web	Run node city/test-all.mjs	2026-10-04T10:26:45.4309987Z ✔ an already-normalized array is used as-is, so a raw object keeps its raw kind (preserved donor defect) (0.1916ms)
gateway-web	Run node city/test-all.mjs	2026-10-04T10:26:45.4311902Z ✔ CODES holds every donor member, in donor order, with the donor values (2.9059ms)
gateway-web	Run node city/test-all.mjs	2026-10-04T10:26:45.4320742Z ✔ the two donor aliases stay aliases, not copies (0.1264ms)
gateway-web	Run node city/test-all.mjs	2026-10-04T10:26:45.4321149Z ✔ defaultRetryable is the donor table and nothing wider (0.2812ms)
gateway-web	Run node city/test-all.mjs	2026-10-04T10:26:45.4321854Z ✔ ComputerUseError carries code, message, details, retryability and fault boundary (0.4001ms)
gateway-web	Run node city/test-all.mjs	2026-10-04T10:26:45.4322338Z ✔ the message falls back to the code, and empty fault fields become null (0.1782ms)
gateway-web	Run node city/test-all.mjs	2026-10-04T10:26:45.4323244Z ✔ an explicit retryable detail wins over the default table, coerced to boolean (0.1718ms)
gateway-web	Run node city/test-all.mjs	2026-10-04T10:26:45.4323774Z ✔ toJSON is the log shape, with details redacted and no extra keys (0.3303ms)
gateway-web	Run node city/test-all.mjs	2026-10-04T10:26:45.4325860Z ✔ redaction matches the donor key pattern, recursively, and only on keys (0.3674ms)
gateway-web	Run node city/test-all.mjs	2026-10-04T10:26:45.4326911Z ✔ redaction turns any non-plain object into its enumerable entries (preserved donor defect) (0.3893ms)
gateway-web	Run node city/test-all.mjs	2026-10-04T10:26:45.4327673Z ✔ fail() is the donor constructor shorthand (0.3358ms)
gateway-web	Run node city/test-all.mjs	2026-10-04T10:26:45.4331704Z ✔ every module is pure ESM: no fs, network, clock, randomness, env, cwd or require (9.1575ms)
gateway-web	Run node city/test-all.mjs	2026-10-04T10:26:45.4332198Z ✔ every JSDoc header names its donor file and the frozen commit (3.4689ms)
gateway-web	Run node city/test-all.mjs	2026-10-04T10:26:45.4353244Z ✔ the barrel exposes exactly the donor-derived public surface (1.086ms)
gateway-web	Run node city/test-all.mjs	2026-10-04T10:26:45.4353815Z ✔ the DONOR.json record matches the manifest assignment exactly (4.5898ms)
gateway-web	Run node city/test-all.mjs	2026-10-04T10:26:45.4354419Z ✔ a contract built through the barrel composes with criteria evaluation and typed failures (3.7741ms)
gateway-web	Run node city/test-all.mjs	2026-10-04T10:26:45.4354940Z ✔ the options resolver is reachable from the barrel and honours an explicit block (0.2908ms)
gateway-web	Run node city/test-all.mjs	2026-10-04T10:26:45.4355380Z ✔ the grade and risk vocabularies and their orders are the donor ones (2.1411ms)
gateway-web	Run node city/test-all.mjs	2026-10-04T10:26:45.4355703Z ✔ the risk action sets are the donor lists, in order (0.232ms)
gateway-web	Run node city/test-all.mjs	2026-10-04T10:26:45.4356074Z ✔ no action may be in both the high-risk and the low-risk list (0.1779ms)
gateway-web	Run node city/test-all.mjs	2026-10-04T10:26:45.4356445Z ✔ classifyRisk with no action is standard with the donor reason (1.2338ms)
gateway-web	Run node city/test-all.mjs	2026-10-04T10:26:45.4356719Z ✔ classifyRisk grades a low-risk action low (0.8936ms)
gateway-web	Run node city/test-all.mjs	2026-10-04T10:26:45.4357005Z ✔ classifyRisk grades a named side effect high (0.2399ms)
gateway-web	Run node city/test-all.mjs	2026-10-04T10:26:45.4357467Z ✔ classifyRisk grades an interactive desktop or browser action standard (0.2274ms)
gateway-web	Run node city/test-all.mjs	2026-10-04T10:26:45.4357842Z ✔ a declared destructive kind is critical whatever the type is (0.2462ms)
gateway-web	Run node city/test-all.mjs	2026-10-04T10:26:45.4358444Z ✔ a destructive array is filtered to the donor vocabulary, and an empty one does not raise the risk (0.282ms)
gateway-web	Run node city/test-all.mjs	2026-10-04T10:26:45.4358897Z ✔ destructive:true raises the risk on its own and records the donor reason (0.2886ms)
gateway-web	Run node city/test-all.mjs	2026-10-04T10:26:45.4359342Z ✔ a destructive description or target name raises the risk to critical (0.2113ms)
gateway-web	Run node city/test-all.mjs	2026-10-04T10:26:45.4359879Z ✔ the donor keyword table is scanned in order and every field of the target is searched (0.2938ms)
gateway-web	Run node city/test-all.mjs	2026-10-04T10:26:45.4360347Z ✔ the declared kinds and the keyword reason are recorded together, kinds last (0.14ms)
gateway-web	Run node city/test-all.mjs	2026-10-04T10:26:45.4360672Z ✔ a keyword boundary needs a non-letter on each side (0.1712ms)
gateway-web	Run node city/test-all.mjs	2026-10-04T10:26:45.4361164Z ✔ a modal dismissal is low risk even when its own text names a destructive effect (0.1467ms)
gateway-web	Run node city/test-all.mjs	2026-10-04T10:26:45.4361562Z ✔ gradeEvidence refuses to grade anything that did not succeed (0.2923ms)
gateway-web	Run node city/test-all.mjs	2026-10-04T10:26:45.4362225Z ✔ a controller-declared strength wins, and the strongest entry is taken (0.1534ms)
gateway-web	Run node city/test-all.mjs	2026-10-04T10:26:45.4362688Z ✔ a single unrecognised declared strength discards the whole declaration (0.0773ms)
gateway-web	Run node city/test-all.mjs	2026-10-04T10:26:45.4363145Z ✔ the specific verification kinds grade strong and carry the donor reason (0.1997ms)
gateway-web	Run node city/test-all.mjs	2026-10-04T10:26:45.4363577Z ✔ state, focus and visual observations grade medium (0.1706ms)
gateway-web	Run node city/test-all.mjs	2026-10-04T10:26:45.4363967Z ✔ a declared expected effect that held upgrades the observation (0.2018ms)
gateway-web	Run node city/test-all.mjs	2026-10-04T10:26:45.4364405Z ✔ the declared effect is read from the action when the input does not say (0.1714ms)
gateway-web	Run node city/test-all.mjs	2026-10-04T10:26:45.4364672Z ✔ a bare change detection grades weak (0.1342ms)
gateway-web	Run node city/test-all.mjs	2026-10-04T10:26:45.4365012Z ✔ an unknown or absent verification kind grades weak (0.1324ms)
gateway-web	Run node city/test-all.mjs	2026-10-04T10:26:45.4365645Z ✔ a strong kind outranks a declared strength because it is checked first only when no entry declares one (0.127ms)
gateway-web	Run node city/test-all.mjs	2026-10-04T10:26:45.4366132Z ✔ assess fails immediately when the verdict is not success, whatever the risk (0.2985ms)
gateway-web	Run node city/test-all.mjs	2026-10-04T10:26:45.4366483Z ✔ a low-risk action clears the bar with weak evidence (0.1498ms)
gateway-web	Run node city/test-all.mjs	2026-10-04T10:26:45.4366985Z ✔ a standard-risk action needs medium evidence: just below fails, just above passes (0.2313ms)
gateway-web	Run node city/test-all.mjs	2026-10-04T10:26:45.4367471Z ✔ a high-risk action needs strong evidence: just below fails, just above passes (0.2927ms)
gateway-web	Run node city/test-all.mjs	2026-10-04T10:26:45.4367964Z ✔ a critical action without a declared effect is refused even with strong evidence (0.152ms)
gateway-web	Run node city/test-all.mjs	2026-10-04T10:26:45.4368446Z ✔ a critical action clears the bar only with strong evidence and a declared effect (0.2816ms)
gateway-web	Run node city/test-all.mjs	2026-10-04T10:26:45.4369077Z ✔ the risk bar is not satisfied by a higher risk alone: the grade must reach it (0.2532ms)
gateway-web	Run node city/test-all.mjs	2026-10-04T10:26:45.4369632Z ✔ FILE_DELETE is high risk, not critical: it is not in the keyword table and declares no kinds (0.3599ms)
gateway-web	Run node city/test-all.mjs	2026-10-04T10:26:45.4370098Z ✔ a modal dismissal is the one critical-risk exemption from declaring an effect (0.1427ms)
gateway-web	Run node city/test-all.mjs	2026-10-04T10:26:45.4370639Z ✔ an explicit declaredEffect argument satisfies the critical declaration requirement (0.1556ms)
gateway-web	Run node city/test-all.mjs	2026-10-04T10:26:45.4371035Z ✔ assess concatenates the grade reasons before the risk reasons (0.1676ms)
gateway-web	Run node city/test-all.mjs	2026-10-04T10:26:45.4371570Z ✔ a critical-risk action is only reached through a declared kind, a true flag or a keyword (0.1776ms)
gateway-web	Run node city/test-all.mjs	2026-10-04T10:26:45.4372008Z ✔ classifyControl follows the donor table order for every label branch (3.9127ms)
gateway-web	Run node city/test-all.mjs	2026-10-04T10:26:45.4372463Z ✔ classifyControl trims its input, and non-string labels are stringified (0.9728ms)
gateway-web	Run node city/test-all.mjs	2026-10-04T10:26:45.4372896Z ✔ the destructive table wins over every later table for the same label (0.1811ms)
gateway-web	Run node city/test-all.mjs	2026-10-04T10:26:45.4373260Z ✔ the donor reasons for one label of each class are exact (0.3813ms)
gateway-web	Run node city/test-all.mjs	2026-10-04T10:26:45.4373590Z ✔ the label tables are the donor tables, entry by entry (0.442ms)
gateway-web	Run node city/test-all.mjs	2026-10-04T10:26:45.4374034Z ✔ classifyModal classifies every control and counts the classes (1.2216ms)
gateway-web	Run node city/test-all.mjs	2026-10-04T10:26:45.4374539Z ✔ classifyModal falls back to name/text for the label and null for absent fields (0.2619ms)
gateway-web	Run node city/test-all.mjs	2026-10-04T10:26:45.4375080Z ✔ a destructive message is recognised from message or text, first table entry first (0.2204ms)
gateway-web	Run node city/test-all.mjs	2026-10-04T10:26:45.4375491Z ✔ a dialog with no controls asks the user and carries the message kind (0.7319ms)
gateway-web	Run node city/test-all.mjs	2026-10-04T10:26:45.4375961Z ✔ a safe dismissal is always preferred, even beside a destructive control (1.4214ms)
gateway-web	Run node city/test-all.mjs	2026-10-04T10:26:45.4376418Z ✔ a forbidden contract refuses a destructive confirmation and names the kinds (0.3026ms)
gateway-web	Run node city/test-all.mjs	2026-10-04T10:26:45.4377228Z ✔ a destructive control without a declared matching effect asks the user (0.213ms)
gateway-web	Run node city/test-all.mjs	2026-10-04T10:26:45.4377669Z ✔ a matched effect but no safety authorization still asks the user (0.2208ms)
gateway-web	Run node city/test-all.mjs	2026-10-04T10:26:45.4378784Z ✔ all three conditions together authorize pressing the destructive control (0.2249ms)
gateway-web	Run node city/test-all.mjs	2026-10-04T10:26:45.4379506Z ✔ the kind set is the action kinds, then the control kinds, then the message kind, and the reason lists them all (0.214ms)
gateway-web	Run node city/test-all.mjs	2026-10-04T10:26:45.4380195Z ✔ a positive confirmation needs a declared effect or a declared destructive kind (0.2666ms)
gateway-web	Run node city/test-all.mjs	2026-10-04T10:26:45.4380671Z ✔ a positive confirmation is reached only after the destructive and safe tables (0.1764ms)
gateway-web	Run node city/test-all.mjs	2026-10-04T10:26:45.4381906Z ✔ an acknowledgement is pressed only when the dialog is harmless (0.2652ms)
gateway-web	Run node city/test-all.mjs	2026-10-04T10:26:45.4382347Z ✔ an unclassifiable dialog asks the user and lists the labels it saw (0.2159ms)
gateway-web	Run node city/test-all.mjs	2026-10-04T10:26:45.4382801Z ✔ destructiveAllowed allows everything except an explicit forbidden mode (0.1281ms)
gateway-web	Run node city/test-all.mjs	2026-10-04T10:26:45.4383133Z ✔ isDestructiveKind is the donor vocabulary check (0.165ms)
gateway-web	Run node city/test-all.mjs	2026-10-04T10:26:45.4383657Z ✔ planModal classifies candidates, drops disabled ones and reports the chosen ref (0.2807ms)
gateway-web	Run node city/test-all.mjs	2026-10-04T10:26:45.4384046Z ✔ planModal on an empty input asks the user with the donor reason (0.1815ms)
gateway-web	Run node city/test-all.mjs	2026-10-04T10:26:45.4384510Z ✔ planModal drops every disabled control and reports the surface it chose (0.1939ms)
gateway-web	Run node city/test-all.mjs	2026-10-04T10:26:45.4385130Z ✔ planModal forwards its context, so the destructive decision still needs all three conditions (0.2486ms)
gateway-web	Run node city/test-all.mjs	2026-10-04T10:26:45.4385529Z ✔ CHANNEL_PLANS is the donor plan table, action type by action type (2.2782ms)
gateway-web	Run node city/test-all.mjs	2026-10-04T10:26:45.4385990Z ✔ every plan channel has a capability and a controller, exactly as declared (0.2838ms)
gateway-web	Run node city/test-all.mjs	2026-10-04T10:26:45.4386422Z ✔ fallbackChannels returns a copy, never the frozen plan itself (0.2636ms)
gateway-web	Run node city/test-all.mjs	2026-10-04T10:26:45.4386942Z ✔ channelRank is the index in the donor cost ladder, and the ladder length when unknown (0.1843ms)
gateway-web	Run node city/test-all.mjs	2026-10-04T10:26:45.4387336Z ✔ isBrowserAction matches only BROWSER_ and DOM_ prefixes (0.1801ms)
gateway-web	Run node city/test-all.mjs	2026-10-04T10:26:45.4387733Z ✔ an unknown action type is refused with the donor reason and code (0.3957ms)
gateway-web	Run node city/test-all.mjs	2026-10-04T10:26:45.4388270Z ✔ CLICK resolves to the DOM with the donor reason and an ordered alternative list (0.4653ms)
gateway-web	Run node city/test-all.mjs	2026-10-04T10:26:45.4389208Z ✔ a contract that withholds the winning capability records the refusal and moves on (1.114ms)
gateway-web	Run node city/test-all.mjs	2026-10-04T10:26:45.4389734Z ✔ an unavailable controller is described with the donor label and host reason (0.4112ms)
gateway-web	Run node city/test-all.mjs	2026-10-04T10:26:45.4390240Z ✔ pageReady is not consulted on the api channel: a navigation still routes to the api (0.357ms)
gateway-web	Run node city/test-all.mjs	2026-10-04T10:26:45.4390718Z ✔ a channel that is available but unsuited reports the unsuitability reason (0.4427ms)
gateway-web	Run node city/test-all.mjs	2026-10-04T10:26:45.4391202Z ✔ an unavailable channel is reported before an unsuited one on the same action (0.2151ms)
gateway-web	Run node city/test-all.mjs	2026-10-04T10:26:45.4391838Z ✔ the accessibility channel accepts FOCUS without a resolved point, and CLICK is not in its plan list (0.2536ms)
gateway-web	Run node city/test-all.mjs	2026-10-04T10:26:45.4392180Z ✔ an accessibility node resolves through the ax source (0.1706ms)
gateway-web	Run node city/test-all.mjs	2026-10-04T10:26:45.4392561Z ✔ TYPE prefers the DOM, then accessibility, then coordinates (0.2371ms)
gateway-web	Run node city/test-all.mjs	2026-10-04T10:26:45.4392882Z ✔ point and vision channels carry the donor reasons (0.2473ms)
gateway-web	Run node city/test-all.mjs	2026-10-04T10:26:45.4393486Z ✔ OPEN_APP reaches the shell channel and the api channel is measured against browser availability (0.1356ms)
gateway-web	Run node city/test-all.mjs	2026-10-04T10:26:45.4393925Z ✔ availability entries are available unless explicitly set to false (0.2466ms)
gateway-web	Run node city/test-all.mjs	2026-10-04T10:26:45.4394348Z ✔ every routing reason is the donor string, reached through its own channel (0.4981ms)
gateway-web	Run node city/test-all.mjs	2026-10-04T10:26:45.4394757Z ✔ TYPING_ACTIONS and POINTING_ACTIONS are the donor sets (2.9373ms)
gateway-web	Run node city/test-all.mjs	2026-10-04T10:26:45.4395124Z ✔ the destructive gate classifies a harmless action as allowed (0.7951ms)
gateway-web	Run node city/test-all.mjs	2026-10-04T10:26:45.4395854Z ✔ a destructive action with no contract falls back to confirm and records the exact reason (0.2705ms)
gateway-web	Run node city/test-all.mjs	2026-10-04T10:26:45.4396774Z ✔ a forbidden contract refuses with DESTRUCTIVE_FORBIDDEN and the exact reason (0.2039ms)
gateway-web	Run node city/test-all.mjs	2026-10-04T10:26:45.4397617Z ✔ an allowed contract lets a destructive action through with no confirmation flag (0.2206ms)
gateway-web	Run node city/test-all.mjs	2026-10-04T10:26:45.4398029Z ✔ a shell command is classified by the donor patterns (0.929ms)
gateway-web	Run node city/test-all.mjs	2026-10-04T10:26:45.4398494Z ✔ an action that declares its own destructive kinds keeps them verbatim (0.227ms)
gateway-web	Run node city/test-all.mjs	2026-10-04T10:26:45.4399479Z ✔ the options contract is the fallback when the call carries no contract (0.2189ms)
gateway-web	Run node city/test-all.mjs	2026-10-04T10:26:45.4400493Z ✔ assertActionAllowed throws DESTRUCTIVE_NEEDS_CONFIRMATION when the host supplies no confirm callback (0.8984ms)
gateway-web	Run node city/test-all.mjs	2026-10-04T10:26:45.4401642Z ✔ assertActionAllowed throws DESTRUCTIVE_FORBIDDEN before it ever asks for confirmation (0.4861ms)
gateway-web	Run node city/test-all.mjs	2026-10-04T10:26:45.4402262Z ✔ assertActionAllowed returns the decision for a harmless action and for an already-confirmed one (0.2489ms)
gateway-web	Run node city/test-all.mjs	2026-10-04T10:26:45.4402800Z ✔ the confirmation callback path is ported but no host supplies one (unreachable by construction) (0.3427ms)
gateway-web	Run node city/test-all.mjs	2026-10-04T10:26:45.4403217Z ✔ a refused confirmation throws SAFETY_REFUSED with the donor message (0.2207ms)
gateway-web	Run node city/test-all.mjs	2026-10-04T10:26:45.4403647Z ✔ decisions() is an audit trail of every decision, with the injected clock (0.3211ms)
gateway-web	Run node city/test-all.mjs	2026-10-04T10:26:45.4403942Z ✔ checkWindow skips every non-pointing action (0.1539ms)
gateway-web	Run node city/test-all.mjs	2026-10-04T10:26:45.4404487Z ✔ checkWindow checks ACCESSIBILITY_INVOKE too even though it is not a pointing action (0.2037ms)
gateway-web	Run node city/test-all.mjs	2026-10-04T10:26:45.4405001Z ✔ checkWindow allows the expected foreground window and records its handle as a string (0.0949ms)
gateway-web	Run node city/test-all.mjs	2026-10-04T10:26:45.4405570Z ✔ an unobservable foreground refuses a coordinate click with WINDOW_MISMATCH and the donor reason (0.0775ms)
gateway-web	Run node city/test-all.mjs	2026-10-04T10:26:45.4405917Z ✔ an unobservable world refuses with the same code and reason (0.0834ms)
gateway-web	Run node city/test-all.mjs	2026-10-04T10:26:45.4406387Z ✔ a different foreground window is refused, naming the observed title and pid (0.1146ms)
gateway-web	Run node city/test-all.mjs	2026-10-04T10:26:45.4406780Z ✔ an action with no window expectation skips the foreground check (0.1225ms)
gateway-web	Run node city/test-all.mjs	2026-10-04T10:26:45.4407234Z ✔ the foreground toggle is read from the guard options, never from the call context (0.1771ms)
gateway-web	Run node city/test-all.mjs	2026-10-04T10:26:45.4407630Z ✔ assertWindowAllowed throws the window decision code and details (0.3362ms)
gateway-web	Run node city/test-all.mjs	2026-10-04T10:26:45.4407908Z ✔ checkFocus skips every non-typing action (0.2462ms)
gateway-web	Run node city/test-all.mjs	2026-10-04T10:26:45.4408293Z ✔ a verified focus receipt is trusted without consulting the world (0.1707ms)
gateway-web	Run node city/test-all.mjs	2026-10-04T10:26:45.4408678Z ✔ typing with no target and no focus is refused with FOCUS_MISMATCH (0.1359ms)
gateway-web	Run node city/test-all.mjs	2026-10-04T10:26:45.4409357Z ✔ typing with no target but a focused element is allowed from the world (0.1602ms)
gateway-web	Run node city/test-all.mjs	2026-10-04T10:26:45.4409741Z ✔ a targeted type with no focus is refused, naming the target (0.1219ms)
gateway-web	Run node city/test-all.mjs	2026-10-04T10:26:45.4410152Z ✔ focus on the wrong element is refused with the donor detail fields (0.2563ms)
gateway-web	Run node city/test-all.mjs	2026-10-04T10:26:45.4410503Z ✔ focus on any reference the target resolves to is accepted (0.1005ms)
gateway-web	Run node city/test-all.mjs	2026-10-04T10:26:45.4411050Z ✔ a semantic target resolves refs by name containment, and an unrelated pool cannot prove focus (0.2265ms)
gateway-web	Run node city/test-all.mjs	2026-10-04T10:26:45.4411499Z ✔ the focus toggle is honoured from the guard options, unlike the window toggle (0.1857ms)
gateway-web	Run node city/test-all.mjs	2026-10-04T10:26:45.4411983Z ✔ assertFocusAllowed throws FOCUS_MISMATCH with the focused ref in the details (0.3545ms)
gateway-web	Run node city/test-all.mjs	2026-10-04T10:26:45.4412438Z ✔ inspectModals reports every open blocking dialog with the donor defaults (0.275ms)
gateway-web	Run node city/test-all.mjs	2026-10-04T10:26:45.4412903Z ✔ a dialog is blocking unless it is explicitly blocking:false or open:false (0.1887ms)
gateway-web	Run node city/test-all.mjs	2026-10-04T10:26:45.4413392Z ✔ inspectModals with no dialogs, no world and a non-list dialogs field never blocks (0.0919ms)
gateway-web	Run node city/test-all.mjs	2026-10-04T10:26:45.4413850Z ✔ assertNoBlockingModal throws MODAL_BLOCKING and joins the dialog texts (0.1678ms)
gateway-web	Run node city/test-all.mjs	2026-10-04T10:26:45.4414247Z ✔ redactAction redacts typed text, values, keys, stdin and env keys (0.446ms)
gateway-web	Run node city/test-all.mjs	2026-10-04T10:26:45.4414656Z ✔ redactAction masks single-character keys only for a sensitive action (0.2354ms)
gateway-web	Run node city/test-all.mjs	2026-10-04T10:26:45.4415115Z ✔ redactAction redacts secret-looking parameter keys through redactDetails (0.1225ms)
gateway-web	Run node city/test-all.mjs	2026-10-04T10:26:45.4415580Z ✔ redactAction keeps a harmless action readable and leaves the input untouched (0.1014ms)
gateway-web	Run node city/test-all.mjs	2026-10-04T10:26:45.4415904Z ✔ redactText removes inline secrets and bearer tokens (0.1707ms)
gateway-web	Run node city/test-all.mjs	2026-10-04T10:26:45.4416434Z ✔ matchesWindow is the donor field-by-field comparison (0.146ms)
gateway-web	Run node city/test-all.mjs	2026-10-04T10:26:45.4416916Z ✔ matchesWindow compares class names case-insensitively but handles exactly (0.0808ms)
gateway-web	Run node city/test-all.mjs	2026-10-04T10:26:45.4417362Z ✔ the ladder is the donor ladder: seven kinds, ranks 1..7, labels unchanged (3.3078ms)
gateway-web	Run node city/test-all.mjs	2026-10-04T10:26:45.4417912Z ✔ both target refusals are non-retryable and carry the donor fields (1.0036ms)
gateway-web	Run node city/test-all.mjs	2026-10-04T10:26:45.4418365Z ✔ a string target is trimmed and split between selector and semantic text (0.4544ms)
gateway-web	Run node city/test-all.mjs	2026-10-04T10:26:45.4418769Z ✔ an empty or blank string target is refused with the donor message (0.7422ms)
gateway-web	Run node city/test-all.mjs	2026-10-04T10:26:45.4419246Z ✔ a non-string, non-object, non-array target is refused with the donor message (0.6936ms)
gateway-web	Run node city/test-all.mjs	2026-10-04T10:26:45.4419787Z ✔ an object with no addressing rung is refused with the donor message and the raw target (0.5954ms)
gateway-web	Run node city/test-all.mjs	2026-10-04T10:26:45.4420260Z ✔ selector, dom_selector, page/tab, ref and description survive normalization (0.4794ms)
gateway-web	Run node city/test-all.mjs	2026-10-04T10:26:45.4420739Z ✔ accessibility accepts the raw spellings, the nested form and the ax alias (0.5125ms)
gateway-web	Run node city/test-all.mjs	2026-10-04T10:26:45.4421237Z ✔ a name alone is not an accessibility query: it is a refusal, not a silent semantic match (0.5023ms)
gateway-web	Run node city/test-all.mjs	2026-10-04T10:26:45.4421760Z ✔ bbox accepts the x/y/width/height, left/top and w/h spellings and normalizes the order (0.7724ms)
gateway-web	Run node city/test-all.mjs	2026-10-04T10:26:45.4422149Z ✔ point accepts point, coordinate, coordinates and a bare x/y pair (0.587ms)
gateway-web	Run node city/test-all.mjs	2026-10-04T10:26:45.4422517Z ✔ window accepts a string title or the structured reference (0.3686ms)
gateway-web	Run node city/test-all.mjs	2026-10-04T10:26:45.4423026Z ✔ visual accepts paint, template, template_path and the flat paint/template spellings (0.4605ms)
gateway-web	Run node city/test-all.mjs	2026-10-04T10:26:45.4423704Z ✔ targetKinds reports every addressing mode present, best first (0.2579ms)
gateway-web	Run node city/test-all.mjs	2026-10-04T10:26:45.4424130Z ✔ a window is only a rung of its own when nothing else addresses the target (0.2967ms)
gateway-web	Run node city/test-all.mjs	2026-10-04T10:26:45.4424453Z ✔ rank is the best rung and primaryKind is that same rung (0.2156ms)
gateway-web	Run node city/test-all.mjs	2026-10-04T10:26:45.4424902Z ✔ a candidate list carries the union of its candidates kinds, best first (0.3493ms)
gateway-web	Run node city/test-all.mjs	2026-10-04T10:26:45.4425347Z ✔ describeTarget writes the donor label for every rung and never invents one (0.2855ms)
gateway-web	Run node city/test-all.mjs	2026-10-04T10:26:45.4425998Z ✔ the donor precedence of describeTarget is selector, accessibility, semantic, window, visual, bbox, point (0.1949ms)
gateway-web	Run node city/test-all.mjs	2026-10-04T10:26:45.4426357Z ✔ containsPoint is inclusive on both edges and corners (0.2185ms)
gateway-web	Run node city/test-all.mjs	2026-10-04T10:26:45.4426780Z ✔ centerOf rounds to whole pixels and distance rounds to two decimals (0.2555ms)
gateway-web	Run node city/test-all.mjs	2026-10-04T10:26:45.4427310Z ✔ rung 1: selector resolves from a resolver, from world.controls and from visibleTargets (0.8784ms)
gateway-web	Run node city/test-all.mjs	2026-10-04T10:26:45.4427802Z ✔ rung 2: accessibility resolves by ref, from the ax tree and from the page controls (0.7246ms)
gateway-web	Run node city/test-all.mjs	2026-10-04T10:26:45.4428215Z ✔ rung 3: semantic matches on the concatenated element text and on role (0.4ms)
gateway-web	Run node city/test-all.mjs	2026-10-04T10:26:45.4428666Z ✔ rung 4: window resolves from world.windows through the donor predicate (0.4403ms)
gateway-web	Run node city/test-all.mjs	2026-10-04T10:26:45.4429438Z ✔ rung 5: bbox matches the element containing the rect centre, both edges inclusive (0.3372ms)
gateway-web	Run node city/test-all.mjs	2026-10-04T10:26:45.4429884Z ✔ rung 6: visual is never resolved from world state, only through a resolver (0.3796ms)
gateway-web	Run node city/test-all.mjs	2026-10-04T10:26:45.4430344Z ✔ rung 7: point resolves inside a bbox, then falls back to a synthetic 1x1 target (0.2471ms)
gateway-web	Run node city/test-all.mjs	2026-10-04T10:26:45.4430753Z ✔ the ladder is walked in rank order and every rung is recorded until one hits (0.1737ms)
gateway-web	Run node city/test-all.mjs	2026-10-04T10:26:45.4431284Z ✔ a candidate list is the ladder written by hand: candidates first, in order, then the wrapper (0.2945ms)
gateway-web	Run node city/test-all.mjs	2026-10-04T10:26:45.4431832Z ✔ a resolver that throws degrades the ladder: the reason is recorded and the next rung runs (0.2899ms)
gateway-web	Run node city/test-all.mjs	2026-10-04T10:26:45.4432185Z ✔ an error without a code records its message as the reason (0.1803ms)
gateway-web	Run node city/test-all.mjs	2026-10-04T10:26:45.4432614Z ✔ a missing resolver function degrades to the world state instead of failing (0.2895ms)
gateway-web	Run node city/test-all.mjs	2026-10-04T10:26:45.4433310Z ✔ resolved descriptors carry the donor fields, including the disabled/visible derivation (0.2571ms)
gateway-web	Run node city/test-all.mjs	2026-10-04T10:26:45.4433794Z ✔ resolveTarget refuses a missing target and reports a missing one with the donor message (0.2914ms)
gateway-web	Run node city/test-all.mjs	2026-10-04T10:26:45.4434311Z ✔ the not-found error quotes the donor label and every attempted rung (0.2066ms)
gateway-web	Run node city/test-all.mjs	2026-10-04T10:26:45.4434829Z ✔ a world is optional: an absent world is an empty one, and visibleTargets merge after controls (0.2366ms)
gateway-web	Run node city/test-all.mjs	2026-10-04T10:26:45.4435341Z ✔ matchesAccessibility: substring by default, exact on request, and each field can refuse (0.3384ms)
gateway-web	Run node city/test-all.mjs	2026-10-04T10:26:45.4435827Z ✔ matchesSemantic: text, label, placeholder, name and role, with the donor precedence (0.3031ms)
gateway-web	Run node city/test-all.mjs	2026-10-04T10:26:45.4436387Z ✔ matchesWindow: handle and processId are typed equality, className and title are substrings (0.2474ms)
gateway-web	Run node city/test-all.mjs	2026-10-04T10:26:45.4436872Z ✔ revalidate with no previous or no current resolution reports unknown and missing (0.4824ms)
gateway-web	Run node city/test-all.mjs	2026-10-04T10:26:45.4437465Z ✔ revalidate re-reads the thresholds from whatever it is given, falling back to the donor values (0.6184ms)
gateway-web	Run node city/test-all.mjs	2026-10-04T10:26:45.4437846Z ✔ revalidate: just below, exactly at and just above stablePx (0.1494ms)
gateway-web	Run node city/test-all.mjs	2026-10-04T10:26:45.4438229Z ✔ revalidate: just below, exactly at and just above updatePx (0.1266ms)
gateway-web	Run node city/test-all.mjs	2026-10-04T10:26:45.4438722Z ✔ a beyond-tolerance move is stale for the reason that matches the node identity (0.1059ms)
gateway-web	Run node city/test-all.mjs	2026-10-04T10:26:45.4439205Z ✔ revalidate returns the donor shape for each verdict, with the donor key order (0.1139ms)
gateway-web	Run node city/test-all.mjs	2026-10-04T10:26:45.4439599Z ✔ revalidate uses the bbox centre when a resolution has no point (0.1516ms)
gateway-web	Run node city/test-all.mjs	2026-10-04T10:26:45.4440116Z ✔ revalidate compares node identity, and a different node defaults to the donor threshold (0.1193ms)
gateway-web	Run node city/test-all.mjs	2026-10-04T10:26:45.4440538Z ✔ the different-node rule needs two real refs and follows the caller updatePx (0.1357ms)
gateway-web	Run node city/test-all.mjs	2026-10-04T10:26:45.4441043Z ✔ a resolution with the same identity but no geometry is stable; without identity it is unknown (0.1134ms)
gateway-web	Run node city/test-all.mjs	2026-10-04T10:26:45.4441658Z ✔ DEFECT 1: a semantic target that carries no text, label, name or placeholder describes itself as "undefined" (0.1159ms)
gateway-web	Run node city/test-all.mjs	2026-10-04T10:26:45.4442171Z ✔ DEFECT 2: a semantic-only target with no text fields matches EVERY element the world holds (0.1032ms)
gateway-web	Run node city/test-all.mjs	2026-10-04T10:26:45.4442812Z ✔ DEFECT 3: a candidate wrapper re-walks a candidate kind with no query, and only the predicate stops a false hit (0.341ms)
gateway-web	Run node city/test-all.mjs	2026-10-04T10:26:45.4443409Z ✔ DEFECT 4: the synthetic point box is anchored at the point, so its rounded centre is one pixel away (0.1364ms)
gateway-web	Run node city/test-all.mjs	2026-10-04T10:26:45.4443951Z ✔ DEFECT 5: window.className is equality, not a substring, while window.title is a substring (0.1244ms)
gateway-web	Run node city/test-all.mjs	2026-10-04T10:26:45.4444481Z ✔ DEFECT 6: a beyond-tolerance move without a ref anywhere is reported as a different node (0.1082ms)
gateway-web	Run node city/test-all.mjs	2026-10-04T10:26:45.4444964Z ✔ DEFECT 7: distance() propagates NaN instead of refusing a missing coordinate (0.0818ms)
gateway-web	Run node city/test-all.mjs	2026-10-04T10:26:45.4445552Z ✔ DEFECT 8: Number(null) is 0, so an explicit null threshold is treated as 0 rather than as absent (0.095ms)
gateway-web	Run node city/test-all.mjs	2026-10-04T10:26:45.4446135Z ✔ DEFECT 9: an empty window or visual object is still a rung, because compact() keeps the container (0.3172ms)
gateway-web	Run node city/test-all.mjs	2026-10-04T10:26:45.4446700Z ✔ DEFECT 10: the flat trigger list has a typo that costs `template_path`, and page is never a rung (0.4383ms)
gateway-web	Run node city/test-all.mjs	2026-10-04T10:26:45.4447241Z ✔ DEFECT 11: a truthy non-integer accessibility index is silently dropped, and 0 is kept (0.1759ms)
gateway-web	Run node city/test-all.mjs	2026-10-04T10:26:45.4447901Z ✔ DEFECT 12: a false-named exact is still a substring match, because `exact` needs the boolean true (0.156ms)
gateway-web	Run node city/test-all.mjs	2026-10-04T10:26:45.4448464Z ✔ DEFECT 13: buildResolved prefers an explicit disabled/visible only when that field is present (0.1704ms)
gateway-web	Run node city/test-all.mjs	2026-10-04T10:26:45.4449096Z ✔ DEFECT 14: exact-match accessibility still ignores an empty-string automationId expectation on the node (0.3641ms)
gateway-web	Run node city/test-all.mjs	2026-10-04T10:26:45.4450051Z ✔ MISS_SIGNALS is the donor list, in the donor order, frozen (6.0308ms)
gateway-web	Run node city/test-all.mjs	2026-10-04T10:26:45.4450728Z ✔ PRESERVED DONOR DEFECT: a missing observation returns a `no_observation` signal that is not in MISS_SIGNALS (0.5887ms)
gateway-web	Run node city/test-all.mjs	2026-10-04T10:26:45.4451344Z ✔ controller_reported_noop comes from a failed, retryable receipt or an explicit controller miss (2.0983ms)
gateway-web	Run node city/test-all.mjs	2026-10-04T10:26:45.4452152Z ✔ no_state_change is raised when nothing meaningful moved and the evidence did not move either (4.8036ms)
gateway-web	Run node city/test-all.mjs	2026-10-04T10:26:45.4452648Z ✔ evidence that moved suppresses no_state_change even when no meaningful field did (0.498ms)
gateway-web	Run node city/test-all.mjs	2026-10-04T10:26:45.4453283Z ✔ a failed verification contributes expected_event_missing, focus_unchanged and control_state_unchanged (0.4849ms)
gateway-web	Run node city/test-all.mjs	2026-10-04T10:26:45.4453760Z ✔ focus_unchanged also comes from a focus action that left the focused ref alone (0.408ms)
gateway-web	Run node city/test-all.mjs	2026-10-04T10:26:45.4454349Z ✔ active_element_unchanged is raised for a typing action and is too soft to carry a miss on its own (0.3762ms)
gateway-web	Run node city/test-all.mjs	2026-10-04T10:26:45.4454795Z ✔ visual_identical only carries a miss when the evidence did not move (0.611ms)
gateway-web	Run node city/test-all.mjs	2026-10-04T10:26:45.4455236Z ✔ the confidence ladder is low for no signal, medium for one and high for more (11.6424ms)
gateway-web	Run node city/test-all.mjs	2026-10-04T10:26:45.4455564Z ✔ signals are reported once each, in the donor order (0.5449ms)
gateway-web	Run node city/test-all.mjs	2026-10-04T10:26:45.4455922Z ✔ detectMiss is deterministic across two identical calls (0.5493ms)
gateway-web	Run node city/test-all.mjs	2026-10-04T10:26:45.4456493Z ✔ PRESERVED DONOR DEFECT: a controller without a probe() is reported unavailable even when snapshot() works (5.7837ms)
gateway-web	Run node city/test-all.mjs	2026-10-04T10:26:45.4457024Z ✔ a probe that throws or answers available:false skips the source without an error record (1.29ms)
gateway-web	Run node city/test-all.mjs	2026-10-04T10:26:45.4457549Z ✔ a snapshot that throws degrades the source, records a note and lands in the error ring (0.7977ms)
gateway-web	Run node city/test-all.mjs	2026-10-04T10:26:45.4457991Z ✔ a source that exceeds the window is reported unavailable with the donor message (30.6842ms)
gateway-web	Run node city/test-all.mjs	2026-10-04T10:26:45.4458427Z ✔ a snapshot returning null or undefined is an unavailable source, not a crash (0.7259ms)
gateway-web	Run node city/test-all.mjs	2026-10-04T10:26:45.4458789Z ✔ the accessibility walk is opt-out through context.ax (0.6918ms)
gateway-web	Run node city/test-all.mjs	2026-10-04T10:26:45.4459269Z ✔ system events are computed from consecutive observations and accumulate until drained (1.5342ms)
gateway-web	Run node city/test-all.mjs	2026-10-04T10:26:45.4459798Z ✔ file events join the system events, and a broken file controller degrades the system source (1.1034ms)
gateway-web	Run node city/test-all.mjs	2026-10-04T10:26:45.4460230Z ✔ watchFile pushes watched events into the stream and calls the callback (0.5959ms)
gateway-web	Run node city/test-all.mjs	2026-10-04T10:26:45.4460737Z ✔ the observer passes the world its sources produced, including their notes and sources map (1.0737ms)
gateway-web	Run node city/test-all.mjs	2026-10-04T10:26:45.4461220Z ✔ with no clock injected the world is stamped with the port default, not the wall clock (1.0197ms)
gateway-web	Run node city/test-all.mjs	2026-10-04T10:26:45.4461724Z ✔ the observation is deterministic across two identical calls with the same injected clock (0.882ms)
gateway-web	Run node city/test-all.mjs	2026-10-04T10:26:45.4462232Z ✔ PROGRESS_KINDS, PROGRESS_KIND_LIST and EVIDENCE_KINDS are the donor vocabulary, frozen (2.6275ms)
gateway-web	Run node city/test-all.mjs	2026-10-04T10:26:45.4462869Z ✔ verified-effect is accepted only on a success verdict whose evidence kind proves the effect landed (0.8454ms)
gateway-web	Run node city/test-all.mjs	2026-10-04T10:26:45.4463567Z ✔ PRESERVED DONOR DEFECT: the verified-effect claim reads `detail.kind`, never the verifier's `verificationKind` (0.2815ms)
gateway-web	Run node city/test-all.mjs	2026-10-04T10:26:45.4463847Z ✔ an unknown progress kind is refused (0.379ms)
gateway-web	Run node city/test-all.mjs	2026-10-04T10:26:45.4464367Z ✔ subprocess-exit needs an exit, and an exit without a code only counts when signalled (0.2374ms)
gateway-web	Run node city/test-all.mjs	2026-10-04T10:26:45.4464866Z ✔ file-operation needs `verified: true`, and criteria-satisfied needs `satisfied: true` (0.2453ms)
gateway-web	Run node city/test-all.mjs	2026-10-04T10:26:45.4465308Z ✔ state-transition needs a state, and refuses a state the run was already in (0.2533ms)
gateway-web	Run node city/test-all.mjs	2026-10-04T10:26:45.4465833Z ✔ a heartbeat and an issued action are never progress; only progress() moves lastProgressAt (0.4963ms)
gateway-web	Run node city/test-all.mjs	2026-10-04T10:26:45.4466318Z ✔ status reports the stall-facing view, falling back to lastActionAt before any progress (0.3531ms)
gateway-web	Run node city/test-all.mjs	2026-10-04T10:26:45.4467028Z ✔ noOp counts a repeated identical signature and flags repetition at the repeat window (0.5234ms)
gateway-web	Run node city/test-all.mjs	2026-10-04T10:26:45.4467506Z ✔ recorded progress clears the no-op streak and forgets the last no-op signature (0.2456ms)
gateway-web	Run node city/test-all.mjs	2026-10-04T10:26:45.4468021Z ✔ history is a bounded copy of the ring, defaulting to 200 records (0.5095ms)
gateway-web	Run node city/test-all.mjs	2026-10-04T10:26:45.4468539Z ✔ with no clock injected the tracker records null instants instead of reading the wall clock (0.2333ms)
gateway-web	Run node city/test-all.mjs	2026-10-04T10:26:45.4469162Z ✔ progress counts only verified effects: a failed or unproven verification never advances progress (2.4071ms)
gateway-web	Run node city/test-all.mjs	2026-10-04T10:26:45.4469977Z ✔ the tracker is deterministic across two identical runs with the same injected clock (0.23ms)
gateway-web	Run node city/test-all.mjs	2026-10-04T10:26:45.4470496Z ✔ a controller that reported failure settles the verdict without reading the world (16.3883ms)
gateway-web	Run node city/test-all.mjs	2026-10-04T10:26:45.4470933Z ✔ with no declared effect: a first observation is unknown, never a success (6.8151ms)
gateway-web	Run node city/test-all.mjs	2026-10-04T10:26:45.4471572Z ✔ with no declared effect: the DOM revision is evidence for the digest but is deliberately not a meaningful field (9.3637ms)
gateway-web	Run node city/test-all.mjs	2026-10-04T10:26:45.4472100Z ✔ with no declared effect: a missing observation on either side is unknown, never a verdict (0.9624ms)
gateway-web	Run node city/test-all.mjs	2026-10-04T10:26:45.4472658Z ✔ with no declared effect: receipt signals are appended and receipt.changed can carry the verdict (4.9095ms)
gateway-web	Run node city/test-all.mjs	2026-10-04T10:26:45.4473038Z ✔ any mode: one observed effect is success, none observed is failure (5.7999ms)
gateway-web	Run node city/test-all.mjs	2026-10-04T10:26:45.4473550Z ✔ any mode: unknown only when nothing at all was checkable, otherwise a checked failure wins (0.4015ms)
gateway-web	Run node city/test-all.mjs	2026-10-04T10:26:45.4473994Z ✔ all mode is declared by expectedEffect.mode, not by the `all` key alone (0.9415ms)
gateway-web	Run node city/test-all.mjs	2026-10-04T10:26:45.4474525Z ✔ the declared mode wins over the action default, and neither beats an explicit effectMode (4.8947ms)
gateway-web	Run node city/test-all.mjs	2026-10-04T10:26:45.4475013Z ✔ the dominant kind follows the donor order, and a failed effect keeps its kind (1.0821ms)
gateway-web	Run node city/test-all.mjs	2026-10-04T10:26:45.4475490Z ✔ an effect shape the donor does not know is unknown and names its keys (0.4772ms)
gateway-web	Run node city/test-all.mjs	2026-10-04T10:26:45.4476332Z ✔ PRESERVED DONOR DEFECT: collectEffects reads `any`/`all` as arrays only, so an effectMode of `all` over a non-array declaration checks nothing (0.4293ms)
gateway-web	Run node city/test-all.mjs	2026-10-04T10:26:45.4477311Z ✔ PRESERVED DONOR DEFECT: target_appears/target_disappears always report "could not be located" because the donor calls targetPresent(action, after) (0.4713ms)
gateway-web	Run node city/test-all.mjs	2026-10-04T10:26:45.4477890Z ✔ implied state: FOCUS and SWITCH_WINDOW are verified against the window that is in front (0.4889ms)
gateway-web	Run node city/test-all.mjs	2026-10-04T10:26:45.4478484Z ✔ implied state: a window action without a target window falls through to the world-change check (0.3707ms)
gateway-web	Run node city/test-all.mjs	2026-10-04T10:26:45.4478904Z ✔ implied state: CLOSE_WINDOW is verified by the window being gone (0.3831ms)
gateway-web	Run node city/test-all.mjs	2026-10-04T10:26:45.4479508Z ✔ effect: event is found by type or name, failed without an observation, unknown with no after world (0.2166ms)
gateway-web	Run node city/test-all.mjs	2026-10-04T10:26:45.4479984Z ✔ effect: dom_mutated compares the DOM revision, and needs one on both sides (0.1707ms)
gateway-web	Run node city/test-all.mjs	2026-10-04T10:26:45.4480554Z ✔ effect: navigation and url_changed compare URLs, and url_matches is a lowercase substring (0.3043ms)
gateway-web	Run node city/test-all.mjs	2026-10-04T10:26:45.4481183Z ✔ effect: toast and text_appears read controls, the accessibility tree, then the DOM (0.9161ms)
gateway-web	Run node city/test-all.mjs	2026-10-04T10:26:45.4481791Z ✔ effect: text_disappears is ok when the text is gone, failed while it is visible (0.2173ms)
gateway-web	Run node city/test-all.mjs	2026-10-04T10:26:45.4482367Z ✔ effect: control_state_changed compares the target control field by field (1.6764ms)
gateway-web	Run node city/test-all.mjs	2026-10-04T10:26:45.4482956Z ✔ effect: value_equals prefers the focused element value, then the target control value (0.7006ms)
gateway-web	Run node city/test-all.mjs	2026-10-04T10:26:45.4483494Z ✔ effect: checked_equals reads the checkbox state and is unknown without one (0.4763ms)
gateway-web	Run node city/test-all.mjs	2026-10-04T10:26:45.4484001Z ✔ effect: focus_changed and window_changed compare the two observations (0.2863ms)
gateway-web	Run node city/test-all.mjs	2026-10-04T10:26:45.4484496Z ✔ effect: file facts are unknown without the controller and otherwise answered (1.206ms)
gateway-web	Run node city/test-all.mjs	2026-10-04T10:26:45.4485133Z ✔ effect: process facts read the recorded shell result (0.5947ms)
gateway-web	Run node city/test-all.mjs	2026-10-04T10:26:45.4485647Z ✔ effect: visual_change needs the vision controller and can answer unknown (1.2447ms)
gateway-web	Run node city/test-all.mjs	2026-10-04T10:26:45.4486314Z ✔ findControl resolves a target by ref, selector, semantic text or accessibility name (0.2352ms)
gateway-web	Run node city/test-all.mjs	2026-10-04T10:26:45.4486998Z ✔ PRESERVED DONOR DEFECT: targetPresent only answers null when the world has no controls AND no ax array (0.1756ms)
gateway-web	Run node city/test-all.mjs	2026-10-04T10:26:45.4487512Z ✔ verifyFactsFrom digests the state with the same evidence digest (0.5191ms)
gateway-web	Run node city/test-all.mjs	2026-10-04T10:26:45.4488015Z ✔ the verdict is always one of exactly three values and every call is deterministic (0.4519ms)
gateway-web	Run node city/test-all.mjs	2026-10-04T10:26:45.4488406Z ✔ the injected clock is the only source of checkedAt (0.3116ms)
gateway-web	Run node city/test-all.mjs	2026-10-04T10:26:45.4488933Z ✔ the pinned world carries the donor shape: foreground, targets, sources, notes (5.3735ms)
gateway-web	Run node city/test-all.mjs	2026-10-04T10:26:45.4489455Z ✔ the pinned world digest is the donor sha1 of the pinned stable string, 16 characters (0.65ms)
gateway-web	Run node city/test-all.mjs	2026-10-04T10:26:45.4490362Z ✔ the donor-hash world pins the donor signature and the donor evidence digest (0.3517ms)
gateway-web	Run node city/test-all.mjs	2026-10-04T10:26:45.4491000Z ✔ with no injected digest the port computes the donor sha1, and an injected digest replaces it (0.6844ms)
gateway-web	Run node city/test-all.mjs	2026-10-04T10:26:45.4491622Z ✔ stableStringify sorts object keys, keeps array order and renders null and undefined alike (0.2384ms)
gateway-web	Run node city/test-all.mjs	2026-10-04T10:26:45.4492193Z ✔ signatureOf is the donor sha1 truncated to 16 characters and survives a failing digest (0.2918ms)
gateway-web	Run node city/test-all.mjs	2026-10-04T10:26:45.4492703Z ✔ a missing captured time takes the port default instead of the wall clock (1.0864ms)
gateway-web	Run node city/test-all.mjs	2026-10-04T10:26:45.4504406Z ✔ a missing source is recorded as unavailable with its reason, never replaced by a guess (0.3328ms)
gateway-web	Run node city/test-all.mjs	2026-10-04T10:26:45.4505373Z ✔ ax falls back from browser to desktop, controls are filtered, dialogs are concatenated (0.5393ms)
gateway-web	Run node city/test-all.mjs	2026-10-04T10:26:45.4514835Z ✔ the foreground window is taken from desktop.foreground or from the first foreground window (0.8638ms)
gateway-web	Run node city/test-all.mjs	2026-10-04T10:26:45.4515386Z ✔ a focused ref with no matching control is described by ref alone (0.6686ms)
gateway-web	Run node city/test-all.mjs	2026-10-04T10:26:45.4515858Z ✔ computeConfidence follows the donor weights and rounds to two places (0.7103ms)
gateway-web	Run node city/test-all.mjs	2026-10-04T10:26:45.4516351Z ✔ meaningfulChange reports a first observation and a lost observation (0.689ms)
gateway-web	Run node city/test-all.mjs	2026-10-04T10:26:45.4516793Z ✔ meaningfulChange reports no change for two identical observations (0.4995ms)
gateway-web	Run node city/test-all.mjs	2026-10-04T10:26:45.4517400Z ✔ every MEANINGFUL_FIELDS member is a boundary: changing it alone is the only reported change (7.0275ms)
gateway-web	Run node city/test-all.mjs	2026-10-04T10:26:45.4517819Z ✔ MEANINGFUL_FIELDS is the donor list, in the donor order, frozen (0.5928ms)
gateway-web	Run node city/test-all.mjs	2026-10-04T10:26:45.4518542Z ✔ PRESERVED DONOR DEFECT: the world never populates lastActionType/lastActionResult, so lastAction is invisible to meaningfulChange (0.3848ms)
gateway-web	Run node city/test-all.mjs	2026-10-04T10:26:45.4519101Z ✔ meaningfulChange compares fields individually, and undefined against a value is a change (0.372ms)
gateway-web	Run node city/test-all.mjs	2026-10-04T10:26:45.4519776Z ✔ meaningfulChange ignores DOM revision churn, which evidenceDigest does not (0.8587ms)
gateway-web	Run node city/test-all.mjs	2026-10-04T10:26:45.4520222Z ✔ evidenceDigest follows the event stream and the focused value, and is null without a world (0.508ms)
gateway-web	Run node city/test-all.mjs	2026-10-04T10:26:45.4520466Z ✔ two identical calls build the same world and the same digest (0.7609ms)
gateway-web	Run node city/test-all.mjs	2026-10-04T10:26:45.4520772Z ✔ parts.notes is copied and capped at 20, summarizeWorldState caps its notes at 5 (0.3601ms)
gateway-web	Run node city/test-all.mjs	2026-10-04T10:26:45.4521058Z ✔ summarizeWorldState is the compact donor summary, and null for no world (0.543ms)
gateway-web	Run node city/test-all.mjs	2026-10-04T10:26:45.4521320Z ✔ discardWorldState returns the summary and empties the world in place (0.385ms)
gateway-web	Run node city/test-all.mjs	2026-10-04T10:26:45.4521654Z ✔ a world with every source degraded still records what it can, and its confidence says so (0.2387ms)
gateway-web	Run node city/test-all.mjs	2026-10-04T10:26:45.4521936Z ✔ the real manifest describes exactly the districts and modules that exist (7.6612ms)
gateway-web	Run node city/test-all.mjs	2026-10-04T10:26:45.4522150Z ✔ the manifest and the city tree agree on what exists (4.6028ms)
gateway-web	Run node city/test-all.mjs	2026-10-04T10:26:45.4522511Z ✔ mission-book incubators are named and provenanced, and Room Pack incubators are not disguised (1.5581ms)
gateway-web	Run node city/test-all.mjs	2026-10-04T10:26:45.4522890Z ✔ a mission-book migration incubator proves a donor; a programme-task incubator proves it has none (12.4393ms)
gateway-web	Run node city/test-all.mjs	2026-10-04T10:26:45.4523372Z ✔ the manifest rejects malformed hierarchy, paths and lifecycles (4.3446ms)
gateway-web	Run node city/test-all.mjs	2026-10-04T10:26:45.4523676Z ✔ module directories and lifecycles must not contradict each other (20.3322ms)
gateway-web	Run node city/test-all.mjs	2026-10-04T10:26:45.4523931Z ✔ loadManifest reports an unreadable manifest instead of guessing (4.114ms)
gateway-web	Run node city/test-all.mjs	2026-10-04T10:26:45.4524167Z ✔ city/test-all.mjs discovers module tests without shell globs (17.5212ms)
gateway-web	Run node city/test-all.mjs	2026-10-04T10:26:45.4524261Z ℹ tests 1984
gateway-web	Run node city/test-all.mjs	2026-10-04T10:26:45.4524338Z ℹ suites 3
gateway-web	Run node city/test-all.mjs	2026-10-04T10:26:45.4524430Z ℹ pass 1970
gateway-web	Run node city/test-all.mjs	2026-10-04T10:26:45.4524515Z ℹ fail 0
gateway-web	Run node city/test-all.mjs	2026-10-04T10:26:45.4524592Z ℹ cancelled 0
gateway-web	Run node city/test-all.mjs	2026-10-04T10:26:45.4524741Z ℹ skipped 14
gateway-web	Run node city/test-all.mjs	2026-10-04T10:26:45.4524858Z ℹ todo 0
gateway-web	Run node city/test-all.mjs	2026-10-04T10:26:45.4524999Z ℹ duration_ms 23281.2825
gateway-web	Run pnpm check:docs	﻿2026-10-04T10:26:45.4949908Z ##[group]Run pnpm check:docs
gateway-web	Run pnpm check:docs	2026-10-04T10:26:45.4950107Z ^[[36;1mpnpm check:docs^[[0m
gateway-web	Run pnpm check:docs	2026-10-04T10:26:45.5022279Z shell: C:\Program Files\PowerShell\7\pwsh.EXE -command ". '{0}'"
gateway-web	Run pnpm check:docs	2026-10-04T10:26:45.5022372Z env:
gateway-web	Run pnpm check:docs	2026-10-04T10:26:45.5022522Z   PNPM_HOME: C:\Users\runneradmin\setup-pnpm\node_modules\.bin
gateway-web	Run pnpm check:docs	2026-10-04T10:26:45.5022588Z ##[endgroup]
gateway-web	Run pnpm check:docs	2026-10-04T10:26:46.1139636Z $ node scripts/check-bilingual.mjs
gateway-web	Run pnpm check:docs	2026-10-04T10:26:46.1734000Z docs: PAIR_STATUS = SYNCHRONIZED
gateway-web	Run pnpm check:docs	2026-10-04T10:26:46.1788844Z evidence: PAIR_STATUS = SYNCHRONIZED
gateway-web	Run pnpm check:docs	2026-10-04T10:26:46.1805912Z data-records: PAIR_STATUS = SYNCHRONIZED
gateway-web	Post Run pnpm/action-setup@v4	﻿2026-10-04T10:26:46.3186084Z Post job cleanup.
gateway-web	Post Run pnpm/action-setup@v4	2026-10-04T10:26:46.4671606Z Pruning is unnecessary.
gateway-web	Post Run actions/setup-node@v4	﻿2026-10-04T10:26:46.4907277Z Post job cleanup.
gateway-web	Post Run actions/setup-node@v4	2026-10-04T10:26:46.6195475Z (node:6412) [DEP0040] DeprecationWarning: The `punycode` module is deprecated. Please use a userland alternative instead.
gateway-web	Post Run actions/setup-node@v4	2026-10-04T10:26:46.6196265Z (Use `node --trace-deprecation ...` to show where the warning was created)
gateway-web	Post Run actions/checkout@v4	﻿2026-10-04T10:26:46.6478092Z Post job cleanup.
gateway-web	Post Run actions/checkout@v4	2026-10-04T10:26:46.7954253Z [command]"C:\Program Files\Git\bin\git.exe" version
gateway-web	Post Run actions/checkout@v4	2026-10-04T10:26:46.8204549Z git version 2.55.0.windows.5
gateway-web	Post Run actions/checkout@v4	2026-10-04T10:26:46.8259147Z Temporarily overriding HOME='D:\a\_temp\8537f783-05ae-4e02-ac1f-e29a7254eab2' before making global git config changes
gateway-web	Post Run actions/checkout@v4	2026-10-04T10:26:46.8260209Z Adding repository directory to the temporary git global config as a safe directory
gateway-web	Post Run actions/checkout@v4	2026-10-04T10:26:46.8269874Z [command]"C:\Program Files\Git\bin\git.exe" config --global --add safe.directory D:\a\utopia\utopia
gateway-web	Post Run actions/checkout@v4	2026-10-04T10:26:46.8565916Z [command]"C:\Program Files\Git\bin\git.exe" config --local --name-only --get-regexp core\.sshCommand
gateway-web	Post Run actions/checkout@v4	2026-10-04T10:26:46.8825027Z [command]"C:\Program Files\Git\bin\git.exe" submodule foreach --recursive "sh -c \"git config --local --name-only --get-regexp 'core\.sshCommand' && git config --local --unset-all 'core.sshCommand' || :\""
gateway-web	Post Run actions/checkout@v4	2026-10-04T10:26:47.2675985Z [command]"C:\Program Files\Git\bin\git.exe" config --local --name-only --get-regexp http\.https\:\/\/github\.com\/\.extraheader
gateway-web	Post Run actions/checkout@v4	2026-10-04T10:26:47.2879044Z http.https://github.com/.extraheader
gateway-web	Post Run actions/checkout@v4	2026-10-04T10:26:47.2911899Z [command]"C:\Program Files\Git\bin\git.exe" config --local --unset-all http.https://github.com/.extraheader
gateway-web	Post Run actions/checkout@v4	2026-10-04T10:26:47.3153425Z [command]"C:\Program Files\Git\bin\git.exe" submodule foreach --recursive "sh -c \"git config --local --name-only --get-regexp 'http\.https\:\/\/github\.com\/\.extraheader' && git config --local --unset-all 'http.https://github.com/.extraheader' || :\""
gateway-web	Post Run actions/checkout@v4	2026-10-04T10:26:47.6866825Z [command]"C:\Program Files\Git\bin\git.exe" config --local --name-only --get-regexp ^includeIf\.gitdir:
gateway-web	Post Run actions/checkout@v4	2026-10-04T10:26:47.7111963Z [command]"C:\Program Files\Git\bin\git.exe" submodule foreach --recursive "git config --local --show-origin --name-only --get-regexp remote.origin.url"
gateway-web	Complete job	﻿2026-10-04T10:26:48.1060872Z Cleaning up orphan processes
gateway-web	Complete job	2026-10-04T10:26:48.1524952Z ##[warning]Node.js 20 is deprecated. The following actions target Node.js 20 but are being forced to run on Node.js 24: actions/checkout@v4, actions/setup-node@v4, pnpm/action-setup@v4. For more information see: https://github.blog/changelog/2025-09-19-deprecation-of-node-20-on-github-actions-runners/
